Comune;Provincia;Regione;Nome;Anno inserimento;Data e ora inserimento;Identificatore in OpenStreetMap;Longitudine;Latitudine;
ALTRO;ALTRO;ALTRO;;2011;2011-06-25T23:17:43Z;1339088150;13.733.257;455.758.303;
ALTRO;ALTRO;ALTRO;Lenny's Pub;2011;2011-07-29T17:22:56Z;1375887295;124.186.811;467.475.835.999.999;
ALTRO;ALTRO;ALTRO;Murrayfield Pub;2015;2015-10-24T09:28:06Z;3323888102;902.958.469.999.999;458.313.400.999.999;
ALTRO;ALTRO;ALTRO;Snop?e;2010;2010-09-22T08:32:52Z;921157802;136.409.389;459.546.065.999.999;
ALA DI STURA;CITTA' METROPOLITANA DI TORINO;Piemonte;;2012;2012-05-21T14:28:45Z;1760949034;73.073.057;453.131.498.999.999;
BANCHETTE;CITTA' METROPOLITANA DI TORINO;Piemonte;Pub Sheerwood;2014;2014-02-04T19:29:54Z;1876542080;78.551.233;454.527.204.999.999;
BARDONECCHIA;CITTA' METROPOLITANA DI TORINO;Piemonte;;2015;2015-08-17T08:56:08Z;3700735146;67.089.579;450.776.309.999.999;
CAMBIANO;CITTA' METROPOLITANA DI TORINO;Piemonte;Walter's Pub;2012;2012-09-28T10:47:19Z;1936592331;77.633.976;44.972.413;
CAREMA;CITTA' METROPOLITANA DI TORINO;Piemonte;;2012;2012-02-15T19:04:17Z;1632852925;78.040.071;455.863.822.999.999;
CARIGNANO;CITTA' METROPOLITANA DI TORINO;Piemonte;I rubinetti;2016;2016-02-08T23:56:28Z;3996476429;76.748.871;449.068.159.999.999;
CERES;CITTA' METROPOLITANA DI TORINO;Piemonte;Al Vecchio Campanile;2012;2012-05-21T08:54:35Z;1756203588;73.887.335;453.153.689;
CESANA TORINESE;CITTA' METROPOLITANA DI TORINO;Piemonte;Pig Steack House;2015;2015-01-22T13:09:52Z;3304134316;67.911.903;449.520.976;
CHIERI;CITTA' METROPOLITANA DI TORINO;Piemonte;;2012;2012-05-03T21:10:50Z;1739742873;78.217.643;450.106.401.999.999;
CHIERI;CITTA' METROPOLITANA DI TORINO;Piemonte;;2016;2016-02-09T16:31:57Z;1739770908;78.173.708;450.096.617;
CHIERI;CITTA' METROPOLITANA DI TORINO;Piemonte;;2016;2016-02-10T15:16:15Z;1739742869;78.199.189;450.104.733;
CHIVASSO;CITTA' METROPOLITANA DI TORINO;Piemonte;Cafè Racer Shop;2014;2014-11-11T16:23:16Z;582148450;78.928.781;45.195.449;
CINZANO;CITTA' METROPOLITANA DI TORINO;Piemonte;Bucaniers;2010;2010-01-24T20:19:09Z;618932731;79.260.656;450.954.476;
CLAVIERE;CITTA' METROPOLITANA DI TORINO;Piemonte;Stella Alpini;2012;2012-01-15T09:51:59Z;1590396043;67.497.537;44.938.738;
FOGLIZZO;CITTA' METROPOLITANA DI TORINO;Piemonte;Bounty RistoPub;2014;2014-03-06T15:29:42Z;2704122403;78.216.443;452.712.476;
GIAGLIONE;CITTA' METROPOLITANA DI TORINO;Piemonte;Mickye Mouse;2015;2015-04-22T18:46:07Z;3425389622;70.128.387;451.395.513;
IVREA;CITTA' METROPOLITANA DI TORINO;Piemonte;Ponte Vecchio;2014;2014-01-29T16:06:27Z;1892958250;78.711.875;454.648.473;
MATTIE;CITTA' METROPOLITANA DI TORINO;Piemonte;;2013;2013-07-27T11:33:37Z;2398232105;71.297.558;451.201.569.999.999;
MOMPANTERO;CITTA' METROPOLITANA DI TORINO;Piemonte;Diamond Cave;2015;2015-02-19T12:06:42Z;3359329146;70.423.195;451.465.596;
MONCALIERI;CITTA' METROPOLITANA DI TORINO;Piemonte;BEFeD Moncalieri;2013;2013-09-03T14:06:05Z;2214951950;77.074.804;449.765.874;
MONCALIERI;CITTA' METROPOLITANA DI TORINO;Piemonte;The Karryman;2015;2015-04-11T20:51:54Z;3451125833;76.705.818;450.020.338;
ORBASSANO;CITTA' METROPOLITANA DI TORINO;Piemonte;New Duke;2015;2015-12-02T18:57:48Z;3845631121;75.379.415;450.055.796.999.999;
PEROSA ARGENTINA;CITTA' METROPOLITANA DI TORINO;Piemonte;;2012;2012-07-30T09:36:33Z;444582881;71.906.045;44.958.174;
PIANEZZA;CITTA' METROPOLITANA DI TORINO;Piemonte;Jamaika;2015;2015-11-02T10:50:45Z;3120624922;75.544.301;451.070.502.999.999;
PINEROLO;CITTA' METROPOLITANA DI TORINO;Piemonte;Il Borgo Antico;2013;2013-06-06T19:28:34Z;2334715265;73.317;448.864.851;
PINEROLO;CITTA' METROPOLITANA DI TORINO;Piemonte;Le Cantine Stevenson;2015;2015-02-14T19:28:10Z;3350551721;7.331.825;448.842.472.999.999;
PINEROLO;CITTA' METROPOLITANA DI TORINO;Piemonte;Lennon;2015;2015-02-14T19:23:19Z;3350544350;73.284.066;448.853.221;
PINEROLO;CITTA' METROPOLITANA DI TORINO;Piemonte;Remembeer;2015;2015-02-14T19:30:43Z;3350553894;73.293.739;448.857.615;
PINEROLO;CITTA' METROPOLITANA DI TORINO;Piemonte;Sailor's Pub;2015;2015-02-14T21:40:08Z;3350729819;73.358.859;448.851.573.999.999;
PINEROLO;CITTA' METROPOLITANA DI TORINO;Piemonte;Vicolo Corto;2015;2015-02-15T17:58:40Z;3352544288;73.274.646;448.853.754;
PIVERONE;CITTA' METROPOLITANA DI TORINO;Piemonte;La Kascina RistoPub;2014;2014-05-07T19:35:10Z;2842664256;802.225.559.999.999;454.327.836;
RIVAROLO CANAVESE;CITTA' METROPOLITANA DI TORINO;Piemonte;MaiALetto;2012;2012-11-11T21:52:46Z;2009644715;77.189.977;453.347.150.999.999;
RIVOLI;CITTA' METROPOLITANA DI TORINO;Piemonte;Mister Gipson Pub;2013;2013-12-06T08:21:45Z;1790184748;75.443.756;450.744.696;
RIVOLI;CITTA' METROPOLITANA DI TORINO;Piemonte;Pub Marconi;2014;2014-03-27T14:07:42Z;2747514307;75.113.073;4.506.779;
RIVOLI;CITTA' METROPOLITANA DI TORINO;Piemonte;Saint George Music Pub;2014;2014-09-25T21:25:02Z;1790180324;75.466.882;450.712.959.999.999;
ROSTA;CITTA' METROPOLITANA DI TORINO;Piemonte;La Brigata del Birraio;2014;2014-06-20T13:23:58Z;2924694941;74.708.606;450.842.602.999.999;
SAN SECONDO DI PINEROLO;CITTA' METROPOLITANA DI TORINO;Piemonte;Ristopub al Centodue;2013;2013-03-24T20:44:45Z;2219493923;72.989.409;448.655.722;
SAUZE D'OULX;CITTA' METROPOLITANA DI TORINO;Piemonte;;2013;2013-06-15T09:09:51Z;2345285715;68.583.078;450.271.649.999.999;
SUSA;CITTA' METROPOLITANA DI TORINO;Piemonte;Panacea;2014;2014-03-20T10:49:57Z;2728496112;70.467.064;451.353.821;
TORINO;CITTA' METROPOLITANA DI TORINO;Piemonte;;2011;2011-04-14T16:47:00Z;1244536709;76.719.631;450.450.226;
TORINO;CITTA' METROPOLITANA DI TORINO;Piemonte;;2014;2014-06-04T16:47:24Z;2899384621;77.136.849;450.904.371.999.999;
TORINO;CITTA' METROPOLITANA DI TORINO;Piemonte;;2015;2015-04-15T17:17:22Z;3457858574;76.761.013;450.431.571;
TORINO;CITTA' METROPOLITANA DI TORINO;Piemonte;Ambharabar;2015;2015-12-12T10:49:45Z;3888902054;76.835.006;450.789.516.999.999;
TORINO;CITTA' METROPOLITANA DI TORINO;Piemonte;Beppe's Pub;2011;2011-11-02T13:23:49Z;1244536754;76.747.097;450.458.260.999.999;
TORINO;CITTA' METROPOLITANA DI TORINO;Piemonte;Biberon;2013;2013-06-01T07:17:45Z;1334596052;76.806.877;450.584.478;
TORINO;CITTA' METROPOLITANA DI TORINO;Piemonte;Big Mama;2011;2011-10-18T12:38:33Z;320909614;76.981.084;450.617.036;
TORINO;CITTA' METROPOLITANA DI TORINO;Piemonte;Birreria Don Giovanni;2014;2014-10-24T19:12:55Z;3147953790;76.460.188;450.453.959;
TORINO;CITTA' METROPOLITANA DI TORINO;Piemonte;Birreria Petrarca;2015;2015-01-10T08:44:05Z;3279911659;76.757.122;45.049.664;
TORINO;CITTA' METROPOLITANA DI TORINO;Piemonte;Birrificio La Piazza;2012;2012-05-03T12:37:56Z;1233352398;76.595.882;450.819.197;
TORINO;CITTA' METROPOLITANA DI TORINO;Piemonte;Birrificio San Paolo;2013;2013-12-05T16:45:37Z;1739196541;7.649.253;450.561.951.999.999;
TORINO;CITTA' METROPOLITANA DI TORINO;Piemonte;Birrificio Torino;2011;2011-11-02T13:13:22Z;1234453071;76.931.751;450.781.245;
TORINO;CITTA' METROPOLITANA DI TORINO;Piemonte;Buck's Sportcafè;2013;2013-04-26T19:31:48Z;2282387737;76.774.625;450.652.041;
TORINO;CITTA' METROPOLITANA DI TORINO;Piemonte;Cafè Neruda;2011;2011-11-02T13:07:14Z;1464809930;76.757.951;450.915.814.999.999;
TORINO;CITTA' METROPOLITANA DI TORINO;Piemonte;Caffrey's;2015;2015-03-20T13:00:37Z;3408835716;76.720.646;450.547.528.999.999;
TORINO;CITTA' METROPOLITANA DI TORINO;Piemonte;Connery;2015;2015-12-02T18:57:48Z;3849336672;76.386.677;450.698.316;
TORINO;CITTA' METROPOLITANA DI TORINO;Piemonte;Corvo Rosso;2011;2011-11-02T13:07:15Z;1464819137;76.720.083;450.959.425;
TORINO;CITTA' METROPOLITANA DI TORINO;Piemonte;Damadama;2011;2011-06-21T15:41:23Z;1333701145;76.829.733;450.586.954.999.999;
TORINO;CITTA' METROPOLITANA DI TORINO;Piemonte;DDR;2014;2014-12-07T21:38:38Z;3224067524;76.801.488;45.059.531;
TORINO;CITTA' METROPOLITANA DI TORINO;Piemonte;Diwan cafe;2012;2012-10-18T12:03:13Z;1334596051;7.680.752;450.578.718;
TORINO;CITTA' METROPOLITANA DI TORINO;Piemonte;Dorian Gray;2015;2015-02-02T18:20:46Z;3327302529;76.578.614;450.401.712.999.999;
TORINO;CITTA' METROPOLITANA DI TORINO;Piemonte;"Enoteca con Cucina""""Tirolin""""";2012;2012-01-24T14:30:04Z;1603586163;77.139.927;450.651.741;
TORINO;CITTA' METROPOLITANA DI TORINO;Piemonte;Fluido;2011;2011-11-02T13:13:24Z;1328570155;76.907.739;450.575.649;
TORINO;CITTA' METROPOLITANA DI TORINO;Piemonte;John Lennon's Pub;2015;2015-04-28T12:39:56Z;3484016351;7.640.027;450.311.162;
TORINO;CITTA' METROPOLITANA DI TORINO;Piemonte;Keller Bier;2015;2015-06-02T18:39:22Z;1225872846;76.314.209;450.409.399.999.999;
TORINO;CITTA' METROPOLITANA DI TORINO;Piemonte;La casa del demone;2015;2015-10-02T16:56:46Z;3766235167;76.817.284;450.742.464;
TORINO;CITTA' METROPOLITANA DI TORINO;Piemonte;La Divina Commedia;2015;2015-06-08T21:09:36Z;1391284781;76.628.965;450.809.118.999.999;
TORINO;CITTA' METROPOLITANA DI TORINO;Piemonte;Lo Sbarco;2013;2013-06-01T07:17:35Z;1199240647;76.803.822;450.585.573.999.999;
TORINO;CITTA' METROPOLITANA DI TORINO;Piemonte;Macgillycuddy?s;2014;2014-07-24T12:20:28Z;429363792;76.757.992;450.741.322;
TORINO;CITTA' METROPOLITANA DI TORINO;Piemonte;Manhattan Pub;2013;2013-07-30T16:04:08Z;1328570739;76.747.424;450.927.897.999.999;
TORINO;CITTA' METROPOLITANA DI TORINO;Piemonte;New Castle Pub;2015;2015-04-27T21:00:11Z;3422349566;76.671.694;450.773.859;
TORINO;CITTA' METROPOLITANA DI TORINO;Piemonte;Open Baladin;2015;2015-02-21T15:14:43Z;3242417745;76.871.778;450.645.705;
TORINO;CITTA' METROPOLITANA DI TORINO;Piemonte;Piper Pub;2015;2015-10-02T16:56:46Z;1361537068;76.765.539;450.932.346.999.999;
TORINO;CITTA' METROPOLITANA DI TORINO;Piemonte;Pout Pourrì Vintage Cafè;2015;2015-06-05T15:32:25Z;3574898270;76.325.296;450.335.102;
TORINO;CITTA' METROPOLITANA DI TORINO;Piemonte;Pub James Joyce;2011;2011-09-28T11:49:38Z;439176448;76.721.549;450.807.537;
TORINO;CITTA' METROPOLITANA DI TORINO;Piemonte;Pub Sherlock Holmes;2011;2011-11-02T13:07:19Z;1446159750;7.638.969;450.725.114.999.999;
TORINO;CITTA' METROPOLITANA DI TORINO;Piemonte;Santa Giulia;2012;2012-01-07T16:24:43Z;1581110708;77.002.155;450.703.279;
TORINO;CITTA' METROPOLITANA DI TORINO;Piemonte;Shakespeare Pub;2014;2014-09-27T08:41:43Z;3098299567;7.688.155;450.691.299;
TORINO;CITTA' METROPOLITANA DI TORINO;Piemonte;Sir Francis Drake;2014;2014-04-22T21:11:34Z;2810028759;7.642.272;450.645.692;
TORINO;CITTA' METROPOLITANA DI TORINO;Piemonte;St. Martin;2013;2013-09-02T11:53:29Z;1390037905;76.693.633;450.760.329;
TORINO;CITTA' METROPOLITANA DI TORINO;Piemonte;The Isle of Skye;2011;2011-11-02T13:13:29Z;1390035394;76.654.675;45.072.921;
TORRE PELLICE;CITTA' METROPOLITANA DI TORINO;Piemonte;Britannia Pub;2012;2012-11-25T14:29:51Z;2031986222;72.251.296;448.201.684;
TORRE PELLICE;CITTA' METROPOLITANA DI TORINO;Piemonte;Tower Inn;2012;2012-08-27T10:18:23Z;584328807;72.262.628;448.209.906;
VERRUA SAVOIA;CITTA' METROPOLITANA DI TORINO;Piemonte;villa bianco;2013;2013-01-09T20:26:04Z;2089218724;8.109.557;451.659.154.999.999;
ALAGNA VALSESIA;VERCELLI;Piemonte;Freerider;2015;2015-12-21T19:18:11Z;1708113962;79.377.144;458.507.137;
GATTINARA;VERCELLI;Piemonte;Mulligans Irish Pub & Restaurant;2013;2013-08-17T10:40:43Z;1984670786;83.586.539;456.135.734;
RIVA VALDOBBIA;VERCELLI;Piemonte;Bar da Mario la Tavernetta;2013;2013-03-17T03:03:42Z;2134869962;79.539.347;458.328.944;
SALI VERCELLESE;VERCELLI;Piemonte;Essen e Trinken;2013;2013-07-12T13:55:53Z;2382416179;83.281.588;453.101.849;
SAN GERMANO VERCELLESE;VERCELLI;Piemonte;Albergo delle Miniere;2012;2012-07-28T14:54:03Z;1841428092;82.466.697;453.499.801.999.999;
SERRAVALLE SESIA;VERCELLI;Piemonte;Bar OK;2013;2013-12-28T21:31:28Z;290193263;8.320.568;456.759.446;
VERCELLI;VERCELLI;Piemonte;Admiral Club;2013;2013-10-28T15:22:22Z;2511593428;84.277.183;453.246.353.999.999;
VERCELLI;VERCELLI;Piemonte;Bar Bon;2015;2015-06-26T13:14:32Z;1842474843;840.566.259.999.999;453.299.035;
VERCELLI;VERCELLI;Piemonte;Birrhouse;2012;2012-07-26T17:31:50Z;1650264742;84.314.075;453.329.923;
VERCELLI;VERCELLI;Piemonte;Birrificio Sant'Andrea;2014;2014-12-24T10:18:44Z;3249954710;83.974.293;453.253.344.999.999;
VERCELLI;VERCELLI;Piemonte;Blue Ribbon Pub;2012;2012-03-08T18:27:14Z;1666203611;8.450.098;453.358.952.999.999;
VERCELLI;VERCELLI;Piemonte;Charlie Brown;2015;2015-03-16T15:15:45Z;1336762855;839.434.359.999.999;453.221.166;
VERCELLI;VERCELLI;Piemonte;Circolo A.R.C.I. Porta Torino;2013;2013-09-12T09:38:40Z;1838979103;84.080.388;453.230.969;
VERCELLI;VERCELLI;Piemonte;Il Gatto Nero;2011;2011-10-18T14:37:45Z;1472092580;842.410.259.999.999;453.262.232;
VERCELLI;VERCELLI;Piemonte;Victoria Beer House;2012;2012-03-21T12:18:39Z;1593504451;84.118.663;453.287.345;
GALLIATE;NOVARA;Piemonte;;2014;2014-12-24T09:03:29Z;2804471741;86.951.759;454.781.334.999.999;
GALLIATE;NOVARA;Piemonte;Birreria Wanted;2013;2013-07-30T08:33:40Z;2401244772;87.209.468;455.067.752;
GALLIATE;NOVARA;Piemonte;New Soliva;2014;2014-06-02T13:10:32Z;305629186;870.723.699.999.999;454.979.489.999.999;
GALLIATE;NOVARA;Piemonte;The Penny Black Irish Pub;2014;2014-02-26T10:27:18Z;2628390598;871.326.769.999.999;454.778.596;
GHEMME;NOVARA;Piemonte;Rendez Vous Pub;2011;2011-09-26T15:07:53Z;1437412301;84.043.167;455.657.090.999.999;
NOVARA;NOVARA;Piemonte;Birreria Marconi;2016;2016-01-20T07:39:42Z;3956234700;85.900.123;454.478.988.999.999;
NOVARA;NOVARA;Piemonte;Clover Irish Pub;2014;2014-03-16T18:52:37Z;2721762878;86.116.642;454.438.561.999.999;
NOVARA;NOVARA;Piemonte;Il Barone Birra;2015;2015-01-07T20:11:25Z;2795876334;86.100.293;454.462.827.999.999;
NOVARA;NOVARA;Piemonte;Lord Byron;2014;2014-04-07T12:04:48Z;843996549;86.443.341;45.423.388;
NOVARA;NOVARA;Piemonte;Oliver St. John;2015;2015-07-27T16:11:49Z;2708759314;860.965.719.999.999;454.360.272.999.999;
NOVARA;NOVARA;Piemonte;Public House;2014;2014-06-14T15:06:00Z;2916062361;86.268.834;454.316.491;
NOVARA;NOVARA;Piemonte;Zefiro Cafè;2014;2014-05-27T09:17:12Z;1897447966;862.060.619.999.999;454.491.347;
ROMENTINO;NOVARA;Piemonte;Mezzo Litro;2012;2012-01-26T18:32:03Z;1431552786;8.720.227;454.619.143.999.999;
SAN PIETRO MOSEZZO;NOVARA;Piemonte;Irish Pub - Guinness Time;2015;2015-09-05T13:50:53Z;3730566297;85.710.076;454.918.941;
TRECATE;NOVARA;Piemonte;;2010;2010-07-16T15:04:54Z;820847716;87.420.198;45.441.451;
CERVASCA;CUNEO;Piemonte;Bujo Pub;2013;2013-09-15T21:24:25Z;2459897072;74.677.722;443.832.886;
CHIUSA DI PESIO;CUNEO;Piemonte;La casermetta a pres;2008;2008-02-09T13:36:20Z;246790623;76.747.238;443.271.827;
CHIUSA DI PESIO;CUNEO;Piemonte;Sans Sucis;2008;2008-02-09T18:41:53Z;246828725;76.793.046;443.208.253.999.999;
DEMONTE;CUNEO;Piemonte;Route 21;2011;2011-08-05T13:22:59Z;1387487259;72.984.432;443.150.888.999.999;
FRABOSA SOTTANA;CUNEO;Piemonte;Donald Castle;2013;2013-09-17T02:23:34Z;587792252;77.808.086;443.348.786;
LIMONE PIEMONTE;CUNEO;Piemonte;Birreria d'la Puntsa;2011;2011-01-11T13:46:24Z;1098000800;75.759.652;44.200.693;
PEVERAGNO;CUNEO;Piemonte;Birreria Maccalè;2012;2012-01-05T11:32:17Z;1447970499;76.178.223;443.301.953;
PIOZZO;CUNEO;Piemonte;Birrificio Baladin;2012;2012-05-03T12:26:34Z;1365074488;78.919.974;44.515.433;
PONTECHIANALE;CUNEO;Piemonte;La Buca di Bacco;2012;2012-08-19T10:25:10Z;1872476403;70.291.988;446.224.546.999.999;
ROBURENT;CUNEO;Piemonte;;2013;2013-09-03T10:27:55Z;2444165035;7.873.969;442.957.752;
ROCCAFORTE MONDOVI';CUNEO;Piemonte;Gambrinus;2008;2008-04-08T13:23:09Z;256403268;77.193.941;443.106.888;
SALUZZO;CUNEO;Piemonte;La Drancia;2012;2012-03-16T18:13:43Z;277917111;74.875.902;446.430.289.999.999;
VILLANOVA MONDOVI';CUNEO;Piemonte;Bar Reale;2011;2011-11-25T13:21:50Z;1516405991;77.638.082;443.447.131;
VILLANOVA MONDOVI';CUNEO;Piemonte;Il Capriccio;2008;2008-03-07T23:30:24Z;246806693;77.717.688;4.434.852;
VILLANOVA MONDOVI';CUNEO;Piemonte;Ritual Cafè;2012;2012-10-18T09:21:07Z;1516405992;77.640.718;443.439.184;
ASTI;ASTI;Piemonte;Black Storm;2014;2014-06-29T16:37:12Z;2463045140;8.187.376;449.045.115.999.999;
ASTI;ASTI;Piemonte;Jack Madden;2013;2013-09-18T15:14:17Z;1468282894;82.145.213;448.978.585.999.999;
ASTI;ASTI;Piemonte;Jamaica;2014;2014-08-22T15:14:05Z;2463025561;823.004.549.999.999;449.066.668;
ASTI;ASTI;Piemonte;Regli Ristopub;2014;2014-08-22T15:13:53Z;3034949236;82.248.087;449.058.647;
ASTI;ASTI;Piemonte;Tavola Calda Deja Vù;2011;2011-10-17T08:22:28Z;1470025790;82.084.147;449.019.697;
MONALE;ASTI;Piemonte;Appaloosa;2015;2015-12-05T19:00:25Z;535448262;8.072.433;449.354.304;
ALESSANDRIA;ALESSANDRIA;Piemonte;Arteria;2015;2015-07-24T08:50:06Z;3664199492;86.153.416;449.152.636;
ALESSANDRIA;ALESSANDRIA;Piemonte;Befed Brew Pub;2015;2015-06-30T10:14:29Z;1863938525;86.129.008;449.324.951.999.999;
ALESSANDRIA;ALESSANDRIA;Piemonte;Birreria Gasthaus;2015;2015-09-12T07:53:40Z;3589330506;86.176.065;449.203.625;
ALESSANDRIA;ALESSANDRIA;Piemonte;Birreria Il Borgo;2015;2015-08-04T08:51:22Z;3401765432;8.612.928;449.180.374;
ALESSANDRIA;ALESSANDRIA;Piemonte;Britannia;2015;2015-07-16T07:43:25Z;3589330507;86.145.938;449.204.672.999.999;
ALESSANDRIA;ALESSANDRIA;Piemonte;Calypso pub;2015;2015-07-08T08:49:45Z;3640431734;85.974.731;44.898.598;
ALESSANDRIA;ALESSANDRIA;Piemonte;DiNoi3;2015;2015-07-24T08:50:07Z;1317163941;86.168.937;449.152.355;
ALESSANDRIA;ALESSANDRIA;Piemonte;Fatto Bene Una Volta;2013;2013-08-27T09:15:34Z;2215109539;862.405.659.999.999;449.136.857;
ALESSANDRIA;ALESSANDRIA;Piemonte;Hop Mangiare di Birra;2015;2015-08-06T07:41:50Z;3401523047;86.102.791;449.136.681.999.999;
ALESSANDRIA;ALESSANDRIA;Piemonte;John's Pub;2015;2015-05-06T10:58:27Z;3456136057;86.150.385;449.082.301.999.999;
ALESSANDRIA;ALESSANDRIA;Piemonte;L'Irish Pub;2015;2015-08-04T10:28:28Z;1839035075;86.175.677;449.149.918.999.999;
ALESSANDRIA;ALESSANDRIA;Piemonte;Lo Stecco;2015;2015-09-12T07:53:43Z;3587488472;86.280.419;449.057.114;
ALESSANDRIA;ALESSANDRIA;Piemonte;Mag Mell;2014;2014-08-31T13:51:30Z;2710252087;859.867.219.999.999;448.968.770.999.999;
ALESSANDRIA;ALESSANDRIA;Piemonte;Meg Mell;2015;2015-07-08T08:49:47Z;3640431755;85.986.713;448.968.787;
ALESSANDRIA;ALESSANDRIA;Piemonte;Tip Tap Gastropub;2015;2015-08-05T10:34:24Z;3401765433;86.183.304;449.122.981;
ALESSANDRIA;ALESSANDRIA;Piemonte;XXL;2015;2015-06-30T10:41:20Z;3626820621;860.176.689.999.999;448.926.142.999.999;
CONZANO;ALESSANDRIA;Piemonte;Uva Blu;2015;2015-01-19T11:19:02Z;3298293018;84.555.937;450.204.495.999.999;
CONZANO;ALESSANDRIA;Piemonte;Vineria del Pozzo;2015;2015-01-21T09:52:16Z;3298293019;845.533.539.999.999;450.204.112.999.999;
FRASSINELLO MONFERRATO;ALESSANDRIA;Piemonte;Vecchia Rocka;2016;2016-01-19T09:23:35Z;1593550726;838.649.629.999.999;450.330.494;
NOVI LIGURE;ALESSANDRIA;Piemonte;Al Flint;2014;2014-08-31T13:51:25Z;2616962501;878.832.779.999.999;447.596.356.999.999;
NOVI LIGURE;ALESSANDRIA;Piemonte;La Taverna del K d'O;2011;2011-12-25T20:13:41Z;1561814856;87.905.696;447.599.851;
OVADA;ALESSANDRIA;Piemonte;The Moon Pub;2014;2014-09-23T02:07:40Z;1585536823;86.479.668;446.419.725;
PONTECURONE;ALESSANDRIA;Piemonte;;2013;2013-11-30T23:19:07Z;2559157406;892.952.099.999.999;449.573.364.999.999;
VIGNALE MONFERRATO;ALESSANDRIA;Piemonte;Osteria della Luna;2012;2012-12-18T17:33:23Z;295399149;83.945.927;450.103.586.999.999;
AYAS;AOSTA;Valle d'Aosta;Birreria Pachamama;2012;2012-12-27T12:45:35Z;372793051;77.290.416;45.835.287;
AYAS;AOSTA;Valle d'Aosta;Cafe' du Bistrot;2015;2015-01-01T11:30:36Z;372793092;77.300.675;458.363.939.999.999;
AYAS;AOSTA;Valle d'Aosta;Dolce e Salato;2009;2009-04-11T18:57:45Z;372793025;7.730.338;45.836.196;
AYAS;AOSTA;Valle d'Aosta;Golosone;2012;2012-07-10T15:21:10Z;372793717;77.253.809;458.330.503.999.999;
COGNE;AOSTA;Valle d'Aosta;;2015;2015-07-21T17:03:47Z;3660590923;7.357.808;456.171.507;
COGNE;AOSTA;Valle d'Aosta;Hotel Grauson;2015;2015-07-21T17:03:47Z;3660596018;73.582.103;456.172.632.999.999;
GRESSONEY-LA-TRINITE';AOSTA;Valle d'Aosta;Castore Lounge Bar & Restaurant;2014;2014-08-03T10:50:09Z;376506096;78.228.199;458.273.632;
MORGEX;AOSTA;Valle d'Aosta;Café Mont Blanc;2015;2015-07-25T16:11:16Z;3664766209;70.352.801;457.575.089.999.999;
PONT-SAINT-MARTIN;AOSTA;Valle d'Aosta;;2015;2015-10-26T17:45:46Z;3803863950;7.796.553;455.922.999;
SAINT-VINCENT;AOSTA;Valle d'Aosta;;2014;2014-06-23T21:08:34Z;2930083319;76.461.386;457.505.785;
SAINT-VINCENT;AOSTA;Valle d'Aosta;;2014;2014-06-23T21:08:34Z;2930083321;7.649.317;457.507.201;
SAINT-VINCENT;AOSTA;Valle d'Aosta;;2014;2014-06-23T21:08:34Z;2930083323;76.481.102;457.509.821;
SAINT-VINCENT;AOSTA;Valle d'Aosta;;2014;2014-06-23T21:08:34Z;2930083324;76.477.221;457.509.948;
SAINT-VINCENT;AOSTA;Valle d'Aosta;Lo Peyö;2014;2014-06-06T18:18:47Z;2903228717;76.533.543;457.503.999.999.999;
SARRE;AOSTA;Valle d'Aosta;Bulldog Pub;2013;2013-11-02T21:10:45Z;2517852376;72.718.189;45.723.782;
VERRES;AOSTA;Valle d'Aosta;Bridgé Inn di Frola Milena;2013;2013-03-15T13:51:02Z;1729500232;76.924;456.683.675;
VERRES;AOSTA;Valle d'Aosta;The Midland Risto-Pub;2015;2015-09-12T20:01:32Z;3366216485;76.913.446;456.684.673;
CERIANA;IMPERIA;Liguria;;2011;2011-08-08T16:56:58Z;745407556;77.737.786;438.804.469.999.999;
DIANO MARINA;IMPERIA;Liguria;Capriccio;2010;2010-04-19T22:37:26Z;691138236;80.803.265;439.076.937;
IMPERIA;IMPERIA;Liguria;;2009;2009-08-23T22:00:15Z;472456116;80.406.046;438.929.568;
IMPERIA;IMPERIA;Liguria;Black horses;2014;2014-08-30T19:50:28Z;3050892126;80.424.683;438.888.679;
IMPERIA;IMPERIA;Liguria;Le Grotte;2015;2015-12-02T16:02:04Z;3873107765;80.181.588;438.785.197.999.999;
RIVA LIGURE;IMPERIA;Liguria;Lo Scoglio;2013;2013-08-14T17:03:45Z;2417657145;7.882.077;4.383.713;
SAN REMO;IMPERIA;Liguria;;2012;2012-04-24T13:08:50Z;1721798969;77.795.799;438.188.098.999.999;
CELLE LIGURE;SAVONA;Liguria;Durty Nelly's;2014;2014-06-29T19:05:30Z;1390072657;85.440.085;443.406.793.999.999;
CELLE LIGURE;SAVONA;Liguria;IntrAlcio;2011;2011-08-07T19:35:15Z;1390072658;85.436.367;443.404.139;
CELLE LIGURE;SAVONA;Liguria;La Ghironda;2013;2013-05-20T05:31:43Z;2312347590;854.252.529.999.999;443.420.592;
FINALE LIGURE;SAVONA;Liguria;Birrificio Finalese;2014;2014-10-26T21:40:21Z;3151639968;83.453.016;441.694.948;
FINALE LIGURE;SAVONA;Liguria;Zum alten Markt;2011;2011-06-17T13:01:15Z;1328510475;835.391.199.999.999;441.725.673.999.999;
SAVONA;SAVONA;Liguria;La Boutique della Birra;2015;2015-04-03T16:35:05Z;3434680076;84.759.029;443.011.164.999.999;
SAVONA;SAVONA;Liguria;La Tana del Luppolo;2015;2015-04-03T16:25:04Z;3434665306;84.789.337;443.027.481;
SAVONA;SAVONA;Liguria;Provençal;2013;2013-07-13T14:36:42Z;807646340;84.756.047;443.048.974;
TOIRANO;SAVONA;Liguria;Bar da Malin;2015;2015-05-09T20:35:12Z;3479938167;82.094.369;441.259.985;
VADO LIGURE;SAVONA;Liguria;;2012;2012-10-24T01:52:19Z;1980479911;84.405.474;442.762.103.999.999;
AVEGNO;CITTA' METROPOLITANA DI GENOVA;Liguria;Dottor Jekill e Mister Hide;2013;2013-12-07T20:07:39Z;2570313031;91.632.585;443.835.417;
BOGLIASCO;CITTA' METROPOLITANA DI GENOVA;Liguria;Il Baretto;2011;2011-01-29T12:37:55Z;1126159940;906.848.229.999.999;443.797.319.999.999;
BOGLIASCO;CITTA' METROPOLITANA DI GENOVA;Liguria;Music Bar La Piazzetta;2011;2011-02-21T12:32:15Z;1164995550;90.696.335;443.783.455;
DAVAGNA;CITTA' METROPOLITANA DI GENOVA;Liguria;Birreria Paninoteca Bar Route 45;2014;2014-10-11T11:08:46Z;3123739619;91.197.252;444.806.592.999.999;
GENOVA;CITTA' METROPOLITANA DI GENOVA;Liguria;;2008;2008-03-22T11:04:12Z;253311645;901.493;444.479.663.999.999;
GENOVA;CITTA' METROPOLITANA DI GENOVA;Liguria;28 Erbe;2014;2014-05-01T19:17:06Z;1027897728;89.327.086;444.060.612;
GENOVA;CITTA' METROPOLITANA DI GENOVA;Liguria;a due passi dal mare;2014;2014-05-24T11:32:19Z;1117305808;90.186.887;4.438.443;
GENOVA;CITTA' METROPOLITANA DI GENOVA;Liguria;Ai troeggi (vino, birra e bruschette);2015;2015-10-24T21:21:48Z;2798235384;89.305.488;444.073.235.999.999;
GENOVA;CITTA' METROPOLITANA DI GENOVA;Liguria;Alle Volte;2014;2014-06-04T20:30:55Z;260209732;894.745.359.999.999;444.136.991;
GENOVA;CITTA' METROPOLITANA DI GENOVA;Liguria;American Bar Cubilla;2011;2011-12-24T10:08:41Z;1560393331;90.310.436;443.835.839.999.999;
GENOVA;CITTA' METROPOLITANA DI GENOVA;Liguria;Bagni Liggia beach;2010;2010-02-04T15:10:14Z;628979549;898.883.889.999.999;443.911.053;
GENOVA;CITTA' METROPOLITANA DI GENOVA;Liguria;Banano Tsunami;2015;2015-08-14T08:09:40Z;260388039;89.263.142;444.093.201;
GENOVA;CITTA' METROPOLITANA DI GENOVA;Liguria;Bar Alfredo;2012;2012-05-10T10:13:31Z;247350388;897.968.629.999.999;444.539.392;
GENOVA;CITTA' METROPOLITANA DI GENOVA;Liguria;Bar Berto;2014;2014-10-01T21:06:14Z;260204217;89.325.425;44.406.277;
GENOVA;CITTA' METROPOLITANA DI GENOVA;Liguria;Bar Ristorante Sottoripa 7 Rosso;2014;2014-10-08T13:06:40Z;2290839420;89.292.398;444.088.143;
GENOVA;CITTA' METROPOLITANA DI GENOVA;Liguria;Bar Rita;2013;2013-03-05T13:08:34Z;2187127853;89.214.724;444.147.065;
GENOVA;CITTA' METROPOLITANA DI GENOVA;Liguria;Bar Università;2015;2015-09-27T15:01:17Z;1596068592;89.667.805;444.046.724.999.999;
GENOVA;CITTA' METROPOLITANA DI GENOVA;Liguria;Basilico Caffè;2012;2012-06-13T17:03:03Z;1786322467;89.591.911;444.001.509;
GENOVA;CITTA' METROPOLITANA DI GENOVA;Liguria;Beautiful Looser;2016;2016-01-11T21:05:31Z;530667520;89.386.796;444.110.798.999.999;
GENOVA;CITTA' METROPOLITANA DI GENOVA;Liguria;Beer Corner;2013;2013-08-29T20:49:01Z;307798267;88.376.263;444.154.861.999.999;
GENOVA;CITTA' METROPOLITANA DI GENOVA;Liguria;Belli che Aneti;2013;2013-10-12T15:13:24Z;2319752863;895.106.949.999.999;443.943.056.999.999;
GENOVA;CITTA' METROPOLITANA DI GENOVA;Liguria;Big Ben Pub;2013;2013-06-27T19:05:21Z;2046885006;88.906.642;444.121.507.999.999;
GENOVA;CITTA' METROPOLITANA DI GENOVA;Liguria;Birreria Antica Vetreria;2015;2015-07-26T13:40:34Z;2046885013;892.653.969.999.999;444.066.954.999.999;
GENOVA;CITTA' METROPOLITANA DI GENOVA;Liguria;Birreria artigianale BiCu;2013;2013-09-20T20:07:18Z;260387257;89.223.218;444.085.071;
GENOVA;CITTA' METROPOLITANA DI GENOVA;Liguria;Birreria Imbarco1;2011;2011-12-24T10:08:42Z;1560393362;90.309.835;443.830.950.999.999;
GENOVA;CITTA' METROPOLITANA DI GENOVA;Liguria;Birrificio Genovese;2012;2012-05-05T13:04:11Z;1741419389;89.285.903;444.068.544;
GENOVA;CITTA' METROPOLITANA DI GENOVA;Liguria;Blunt Beach Club;2014;2014-09-28T16:24:17Z;260205235;8.982.815;443.922.795;
GENOVA;CITTA' METROPOLITANA DI GENOVA;Liguria;Britannia Pub;2015;2015-09-24T09:46:31Z;260203471;893.416.369.999.999;444.084.312.999.999;
GENOVA;CITTA' METROPOLITANA DI GENOVA;Liguria;Caffè Lebowsky;2014;2014-08-20T22:36:02Z;897248801;89.302.498;444.057.007.999.999;
GENOVA;CITTA' METROPOLITANA DI GENOVA;Liguria;Caledonian Pub;2009;2009-11-20T19:49:07Z;428001789;89.572.001;44.404.203;
GENOVA;CITTA' METROPOLITANA DI GENOVA;Liguria;Cantine Embriaci;2015;2015-11-15T14:10:13Z;1741402075;89.293.209;444.059.989;
GENOVA;CITTA' METROPOLITANA DI GENOVA;Liguria;Cantine Moretti;2011;2011-11-09T13:20:23Z;888875844;8.930.802;444.061.349.999.999;
GENOVA;CITTA' METROPOLITANA DI GENOVA;Liguria;Cardamomo bistrot;2014;2014-04-11T19:28:49Z;2784020780;89.382.639;444.026.263;
GENOVA;CITTA' METROPOLITANA DI GENOVA;Liguria;carpe diem;2011;2011-09-08T10:28:23Z;1426864638;89.510.218;443.950.988;
GENOVA;CITTA' METROPOLITANA DI GENOVA;Liguria;Cibaria;2015;2015-03-18T20:24:13Z;3406063762;89.254.047;444.076.507.999.999;
GENOVA;CITTA' METROPOLITANA DI GENOVA;Liguria;Dallorso;2015;2015-04-10T08:17:42Z;1496310873;89.296.932;44.406.565;
GENOVA;CITTA' METROPOLITANA DI GENOVA;Liguria;Exultate;2014;2014-10-01T21:06:14Z;3106123164;89.324.098;444.099.477.999.999;
GENOVA;CITTA' METROPOLITANA DI GENOVA;Liguria;Fast & Furious;2015;2015-10-30T19:50:00Z;3757003914;89.355.056;444.043.721;
GENOVA;CITTA' METROPOLITANA DI GENOVA;Liguria;Gargantua e Pantagruel Bistrot;2016;2016-02-22T15:34:07Z;3802495426;89.309.264;444.102.784;
GENOVA;CITTA' METROPOLITANA DI GENOVA;Liguria;Hemingway'S Pub;2008;2008-11-07T18:39:53Z;260201705;8.976.568;443.946.977;
GENOVA;CITTA' METROPOLITANA DI GENOVA;Liguria;Hofbrauhaus Pub;2013;2013-07-06T16:55:12Z;2046885031;89.347.195;444.064.888.999.999;
GENOVA;CITTA' METROPOLITANA DI GENOVA;Liguria;Il Barbarossa;2009;2009-12-17T21:59:28Z;260204471;893.420.049.999.999;44.405.669;
GENOVA;CITTA' METROPOLITANA DI GENOVA;Liguria;Il Cantinone;2012;2012-01-29T17:09:42Z;1610762903;88.943.443;444.120.095;
GENOVA;CITTA' METROPOLITANA DI GENOVA;Liguria;Il Clan;2012;2012-05-04T13:26:28Z;260768521;89.342.272;44.409.508;
GENOVA;CITTA' METROPOLITANA DI GENOVA;Liguria;Il Corsaro Nero;2012;2012-12-02T19:37:40Z;2046885021;89.327.667;444.059.676.999.999;
GENOVA;CITTA' METROPOLITANA DI GENOVA;Liguria;Il Dodo Beer Wine and Food;2011;2011-12-24T10:08:42Z;1560393376;90.308.506;443.827.715.999.999;
GENOVA;CITTA' METROPOLITANA DI GENOVA;Liguria;Il Galeone;2012;2012-09-27T11:19:10Z;260429020;89.979.735;443.875.470.999.999;
GENOVA;CITTA' METROPOLITANA DI GENOVA;Liguria;Il Gallo Brillo;2012;2012-12-02T19:37:40Z;2046885064;88.464.557;444.241.589;
GENOVA;CITTA' METROPOLITANA DI GENOVA;Liguria;Il Lupobiondo;2013;2013-05-29T19:09:20Z;2324623464;89.125.419;444.143.199;
GENOVA;CITTA' METROPOLITANA DI GENOVA;Liguria;Irish Pub;2012;2012-09-27T12:49:28Z;260202817;90.157.021;443.856.468.999.999;
GENOVA;CITTA' METROPOLITANA DI GENOVA;Liguria;irish pub Molly Malone;2012;2012-01-13T18:35:54Z;631975116;8.826.559;444.270.276;
GENOVA;CITTA' METROPOLITANA DI GENOVA;Liguria;I tre merli;2009;2009-12-17T21:58:05Z;260768791;89.328.632;444.105.969;
GENOVA;CITTA' METROPOLITANA DI GENOVA;Liguria;La Banchina;2014;2014-10-10T12:13:09Z;2175888044;89.265.053;444.121.286;
GENOVA;CITTA' METROPOLITANA DI GENOVA;Liguria;La Barcaccia;2010;2010-09-17T18:58:37Z;912018222;89.329.152;444.128.801;
GENOVA;CITTA' METROPOLITANA DI GENOVA;Liguria;La Bottega del Conte;2012;2012-12-02T19:37:40Z;2046885027;89.283.465;44.406.418;
GENOVA;CITTA' METROPOLITANA DI GENOVA;Liguria;La Goletta;2013;2013-09-20T20:07:12Z;2465863706;89.225.065;444.086.772;
GENOVA;CITTA' METROPOLITANA DI GENOVA;Liguria;La Locanda;2012;2012-12-02T19:37:40Z;2046885061;8.931.718;444.061.573.999.999;
GENOVA;CITTA' METROPOLITANA DI GENOVA;Liguria;La Nottola;2012;2012-12-02T19:37:40Z;2046885039;87.527.101;44.428.758;
GENOVA;CITTA' METROPOLITANA DI GENOVA;Liguria;La Passeggiata Librocaffè;2014;2014-08-20T22:36:02Z;1699988549;89.300.984;444.042.031.999.999;
GENOVA;CITTA' METROPOLITANA DI GENOVA;Liguria;La Trampa;2012;2012-12-02T19:37:41Z;1741427852;89.306.292;444.064.774;
GENOVA;CITTA' METROPOLITANA DI GENOVA;Liguria;Le 3 Caravelle;2013;2013-05-28T21:07:38Z;260398990;89.260.239;444.075.305;
GENOVA;CITTA' METROPOLITANA DI GENOVA;Liguria;Le Corbusier;2010;2010-09-02T20:03:41Z;260207691;89.315.443;444.059.219.999.999;
GENOVA;CITTA' METROPOLITANA DI GENOVA;Liguria;Le due porte;2012;2012-05-20T12:03:41Z;1741445220;89.283.632;444.062.971;
GENOVA;CITTA' METROPOLITANA DI GENOVA;Liguria;Mackenny Brewery Pub;2015;2015-09-27T20:12:01Z;3761878624;89.290.055;444.047.768;
GENOVA;CITTA' METROPOLITANA DI GENOVA;Liguria;MacKenny Pub;2012;2012-05-05T13:06:42Z;1133646687;89.338.884;444.046.183;
GENOVA;CITTA' METROPOLITANA DI GENOVA;Liguria;Mattoni Rossi;2008;2008-04-27T16:43:05Z;260211133;893.792.069.999.999;444.020.857;
GENOVA;CITTA' METROPOLITANA DI GENOVA;Liguria;Medio Evo;2012;2012-05-09T15:47:05Z;1746751085;89.500.823;444.083.589;
GENOVA;CITTA' METROPOLITANA DI GENOVA;Liguria;Mentelocale;2014;2014-12-23T18:07:57Z;260208170;89.332.229;444.076.122;
GENOVA;CITTA' METROPOLITANA DI GENOVA;Liguria;Moody's;2012;2012-07-20T19:41:30Z;1832396980;89.367.979;444.075.652;
GENOVA;CITTA' METROPOLITANA DI GENOVA;Liguria;Movida Cafè;2014;2014-08-08T16:21:01Z;260215650;8.932.907;444.046.658.999.999;
GENOVA;CITTA' METROPOLITANA DI GENOVA;Liguria;Myu Coffee Art & Liquid Lab;2014;2014-10-09T15:08:00Z;3120670441;893.313.249.999.999;444.098.672;
GENOVA;CITTA' METROPOLITANA DI GENOVA;Liguria;New Chandra;2015;2015-09-26T14:12:03Z;1112966661;90.430.119;443.805.738;
GENOVA;CITTA' METROPOLITANA DI GENOVA;Liguria;New White Rabbit;2015;2015-09-27T21:52:48Z;888875806;89.290.371;444.065.841;
GENOVA;CITTA' METROPOLITANA DI GENOVA;Liguria;Norte Sul;2011;2011-12-16T17:08:01Z;505774117;897.435.499.999.999;443.916.966.999.999;
GENOVA;CITTA' METROPOLITANA DI GENOVA;Liguria;Nosferatu;2014;2014-05-07T18:58:02Z;2842488503;89.441.421;443.994.149.999.999;
GENOVA;CITTA' METROPOLITANA DI GENOVA;Liguria;Nuhar club;2009;2009-12-17T21:58:05Z;260768713;893.331.809.999.999;444.106.213.999.999;
GENOVA;CITTA' METROPOLITANA DI GENOVA;Liguria;Okey Pub;2011;2011-11-01T10:08:45Z;1488354825;89.544.657;444.174.615;
GENOVA;CITTA' METROPOLITANA DI GENOVA;Liguria;Old Port Bar;2014;2014-11-22T17:36:18Z;2028670159;89.252.502;444.119.628.999.999;
GENOVA;CITTA' METROPOLITANA DI GENOVA;Liguria;One Eyed Jacks;2013;2013-05-28T21:07:30Z;2323676504;892.612.609.999.999;444.075.129;
GENOVA;CITTA' METROPOLITANA DI GENOVA;Liguria;Pizzeria Birreria Friends;2014;2014-05-01T19:17:05Z;1571603804;89.318.688;444.059.507.999.999;
GENOVA;CITTA' METROPOLITANA DI GENOVA;Liguria;Planet;2010;2010-04-28T21:26:31Z;710918492;8.953.882;443.984.118.999.999;
GENOVA;CITTA' METROPOLITANA DI GENOVA;Liguria;Pub Al Cantiere;2012;2012-01-13T18:35:31Z;1588634086;88.387.736;444.275.088.999.999;
GENOVA;CITTA' METROPOLITANA DI GENOVA;Liguria;Pub del Duca;2008;2008-11-13T19:33:47Z;260205590;90.519.833;44.380.048;
GENOVA;CITTA' METROPOLITANA DI GENOVA;Liguria;Pub D'oh;2012;2012-06-08T19:25:15Z;1780658085;89.497.341;443.993.820.999.999;
GENOVA;CITTA' METROPOLITANA DI GENOVA;Liguria;Pub Rossodisera;2011;2011-12-31T16:59:06Z;1571603800;89.321.105;444.059.493;
GENOVA;CITTA' METROPOLITANA DI GENOVA;Liguria;Scassadiavoli;2014;2014-09-21T17:01:08Z;260209245;894.214.629.999.999;444.040.498;
GENOVA;CITTA' METROPOLITANA DI GENOVA;Liguria;Sehnor do Bonfim;2011;2011-01-21T12:54:07Z;1112966373;903.987.309.999.999;443.810.444;
GENOVA;CITTA' METROPOLITANA DI GENOVA;Liguria;Tartan Pub;2009;2009-06-22T15:39:11Z;260723820;89.539.044;444.039.627;
GENOVA;CITTA' METROPOLITANA DI GENOVA;Liguria;Taverna degli Alabardieri;2009;2009-12-17T21:59:25Z;260399226;893.063.489.999.999;444.056.259.999.999;
GENOVA;CITTA' METROPOLITANA DI GENOVA;Liguria;Tire-Bouchon;2015;2015-10-25T18:20:01Z;3802495431;8.932.319;444.100.769;
GENOVA;CITTA' METROPOLITANA DI GENOVA;Liguria;Tumbler;2015;2015-12-02T23:08:21Z;632872119;885.255.959.999.999;444.240.635;
GENOVA;CITTA' METROPOLITANA DI GENOVA;Liguria;Vernissage;2012;2012-10-22T20:00:24Z;1978484076;89.365.684;444.011.961;
GENOVA;CITTA' METROPOLITANA DI GENOVA;Liguria;Wild Drink Cafè;2015;2015-05-12T08:46:01Z;317621119;90.324.823;443.844.331;
GENOVA;CITTA' METROPOLITANA DI GENOVA;Liguria;XO Food and Spirits Selection;2012;2012-06-04T10:23:03Z;262520022;8.944.043;444.031.109;
GENOVA;CITTA' METROPOLITANA DI GENOVA;Liguria;Zacaria;2012;2012-02-16T11:29:51Z;888875760;89.285.859;444.065.826;
LAVAGNA;CITTA' METROPOLITANA DI GENOVA;Liguria;Tana del Luppolo;2012;2012-09-30T19:30:17Z;1757399429;93.722.858;442.941.213;
SAVIGNONE;CITTA' METROPOLITANA DI GENOVA;Liguria;Claymore;2012;2012-10-26T21:54:38Z;1985054891;89.640.432;445.663.312;
SAVIGNONE;CITTA' METROPOLITANA DI GENOVA;Liguria;Fabbrica Birra Busalla;2014;2014-06-03T09:06:06Z;2896761561;89.555.032;445.671.935;
SAVIGNONE;CITTA' METROPOLITANA DI GENOVA;Liguria;Hermann Hesse;2013;2013-12-28T00:31:13Z;2597738500;89.896.461;445.645.956.999.999;
SERRA RICCO';CITTA' METROPOLITANA DI GENOVA;Liguria;Bulldog Pub;2012;2012-12-02T19:59:30Z;2046954724;8.939.733.499.999.990;445.212.828;
BONASSOLA;LA SPEZIA;Liguria;Bar Ristorante Lorella;2013;2013-11-21T09:50:21Z;1119930991;9.576.508;441.956.701;
DEIVA MARINA;LA SPEZIA;Liguria;;2012;2012-08-24T11:07:12Z;1880638380;95.137.433;442.164.354;
LA SPEZIA;LA SPEZIA;Liguria;La Taverna Del Metallo;2013;2013-01-27T16:25:04Z;2130996447;98.179.957;441.076.102;
RIOMAGGIORE;LA SPEZIA;Liguria;;2014;2014-06-10T11:09:59Z;2149694646;97.296.014;441.150.312.999.999;
ANGERA;VARESE;Lombardia;;2012;2012-10-02T08:28:53Z;307599006;86.183.157;457.861.309.999.999;
BARASSO;VARESE;Lombardia;Prins Willem;2015;2015-06-01T17:54:34Z;538424577;87.574.703;458.399.612.999.999;
BESNATE;VARESE;Lombardia;Bar New Deal;2015;2015-11-04T14:52:04Z;529487662;87.665.297;457.013.505.999.999;
BREBBIA;VARESE;Lombardia;;2015;2015-08-10T18:47:08Z;3690018137;86.583.515;458.374.146;
BREBBIA;VARESE;Lombardia;Il Nazionale;2012;2012-12-11T11:33:04Z;1174457817;864.791.559.999.999;458.299.156;
BRENTA;VARESE;Lombardia;Texas Bar;2012;2012-11-13T18:28:14Z;2012708266;869.068.719.999.999;458.935.195.999.999;
BUSTO ARSIZIO;VARESE;Lombardia;Bacco Tabacco e Venere;2014;2014-02-28T16:54:51Z;1859544748;8.824.804;456.073.416.999.999;
BUSTO ARSIZIO;VARESE;Lombardia;Cat & Bagpipes;2013;2013-12-23T13:33:18Z;2591414835;88.399.534;456.186.445;
BUSTO ARSIZIO;VARESE;Lombardia;Face 2 face;2010;2010-04-07T12:45:57Z;687472093;88.383.483;456.111.515.999.999;
BUSTO ARSIZIO;VARESE;Lombardia;Sella54;2015;2015-09-08T22:50:23Z;3735255501;88.402.659;456.207.774;
BUSTO ARSIZIO;VARESE;Lombardia;Strix Bar;2014;2014-03-23T11:54:02Z;2736317478;88.649.289;456.210.596;
BUSTO ARSIZIO;VARESE;Lombardia;The Millenium;2014;2014-02-28T22:27:17Z;2676867105;88.496.304;456.137.175;
BUSTO ARSIZIO;VARESE;Lombardia;The Poppinjay Pub;2014;2014-05-31T21:46:30Z;2892444913;88.378.504;456.116.419;
BUSTO ARSIZIO;VARESE;Lombardia;The wolf pub;2015;2015-12-28T11:08:06Z;2661130201;88.142.836;456.077.202.999.999;
CADREZZATE;VARESE;Lombardia;La Parada;2015;2015-12-14T17:46:09Z;476528163;86.449.155;457.982.276.999.999;
CAIRATE;VARESE;Lombardia;Bei Ben;2012;2012-08-07T15:35:24Z;1855745044;88.426.383;456.817.037;
CARDANO AL CAMPO;VARESE;Lombardia;Circolo Quarto Stato;2015;2015-06-01T18:08:40Z;2196688636;877.338.239.999.999;456.465.736.999.999;
CARNAGO;VARESE;Lombardia;Siebter Himmel;2015;2015-06-01T18:08:41Z;2467224523;882.628.839.999.999;457.198.923.999.999;
CASALZUIGNO;VARESE;Lombardia;;2010;2010-08-16T11:44:35Z;863095365;87.165.572;459.168.494.999.999;
CASORATE SEMPIONE;VARESE;Lombardia;Crazy Pub;2014;2014-10-10T16:18:41Z;3122518535;87.410.704;456.739.932.999.999;
CASTELLANZA;VARESE;Lombardia;Löwengrube;2015;2015-11-21T17:22:46Z;3849339377;88.848.661;45.614.401;
CASTELLANZA;VARESE;Lombardia;Queen Pub;2014;2014-10-19T18:55:24Z;1913865602;888.218.509.999.999;456.148.619;
CASTELSEPRIO;VARESE;Lombardia;Kapuziner Platz;2015;2015-02-27T07:07:45Z;3374366947;8.867.257;457.095.867.999.999;
CASTIGLIONE OLONA;VARESE;Lombardia;L'Andy LiveMusic;2014;2014-08-15T20:07:07Z;3018849685;88.698.589;457.424.625;
CASTRONNO;VARESE;Lombardia;Cupido;2011;2011-09-13T19:57:31Z;1432161825;88.148.629;457.456.608;
CISLAGO;VARESE;Lombardia;Il Ramo d'Oro;2012;2012-05-30T15:08:12Z;1770507552;89.719.855;456.582.447.999.999;
GALLARATE;VARESE;Lombardia;Bellaria;2013;2013-10-26T11:47:41Z;2281457828;87.664.502;456.685.102;
GALLARATE;VARESE;Lombardia;Il Barbaresco;2014;2014-09-12T14:16:28Z;2736317261;87.929.534;456.604.537.999.999;
GALLARATE;VARESE;Lombardia;La Taverna del Bucaniere;2016;2016-01-22T15:58:38Z;3959815685;87.916.127;456.598.595;
GALLARATE;VARESE;Lombardia;Muffy's;2015;2015-10-31T15:50:36Z;3807609971;8.779.881;456.689.458.999.999;
GALLARATE;VARESE;Lombardia;Route 66;2013;2013-09-29T11:10:42Z;2476439750;87.987.556;456.786.571;
GALLARATE;VARESE;Lombardia;The Australian Pub;2015;2015-11-28T15:40:31Z;3865219829;88.088.985;456.661.021.999.999;
GALLARATE;VARESE;Lombardia;The Donegal Pub;2014;2014-09-12T14:16:34Z;2517172306;87.974.595;456.675.589;
GALLARATE;VARESE;Lombardia;Warpipe;2013;2013-09-29T10:54:36Z;711171832;88.019.747;456.590.344;
GAVIRATE;VARESE;Lombardia;"Bar Caffè """"barbiis""""";2011;2011-10-29T14:57:40Z;292723173;87.414.681;458.289.611;
GEMONIO;VARESE;Lombardia;A.MA.LU;2014;2014-03-29T00:14:58Z;2750987911;86.720.828;458.802.725.999.999;
INARZO;VARESE;Lombardia;The Johnny Reb;2015;2015-11-12T15:34:02Z;2805925703;87.348.823;457.858.321;
INDUNO OLONA;VARESE;Lombardia;Excalibur Beer & Dreams s.r.l.;2015;2015-01-11T12:52:09Z;1591470017;885.377.989.999.999;458.578.511.999.999;
ISPRA;VARESE;Lombardia;Bar Forever;2008;2008-08-28T07:50:06Z;266674116;86.205.066;458.119.378;
LAVENO-MOMBELLO;VARESE;Lombardia;La Pinta;2015;2015-12-13T02:47:32Z;2225475068;86.192.366;459.086.898.999.999;
MORNAGO;VARESE;Lombardia;Café Racer;2016;2016-01-12T14:48:49Z;3941762734;87.336.644;457.309.097.999.999;
OLGIATE OLONA;VARESE;Lombardia;;2012;2012-09-13T08:43:04Z;1912537468;888.852.589.999.999;456.327.398.999.999;
ORIGGIO;VARESE;Lombardia;;2010;2010-03-04T10:01:20Z;660121664;90.144.688;455.852.860.999.999;
ORIGGIO;VARESE;Lombardia;Buenavista;2012;2012-10-29T14:18:54Z;1654210859;90.215.457;456.082.396.999.999;
ORINO;VARESE;Lombardia;La Rambla;2011;2011-12-27T20:08:40Z;1564262704;87.202.686;458.866.992;
PORTO VALTRAVAGLIA;VARESE;Lombardia;;2015;2015-08-19T21:50:01Z;3705630757;8.706.979;459.618.978.999.999;
SARONNO;VARESE;Lombardia;;2012;2012-09-09T16:32:21Z;1907124869;90.313.572;456.290.076;
SARONNO;VARESE;Lombardia;Bray Hill;2014;2014-11-25T17:32:40Z;1907140529;90.303.165;456.286.846;
SESTO CALENDE;VARESE;Lombardia;La Mosca Bianca;2015;2015-09-18T15:03:21Z;3749357559;86.398.864;457.252.433;
SOMMA LOMBARDO;VARESE;Lombardia;dal Capitano;2014;2014-03-01T14:07:59Z;2333695727;87.069.869;456.800.848;
SOMMA LOMBARDO;VARESE;Lombardia;Lord Nelson Pub;2014;2014-09-12T14:16:29Z;2333695723;870.711.069.999.999;456.803.037.999.999;
TRAVEDONA-MONATE;VARESE;Lombardia;Fuorigiri;2013;2013-06-13T13:01:12Z;2343277466;867.442.849.999.999;458.032.049.999.999;
TRAVEDONA-MONATE;VARESE;Lombardia;Murphy's Pub;2015;2015-11-10T12:53:17Z;2075330561;86.719.805;458.036.903;
VARESE;VARESE;Lombardia;Conrad;2014;2014-06-05T11:05:28Z;2783311658;88.259.148;458.207.144;
VARESE;VARESE;Lombardia;Extravagant Rock Bar Café;2012;2012-07-16T18:21:04Z;321494023;87.613.795;458.134.638;
VARESE;VARESE;Lombardia;Home;2014;2014-04-11T13:42:04Z;2783311659;88.260.618;45.820.852;
VARESE;VARESE;Lombardia;Kings Cross;2011;2011-04-25T09:08:59Z;1259236999;883.449.369.999.999;458.193.467.999.999;
VARESE;VARESE;Lombardia;La Botte;2014;2014-04-21T13:12:10Z;963124206;87.991.627;458.293.468.999.999;
VARESE;VARESE;Lombardia;Le Scale;2014;2014-09-23T14:52:17Z;3092492227;879.211.029.999.999;458.460.711;
VARESE;VARESE;Lombardia;Pub 99;2013;2013-08-04T21:43:32Z;2407361804;88.254.635;458.165.588;
VARESE;VARESE;Lombardia;Scuderie Cavallotti;2014;2014-04-11T13:42:04Z;2783311660;8.826.177;458.209.507.999.999;
VARESE;VARESE;Lombardia;The Scotsman;2014;2014-06-07T09:05:07Z;638403302;883.352.889.999.999;458.222.748.999.999;
VARESE;VARESE;Lombardia;Ul Pulaster s.r.l.;2015;2015-01-11T11:28:02Z;1637892702;87.966.865;458.095.319.999.999;
VEDANO OLONA;VARESE;Lombardia;Il fico d'India;2013;2013-03-04T21:45:52Z;2186320433;88.798.747;457.740.708.999.999;
VERGIATE;VARESE;Lombardia;Ralph's Pub;2015;2015-12-04T13:11:20Z;3876240566;868.003.339.999.999;457.202.144;
BREGNANO;COMO;Lombardia;Malamida;2013;2013-02-21T20:00:43Z;569626713;90.554.329;457.133.820.999.999;
BRIENNO;COMO;Lombardia;Birimbo Pub & Pizza;2012;2012-03-06T22:15:03Z;1663264175;913.132;459.111.376.999.999;
CABIATE;COMO;Lombardia;"Pub - Birreria """"Il Fundeghè""""";2015;2015-03-03T14:08:44Z;1399846058;916.561.579.999.999;456.760.039.999.999;
CANTU';COMO;Lombardia;All'unaetrentacinquecirca;2012;2012-09-24T07:36:27Z;974706161;91.152.003;457.413.186;
CARUGO;COMO;Lombardia;Tri Basei;2015;2015-09-29T16:07:52Z;3764114567;91.965.453;457.076.034.999.999;
CASNATE CON BERNATE;COMO;Lombardia;Duedipicche Live Pub;2012;2012-07-27T12:17:50Z;1839765863;90.830.075;457.606.663.999.999;
CASSINA RIZZARDI;COMO;Lombardia;;2009;2009-08-05T08:36:57Z;456745694;90.316.891;457.506.393.999.999;
CERMENATE;COMO;Lombardia;Amandla;2014;2014-08-27T21:33:05Z;3046498775;90.837.266;457.010.786.999.999;
CERNOBBIO;COMO;Lombardia;;2010;2010-06-08T08:49:37Z;767082940;90.751.361;458.406.183.999.999;
CERNOBBIO;COMO;Lombardia;Old England Pub;2014;2014-04-21T22:05:48Z;767084570;90.775.852;458.425.942;
COMO;COMO;Lombardia;35;2015;2015-07-20T19:11:27Z;1671272053;90.835.744;458.080.641.999.999;
COMO;COMO;Lombardia;Arnold' s;2014;2014-06-19T08:55:49Z;2888577617;90.661.476;458.158.247;
COMO;COMO;Lombardia;Civico XV;2014;2014-12-18T21:29:22Z;1481072323;9.093.934;457.989.232.999.999;
COMO;COMO;Lombardia;Geca;2015;2015-11-17T13:15:36Z;3840818982;90.929.275;458.001.158;
COMO;COMO;Lombardia;Il Birrivico;2015;2015-11-27T18:10:42Z;3863076192;907.248.839.999.999;458.109.250.999.999;
COMO;COMO;Lombardia;Pub Il Ritrovo;2011;2011-07-31T14:03:44Z;1340019582;90.585.292;458.008.531.999.999;
ERBA;COMO;Lombardia;Don Chisciotte;2011;2011-09-19T18:15:23Z;946458827;9.229.403;45.820.895;
GRANDOLA ED UNITI;COMO;Lombardia;;2014;2014-05-09T17:24:18Z;2846362246;920.918.829.999.999;460.315.862;
LANZO D'INTELVI;COMO;Lombardia;Music Pub Buena Vista;2010;2010-07-26T21:17:18Z;834660728;9.031.698;459.939.515;
LIVO;COMO;Lombardia;Bar St. Anna;2009;2009-06-21T18:22:29Z;307740344;93.036.188;461.684.612;
MONTANO LUCINO;COMO;Lombardia;Birreria Il Pirata;2012;2012-07-27T12:22:48Z;1839769458;90.420.394;457.859.843.999.999;
MONTANO LUCINO;COMO;Lombardia;Mc Nelly;2012;2012-07-27T12:21:25Z;1839768182;904.320.079.999.999;457.860.348.999.999;
PORLEZZA;COMO;Lombardia;Panama Lounge;2011;2011-02-24T16:41:07Z;425554103;91.226.179;460.331.637;
PORLEZZA;COMO;Lombardia;River Street;2012;2012-08-29T11:40:01Z;1888062957;91.196.169;460.338.962;
ROVELLASCA;COMO;Lombardia;;2012;2012-01-01T20:27:24Z;1573126065;9.050.008;45.667.603;
DAZIO;SONDRIO;Lombardia;Bar Coppa;2010;2010-09-01T14:41:59Z;891938125;96.009.457;461.607.848;
MORBEGNO;SONDRIO;Lombardia;Birreria TNT;2014;2014-09-14T22:06:18Z;674878973;956.856.619.999.999;461.304.141.999.999;
MORBEGNO;SONDRIO;Lombardia;Stop Over;2014;2014-08-20T12:10:30Z;892675250;95.660.229;461.400.349.999.999;
PIATEDA;SONDRIO;Lombardia;La Divina Commedia;2012;2012-06-17T21:13:12Z;1792404354;99.515.335;461.620.684;
SONDRIO;SONDRIO;Lombardia;;2013;2013-12-11T16:34:20Z;2575955921;98.685.093;461.608.231;
VALFURVA;SONDRIO;Lombardia;Black Bird's;2014;2014-04-27T08:34:45Z;2820155223;104.258.413;464.584.277;
VALFURVA;SONDRIO;Lombardia;Pub Camino;2014;2014-04-27T08:25:12Z;1756200657;104.942.598.999.999;464.117.217;
VERCEIA;SONDRIO;Lombardia;Circolo 'Al Sert';2011;2011-04-18T14:14:41Z;969828169;94.560.112;462.005.594.999.999;
ABBIATEGRASSO;CITTA' METROPOLITANA DI MILANO;Lombardia;;2009;2009-12-18T10:46:42Z;595587371;89.251.416;453.932.252;
ABBIATEGRASSO;CITTA' METROPOLITANA DI MILANO;Lombardia;Big 4;2016;2016-02-20T22:45:00Z;3677603957;89.158.059;453.941.579;
ABBIATEGRASSO;CITTA' METROPOLITANA DI MILANO;Lombardia;Castle Rock;2014;2014-10-03T16:24:13Z;598558461;89.194.995;453.978.305.999.999;
ABBIATEGRASSO;CITTA' METROPOLITANA DI MILANO;Lombardia;il Cantinone;2009;2009-11-05T19:05:10Z;557008065;891.800.059.999.999;453.955.909;
ABBIATEGRASSO;CITTA' METROPOLITANA DI MILANO;Lombardia;l'Ocarina;2009;2009-11-05T19:04:59Z;557007726;89.178.976;453.990.804.999.999;
ABBIATEGRASSO;CITTA' METROPOLITANA DI MILANO;Lombardia;"pub all'aperto """"il Castello""""";2009;2009-12-18T10:43:15Z;557007703;89.189.135;453.989.414.999.999;
ARESE;CITTA' METROPOLITANA DI MILANO;Lombardia;Number One;2012;2012-11-06T09:00:06Z;1999659141;907.538.609.999.999;455.560.947.999.999;
ARLUNO;CITTA' METROPOLITANA DI MILANO;Lombardia;AUNTY Nelly's MILL;2014;2014-02-02T11:57:49Z;2649588052;89.469.007;455.079.347;
BELLINZAGO LOMBARDO;CITTA' METROPOLITANA DI MILANO;Lombardia;;2010;2010-09-11T10:38:15Z;906715847;945.453.629.999.999;455.459.735;
BESATE;CITTA' METROPOLITANA DI MILANO;Lombardia;Texas Rangers Pub;2015;2015-03-07T19:44:54Z;3388106499;89.686.279;453.150.502;
BESATE;CITTA' METROPOLITANA DI MILANO;Lombardia;Zymè Pub;2014;2014-12-05T11:42:36Z;3220104397;896.881.179.999.999;453.118.423;
BOFFALORA SOPRA TICINO;CITTA' METROPOLITANA DI MILANO;Lombardia;;2013;2013-08-25T16:03:19Z;2431223386;88.345.318;454.677.178;
BOLLATE;CITTA' METROPOLITANA DI MILANO;Lombardia;cooperativa il circolino;2013;2013-03-15T13:51:48Z;2084598476;91.148.214;455.453.945;
BOLLATE;CITTA' METROPOLITANA DI MILANO;Lombardia;cooperativa il circolino;2013;2013-03-15T13:51:48Z;2084598476;91.148.214;455.453.945;
BOLLATE;CITTA' METROPOLITANA DI MILANO;Lombardia;El barrio loco;2012;2012-10-06T10:35:40Z;932365447;9.118.751;455.452.015.999.999;
BOLLATE;CITTA' METROPOLITANA DI MILANO;Lombardia;El barrio loco;2012;2012-10-06T10:35:40Z;932365447;9.118.751;455.452.015.999.999;
BOLLATE;CITTA' METROPOLITANA DI MILANO;Lombardia;Las Vegas Pub;2013;2013-12-27T22:34:44Z;540704416;9.096.747;45.556.975;
BOLLATE;CITTA' METROPOLITANA DI MILANO;Lombardia;Las Vegas Pub;2013;2013-12-27T22:34:44Z;540704416;9.096.747;45.556.975;
BRESSO;CITTA' METROPOLITANA DI MILANO;Lombardia;Officina della Birra;2010;2010-03-06T18:58:53Z;370260488;91.980.977;455.365.139.999.999;
BRESSO;CITTA' METROPOLITANA DI MILANO;Lombardia;Pollicino;2014;2014-01-23T11:56:58Z;660684257;91.874.477;455.425.071;
CANEGRATE;CITTA' METROPOLITANA DI MILANO;Lombardia;Beer Banti;2014;2014-06-03T11:53:37Z;2897015882;893.296;455.803.239;
CASOREZZO;CITTA' METROPOLITANA DI MILANO;Lombardia;;2015;2015-05-08T13:41:51Z;3505014331;890.015.769.999.999;455.238.722;
CASSANO D'ADDA;CITTA' METROPOLITANA DI MILANO;Lombardia;Oh My God;2010;2010-07-28T18:56:56Z;836658562;950.555.149.999.999;455.298.462;
CASSINA DE'PECCHI;CITTA' METROPOLITANA DI MILANO;Lombardia;;2015;2015-05-23T17:37:32Z;3539395950;93.680.112;455.166.012.999.999;
CASSINA DE'PECCHI;CITTA' METROPOLITANA DI MILANO;Lombardia;La Locanda del Pedro;2015;2015-03-17T10:21:37Z;3403634191;9.365.755;455.200.164.999.999;
CERRO MAGGIORE;CITTA' METROPOLITANA DI MILANO;Lombardia;Enotika;2014;2014-05-06T08:33:49Z;2836471448;89.528.722;455.893.718;
COLOGNO MONZESE;CITTA' METROPOLITANA DI MILANO;Lombardia;;2009;2009-05-31T13:24:34Z;413453163;92.810.819;45.524.925;
COLOGNO MONZESE;CITTA' METROPOLITANA DI MILANO;Lombardia;Big Murphy's;2015;2015-09-05T20:11:57Z;2183326683;92.675.445;455.180.943;
COLOGNO MONZESE;CITTA' METROPOLITANA DI MILANO;Lombardia;Lord Byron;2010;2010-09-17T11:35:50Z;915433043;92.712.574;455.245.539;
CORBETTA;CITTA' METROPOLITANA DI MILANO;Lombardia;;2010;2010-09-20T13:09:17Z;919567776;89.226.253;454.660.547;
CUSANO MILANINO;CITTA' METROPOLITANA DI MILANO;Lombardia;Blue Ship;2013;2013-11-28T17:54:30Z;352868186;91.758.603;455.468.733;
CUSANO MILANINO;CITTA' METROPOLITANA DI MILANO;Lombardia;Jumanji club;2015;2015-02-28T14:44:16Z;3376486893;91.865.668;455.572.261;
CUSANO MILANINO;CITTA' METROPOLITANA DI MILANO;Lombardia;Place's Pub;2012;2012-09-23T22:15:31Z;324191045;917.590.749.999.999;455.484.668;
INZAGO;CITTA' METROPOLITANA DI MILANO;Lombardia;Higlander Pub;2012;2012-07-08T01:42:58Z;1816999943;9.469.614;455.280.728.999.999;
LEGNANO;CITTA' METROPOLITANA DI MILANO;Lombardia;Barbaresco;2013;2013-03-29T15:49:44Z;1912502388;88.945.712;455.891.071;
LEGNANO;CITTA' METROPOLITANA DI MILANO;Lombardia;B Side;2014;2014-04-23T08:16:21Z;951715465;891.705.269.999.999;455.964.626.999.999;
LEGNANO;CITTA' METROPOLITANA DI MILANO;Lombardia;Caffè Tuxedo;2010;2010-10-06T21:53:43Z;939759811;89.260.971;456.007.274.999.999;
LEGNANO;CITTA' METROPOLITANA DI MILANO;Lombardia;Caffè Vertigo;2012;2012-09-17T09:14:47Z;940897103;89.156.798;456.014.653;
LEGNANO;CITTA' METROPOLITANA DI MILANO;Lombardia;Il Trittico;2014;2014-04-24T07:42:30Z;936019976;89.185.408;455.935.496;
LEGNANO;CITTA' METROPOLITANA DI MILANO;Lombardia;Kepos;2010;2010-10-06T16:39:56Z;939298768;89.130.427;455.965.037;
LEGNANO;CITTA' METROPOLITANA DI MILANO;Lombardia;La Cantina dei Giusti;2011;2011-12-05T18:57:33Z;936019973;89.187.125;455.924.567;
LEGNANO;CITTA' METROPOLITANA DI MILANO;Lombardia;La Luna nel Pozzo;2015;2015-08-14T11:15:14Z;939772682;89.304.223;456.003.553.999.999;
LEGNANO;CITTA' METROPOLITANA DI MILANO;Lombardia;Loola;2015;2015-09-11T16:05:09Z;3739305794;89.130.004;455.968.986.999.999;
LEGNANO;CITTA' METROPOLITANA DI MILANO;Lombardia;Madigan's Pub;2010;2010-10-07T23:50:05Z;940897100;891.468.139.999.999;456.039.651.999.999;
LEGNANO;CITTA' METROPOLITANA DI MILANO;Lombardia;Point of View;2012;2012-09-17T09:14:47Z;940897096;89.174.196;456.005.048;
LEGNANO;CITTA' METROPOLITANA DI MILANO;Lombardia;Red in the City;2010;2010-10-21T19:33:48Z;938876439;891.577.599.999.999;455.960.587;
LEGNANO;CITTA' METROPOLITANA DI MILANO;Lombardia;Saxa Rubra;2010;2010-10-06T16:39:57Z;939298773;89.111.866;455.988.833.999.999;
LEGNANO;CITTA' METROPOLITANA DI MILANO;Lombardia;Stomp;2012;2012-11-04T12:59:11Z;939759803;89.276.334;456.020.098.999.999;
LEGNANO;CITTA' METROPOLITANA DI MILANO;Lombardia;Texas Town;2014;2014-03-10T13:40:53Z;2708849025;8.903.714;455.970.676.999.999;
LEGNANO;CITTA' METROPOLITANA DI MILANO;Lombardia;The Mode;2015;2015-06-20T11:07:30Z;938876440;89.168.116;455.959.999.999.999;
LEGNANO;CITTA' METROPOLITANA DI MILANO;Lombardia;Yucca Caffe;2013;2013-04-26T10:34:18Z;939687131;89.100.757;456.003.621.999.999;
MAGENTA;CITTA' METROPOLITANA DI MILANO;Lombardia;All in cafè;2013;2013-05-25T18:46:26Z;846384695;888.516.579.999.999;454.737.173.999.999;
MAGENTA;CITTA' METROPOLITANA DI MILANO;Lombardia;Bar Colombo;2010;2010-05-27T22:51:26Z;752096798;88.473.902;454.603.195.999.999;
MAGENTA;CITTA' METROPOLITANA DI MILANO;Lombardia;Blue Angel;2014;2014-10-24T23:17:53Z;846384756;88.846.457;454.642.892.999.999;
MAGENTA;CITTA' METROPOLITANA DI MILANO;Lombardia;Caffè Manzoni;2015;2015-02-08T01:06:39Z;846384662;88.851.906;454.639.876;
MAGENTA;CITTA' METROPOLITANA DI MILANO;Lombardia;Celtic House;2012;2012-06-17T22:39:02Z;1276489608;88.678.673;454.594.080.999.999;
MAGENTA;CITTA' METROPOLITANA DI MILANO;Lombardia;Five Pub;2010;2010-09-12T18:17:21Z;846407754;88.946.889;454.639.785.999.999;
MAGENTA;CITTA' METROPOLITANA DI MILANO;Lombardia;Ideal cafè pub;2010;2010-08-07T14:15:07Z;848687797;88.804.785;454.685.767;
MAGENTA;CITTA' METROPOLITANA DI MILANO;Lombardia;La moraschina;2011;2011-12-13T13:01:52Z;752096830;88.466.779;454.599.286.999.999;
MAGENTA;CITTA' METROPOLITANA DI MILANO;Lombardia;Peyote cafe;2010;2010-12-14T23:15:01Z;1038747636;88.825.647;454.491.043;
MAGENTA;CITTA' METROPOLITANA DI MILANO;Lombardia;Scotch Club;2015;2015-08-18T18:55:51Z;846407738;88.943.442;454.677.799.999.999;
MAGENTA;CITTA' METROPOLITANA DI MILANO;Lombardia;Soho Pub;2010;2010-08-17T23:44:00Z;865409010;884.875.139.999.999;454.602.695.999.999;
MAGENTA;CITTA' METROPOLITANA DI MILANO;Lombardia;The Shamrock Inn 19;2010;2010-08-04T22:03:08Z;846384752;88.804.836;454.657.892;
MAGENTA;CITTA' METROPOLITANA DI MILANO;Lombardia;Wallaby Pub;2010;2010-08-04T22:22:54Z;846407746;88.903.434;454.693.557;
MELEGNANO;CITTA' METROPOLITANA DI MILANO;Lombardia;;2015;2015-03-06T16:52:54Z;3386171796;9.324.999;4.535.741;
MELEGNANO;CITTA' METROPOLITANA DI MILANO;Lombardia;Cavalier Ser Vito;2015;2015-03-06T16:50:34Z;1033158593;93.248.406;453.579.155.999.999;
MELZO;CITTA' METROPOLITANA DI MILANO;Lombardia;;2013;2013-04-25T14:34:28Z;2280958234;94.169.546;454.969.073.999.999;
MELZO;CITTA' METROPOLITANA DI MILANO;Lombardia;Birreria Sotto la Torre;2012;2012-07-09T22:54:38Z;1819541032;942.395.209.999.999;454.984.212;
MILANO;CITTA' METROPOLITANA DI MILANO;Lombardia;;2009;2009-09-23T09:38:59Z;506110369;918.022.629.999.999;454.437.604;
MILANO;CITTA' METROPOLITANA DI MILANO;Lombardia;;2010;2010-11-20T03:09:05Z;995633483;91.522.944;454.673.931;
MILANO;CITTA' METROPOLITANA DI MILANO;Lombardia;;2010;2010-11-24T22:38:18Z;1003136479;914.294.409.999.999;454.727.012;
MILANO;CITTA' METROPOLITANA DI MILANO;Lombardia;;2014;2014-07-02T11:27:04Z;2943323660;91.278.585;454.803.853;
MILANO;CITTA' METROPOLITANA DI MILANO;Lombardia;Abnormal;2015;2015-04-22T21:34:14Z;3472127842;91.814.693;454.409.248.999.999;
MILANO;CITTA' METROPOLITANA DI MILANO;Lombardia;Al Confine;2009;2009-10-11T14:23:59Z;528848408;91.706.728;454.565.354;
MILANO;CITTA' METROPOLITANA DI MILANO;Lombardia;Au Vieux Strasbourg;2015;2015-08-15T16:12:04Z;534340615;92.342.317;454.736.674.999.999;
MILANO;CITTA' METROPOLITANA DI MILANO;Lombardia;Baladin Milano;2013;2013-10-06T10:30:09Z;269924846;91.889.733;454.797.331.999.999;
MILANO;CITTA' METROPOLITANA DI MILANO;Lombardia;Banco;2015;2015-04-09T12:10:02Z;3446519536;91.716.692;454.512.755;
MILANO;CITTA' METROPOLITANA DI MILANO;Lombardia;Barbarian's;2015;2015-04-20T21:36:05Z;614695445;922.829.439.999.999;454.706.959.999.999;
MILANO;CITTA' METROPOLITANA DI MILANO;Lombardia;Bar Magenta;2012;2012-05-17T23:07:17Z;304775595;91.756.558;454.656.923;
MILANO;CITTA' METROPOLITANA DI MILANO;Lombardia;Batik;2008;2008-12-20T22:52:34Z;320363956;92.164.769;454.547.926.999.999;
MILANO;CITTA' METROPOLITANA DI MILANO;Lombardia;Biffi;2014;2014-08-29T16:43:59Z;3049189423;91.811.925;454.835.534.999.999;
MILANO;CITTA' METROPOLITANA DI MILANO;Lombardia;Birreria Stella;2012;2012-02-27T11:28:12Z;1650252755;922.629.049.999.999;454.685.247;
MILANO;CITTA' METROPOLITANA DI MILANO;Lombardia;Birrificio Lambrate;2012;2012-06-24T15:41:20Z;1679694028;92.344.697;454.796.769;
MILANO;CITTA' METROPOLITANA DI MILANO;Lombardia;Birrificio Lambrate;2015;2015-01-27T13:31:12Z;524320493;92.315.149;454.857.050.999.999;
MILANO;CITTA' METROPOLITANA DI MILANO;Lombardia;Blender;2012;2012-09-20T12:28:55Z;1923630892;92.235.692;454.686.908.999.999;
MILANO;CITTA' METROPOLITANA DI MILANO;Lombardia;Blue's Bikers;2009;2009-06-10T18:54:01Z;418360920;91.805.976;454.469.029.999.999;
MILANO;CITTA' METROPOLITANA DI MILANO;Lombardia;Blues Canal;2014;2014-04-07T11:28:51Z;2774913913;91.708.129;454.516.101.999.999;
MILANO;CITTA' METROPOLITANA DI MILANO;Lombardia;Bond;2014;2014-04-01T11:15:38Z;2758108713;91.713.435;454.508.610.999.999;
MILANO;CITTA' METROPOLITANA DI MILANO;Lombardia;BQ;2015;2015-02-08T09:35:05Z;411817076;916.488.189.999.999;454.865.483.999.999;
MILANO;CITTA' METROPOLITANA DI MILANO;Lombardia;BQ - Birra artigianale;2015;2015-09-23T11:51:03Z;2482369389;91.717.146;454.512.767;
MILANO;CITTA' METROPOLITANA DI MILANO;Lombardia;BQ - Pub;2014;2014-03-26T12:44:03Z;2744645396;917.021.349.999.999;454.509.477;
MILANO;CITTA' METROPOLITANA DI MILANO;Lombardia;Brasserie Bruxelles;2015;2015-03-26T18:25:21Z;1923838407;92.167.222;454.787.761.999.999;
MILANO;CITTA' METROPOLITANA DI MILANO;Lombardia;Camarillo Brillo;2011;2011-05-08T17:05:14Z;316123729;914.182.699.999.999;454.445.966.999.999;
MILANO;CITTA' METROPOLITANA DI MILANO;Lombardia;Cambridge;2015;2015-08-12T14:34:14Z;2226433641;922.305.169.999.999;454.676.716;
MILANO;CITTA' METROPOLITANA DI MILANO;Lombardia;camillo's Pub;2013;2013-03-26T22:57:02Z;2226705927;9.177.841;454.500.031;
MILANO;CITTA' METROPOLITANA DI MILANO;Lombardia;Canto VI;2009;2009-07-16T13:09:01Z;442571840;92.110.082;454.489.554;
MILANO;CITTA' METROPOLITANA DI MILANO;Lombardia;Cascina Martesana;2015;2015-05-07T18:37:08Z;3503468445;92.292.077;455.034.654.999.999;
MILANO;CITTA' METROPOLITANA DI MILANO;Lombardia;Chiringuito;2014;2014-07-02T11:07:41Z;411816864;91.286.846;454.802.593;
MILANO;CITTA' METROPOLITANA DI MILANO;Lombardia;Concordia Enoteca;2014;2014-04-01T11:15:38Z;2758108717;91.710.331;454.508.194;
MILANO;CITTA' METROPOLITANA DI MILANO;Lombardia;Diana Pub;2014;2014-09-28T11:10:09Z;2263327147;9.215.598;454.536.700.999.999;
MILANO;CITTA' METROPOLITANA DI MILANO;Lombardia;Drago Verde;2015;2015-06-19T18:30:06Z;3605721829;91.811.725;454.823.789;
MILANO;CITTA' METROPOLITANA DI MILANO;Lombardia;East End;2014;2014-09-08T05:07:00Z;1758176372;925.410.409.999.999;454.883.522;
MILANO;CITTA' METROPOLITANA DI MILANO;Lombardia;Fermento Art&Pub;2013;2013-05-30T15:24:26Z;2239150621;91.707.462;455.003.578;
MILANO;CITTA' METROPOLITANA DI MILANO;Lombardia;Frida;2016;2016-01-11T12:12:14Z;340096546;9.187.111;454.887.512;
MILANO;CITTA' METROPOLITANA DI MILANO;Lombardia;Frizzi & Lazzi;2009;2009-11-08T20:42:54Z;559731854;91.783.926;454.455.542.999.999;
MILANO;CITTA' METROPOLITANA DI MILANO;Lombardia;Gecho's pub;2013;2013-03-26T22:57:02Z;2226705938;9.176.693;454.452.422.999.999;
MILANO;CITTA' METROPOLITANA DI MILANO;Lombardia;Guru Pub;2015;2015-11-02T10:31:20Z;3813651277;91.448.145;454.452.258.999.999;
MILANO;CITTA' METROPOLITANA DI MILANO;Lombardia;Harp Pub;2014;2014-01-10T21:48:40Z;1679695858;922.552.179.999.999;454.772.546;
MILANO;CITTA' METROPOLITANA DI MILANO;Lombardia;Hemingway Café;2012;2012-11-26T08:24:07Z;2034349326;923.159.079.999.999;454.850.744;
MILANO;CITTA' METROPOLITANA DI MILANO;Lombardia;HonkyTonky;2008;2008-11-03T16:42:12Z;309697691;91.681.616;454.858.392;
MILANO;CITTA' METROPOLITANA DI MILANO;Lombardia;Hop;2008;2008-08-25T18:17:42Z;290993216;92.064.457;454.596.031;
MILANO;CITTA' METROPOLITANA DI MILANO;Lombardia;il Coccio;2010;2010-05-24T10:03:25Z;662838605;917.774;454.520.021;
MILANO;CITTA' METROPOLITANA DI MILANO;Lombardia;Il gatto e la volpe;2009;2009-08-05T19:00:35Z;281819167;9.198.145;454.949.166.999.999;
MILANO;CITTA' METROPOLITANA DI MILANO;Lombardia;Il Tombino;2008;2008-08-01T10:38:17Z;282646785;91.528.367;454.609.975.999.999;
MILANO;CITTA' METROPOLITANA DI MILANO;Lombardia;Indiana Post;2014;2014-03-26T12:44:04Z;2744645399;91.711.798;45.451.222;
MILANO;CITTA' METROPOLITANA DI MILANO;Lombardia;Isola Della Birra;2016;2016-01-29T15:12:07Z;2106515265;918.531.939.999.999;454.897.113.999.999;
MILANO;CITTA' METROPOLITANA DI MILANO;Lombardia;Jack Daniel's;2008;2008-11-03T16:43:40Z;309698190;91.672.861;454.866.636;
MILANO;CITTA' METROPOLITANA DI MILANO;Lombardia;Je suis Jambon;2015;2015-10-16T17:02:58Z;2954036032;92.122.145;455.148.525.999.999;
MILANO;CITTA' METROPOLITANA DI MILANO;Lombardia;JJ's corner;2013;2013-11-15T14:27:35Z;613614569;92.352.638;454.811.643.999.999;
MILANO;CITTA' METROPOLITANA DI MILANO;Lombardia;JustCafé;2012;2012-12-19T14:27:00Z;2074601161;92.278.179;454.819.285;
MILANO;CITTA' METROPOLITANA DI MILANO;Lombardia;Jutland Pub;2013;2013-08-12T15:27:44Z;2416148107;91.852.718;454.805.274;
MILANO;CITTA' METROPOLITANA DI MILANO;Lombardia;King's Cross Café;2012;2012-05-07T23:04:03Z;281828190;920.771.079.999.999;455.144.784;
MILANO;CITTA' METROPOLITANA DI MILANO;Lombardia;King's Pub;2010;2010-05-24T10:01:16Z;746951476;917.761.119.999.999;454.512.306;
MILANO;CITTA' METROPOLITANA DI MILANO;Lombardia;Kofler;2012;2012-12-13T09:03:33Z;2064483949;92.146.671;454.523.978;
MILANO;CITTA' METROPOLITANA DI MILANO;Lombardia;La Belle Alliance;2010;2010-03-16T09:54:02Z;667274860;91.793.109;45.446.229;
MILANO;CITTA' METROPOLITANA DI MILANO;Lombardia;La Belle Aurore;2016;2016-01-30T19:24:15Z;1969467067;9.214.541;454.719.304.999.999;
MILANO;CITTA' METROPOLITANA DI MILANO;Lombardia;La bottega del caffe' (Marinella);2010;2010-06-01T13:15:30Z;730982996;91.730.117;454.575.857;
MILANO;CITTA' METROPOLITANA DI MILANO;Lombardia;Lambiczoon;2015;2015-09-21T20:09:07Z;3753376616;92.132.343;454.539.095;
MILANO;CITTA' METROPOLITANA DI MILANO;Lombardia;La Nuova Milano;2015;2015-12-04T08:28:56Z;1476116765;924.366.569.999.999;454.380.631;
MILANO;CITTA' METROPOLITANA DI MILANO;Lombardia;La Pazzeria;2015;2015-09-28T22:14:35Z;245056043;91.380.479;454.615.975.999.999;
MILANO;CITTA' METROPOLITANA DI MILANO;Lombardia;La Ringhiera;2013;2013-04-11T08:32:46Z;2262460459;91.772.402;454.520.985.999.999;
MILANO;CITTA' METROPOLITANA DI MILANO;Lombardia;Le Coq;2014;2014-04-17T08:45:34Z;333755293;92.268.801;45.470.509;
MILANO;CITTA' METROPOLITANA DI MILANO;Lombardia;Le Fontanelle;2008;2008-10-04T11:12:39Z;301979316;91.777.271;454.518.539.999.999;
MILANO;CITTA' METROPOLITANA DI MILANO;Lombardia;L'osteria di Lambrate;2015;2015-02-28T15:36:22Z;1921825115;92.360.635;454.831.971.999.999;
MILANO;CITTA' METROPOLITANA DI MILANO;Lombardia;Lucky Actors;2014;2014-09-15T19:29:38Z;3078972718;91.887.328;454.809.223.999.999;
MILANO;CITTA' METROPOLITANA DI MILANO;Lombardia;Maga Furla;2015;2015-10-10T08:29:46Z;2237701014;921.186.739.999.999;455.095.876;
MILANO;CITTA' METROPOLITANA DI MILANO;Lombardia;Marghera 37;2008;2008-07-27T22:27:25Z;281593280;91.523.306;454.667.859.999.999;
MILANO;CITTA' METROPOLITANA DI MILANO;Lombardia;Mary Rose;2012;2012-09-06T07:27:10Z;1901845023;92.247.833;454.903.669.999.999;
MILANO;CITTA' METROPOLITANA DI MILANO;Lombardia;Matricola;2015;2015-02-28T23:03:43Z;310072010;92.233.689;454.757.091.999.999;
MILANO;CITTA' METROPOLITANA DI MILANO;Lombardia;Mayflower pub;2013;2013-03-26T22:57:02Z;2226705950;91.762.958;454.456.223.999.999;
MILANO;CITTA' METROPOLITANA DI MILANO;Lombardia;Mind the Step;2015;2015-02-28T23:06:23Z;3377195208;92.234.256;454.742.998.999.999;
MILANO;CITTA' METROPOLITANA DI MILANO;Lombardia;Mom;2009;2009-02-15T14:07:34Z;345599465;920.616.429.999.999;454.587.087;
MILANO;CITTA' METROPOLITANA DI MILANO;Lombardia;Mulligan's;2010;2010-04-18T09:44:21Z;392260544;91.677.073;454.893.823;
MILANO;CITTA' METROPOLITANA DI MILANO;Lombardia;Murphy's Law;2013;2013-08-01T18:54:52Z;2404012459;91.666.413;454.550.412.999.999;
MILANO;CITTA' METROPOLITANA DI MILANO;Lombardia;Murphy's Pub;2012;2012-06-26T21:22:24Z;333755292;92.280.645;454.696.963.999.999;
MILANO;CITTA' METROPOLITANA DI MILANO;Lombardia;Neon;2009;2009-11-21T01:12:16Z;567547732;923.646.059.999.999;454.807.579;
MILANO;CITTA' METROPOLITANA DI MILANO;Lombardia;Nibida Theatre;2014;2014-11-15T16:58:41Z;3188691739;91.762.839;454.490.246;
MILANO;CITTA' METROPOLITANA DI MILANO;Lombardia;Nordest;2014;2014-10-24T10:53:39Z;281819178;91.888.396;454.893.238;
MILANO;CITTA' METROPOLITANA DI MILANO;Lombardia;Nox;2009;2009-11-08T20:42:40Z;559731761;917.864.999.999.999;454.457.348.999.999;
MILANO;CITTA' METROPOLITANA DI MILANO;Lombardia;O' Connell Country Pub;2012;2012-04-22T15:56:39Z;1726715782;91.879.899;454.696.071.999.999;
MILANO;CITTA' METROPOLITANA DI MILANO;Lombardia;Osteria delle Erbe;2009;2009-10-24T00:14:45Z;539236919;921.116.909.999.999;455.145.989;
MILANO;CITTA' METROPOLITANA DI MILANO;Lombardia;Outback café;2015;2015-05-06T16:51:17Z;313056107;92.016.606;454.803.007;
MILANO;CITTA' METROPOLITANA DI MILANO;Lombardia;Pab Regina;2013;2013-10-06T21:03:26Z;2485605761;91.846.279;454.717.703.999.999;
MILANO;CITTA' METROPOLITANA DI MILANO;Lombardia;Paperoga;2013;2013-09-17T06:24:26Z;2461220919;92.300.155;454.648.650.999.999;
MILANO;CITTA' METROPOLITANA DI MILANO;Lombardia;Pinch;2015;2015-02-15T14:28:36Z;3351978678;91.704.697;454.507.167;
MILANO;CITTA' METROPOLITANA DI MILANO;Lombardia;Pogue Mahone;2009;2009-07-03T11:08:04Z;258035689;92.037.648;454.506.704;
MILANO;CITTA' METROPOLITANA DI MILANO;Lombardia;Ponte Vecchio Pub;2013;2013-03-26T22:57:02Z;2226705962;91.771.597;454.492.053;
MILANO;CITTA' METROPOLITANA DI MILANO;Lombardia;Pub24;2014;2014-10-24T10:38:04Z;2438877458;918.911.529.999.999;454.884.109.999.999;
MILANO;CITTA' METROPOLITANA DI MILANO;Lombardia;Radetzky Café;2015;2015-10-23T18:34:18Z;269924613;918.506.009.999.999;454.784.549;
MILANO;CITTA' METROPOLITANA DI MILANO;Lombardia;Red Dragon;2010;2010-06-01T13:25:07Z;746952033;91.751.395;454.532.361.999.999;
MILANO;CITTA' METROPOLITANA DI MILANO;Lombardia;Rick's Cafe;2015;2015-10-23T18:34:19Z;270728686;91.842.372;454.781.538;
MILANO;CITTA' METROPOLITANA DI MILANO;Lombardia;Rock'n'Roll Milano;2014;2014-12-30T09:30:41Z;3259520916;92.075.644;454.925.337.999.999;
MILANO;CITTA' METROPOLITANA DI MILANO;Lombardia;Rosso Borsieri;2014;2014-10-24T10:38:04Z;2479398382;9.188.807;454.869.266.999.999;
MILANO;CITTA' METROPOLITANA DI MILANO;Lombardia;Scott Duff;2015;2015-07-17T14:20:11Z;269924649;918.326.869.999.999;454.799.221.999.999;
MILANO;CITTA' METROPOLITANA DI MILANO;Lombardia;Slice Cafè;2010;2010-03-06T13:23:40Z;661079651;91.780.228;454.507.319;
MILANO;CITTA' METROPOLITANA DI MILANO;Lombardia;Sohos;2015;2015-05-06T16:51:17Z;313056102;92.015.922;454.801.746.999.999;
MILANO;CITTA' METROPOLITANA DI MILANO;Lombardia;Stalingrado;2009;2009-10-26T16:25:12Z;539125787;91.602.181;454.867.966.999.999;
MILANO;CITTA' METROPOLITANA DI MILANO;Lombardia;Tardis;2015;2015-07-22T09:25:47Z;3661352945;91.925.759;455.238.074;
MILANO;CITTA' METROPOLITANA DI MILANO;Lombardia;Taxi Blues;2010;2010-01-11T10:37:01Z;506114631;91.897.644;454.511.268.999.999;
MILANO;CITTA' METROPOLITANA DI MILANO;Lombardia;Tempi moderni;2008;2008-07-28T22:29:07Z;281828130;9.208.342;455.141.993;
MILANO;CITTA' METROPOLITANA DI MILANO;Lombardia;Tequila;2008;2008-07-28T21:57:10Z;281819170;9.197.087;454.950.751;
MILANO;CITTA' METROPOLITANA DI MILANO;Lombardia;The Good Life;2015;2015-03-06T18:04:54Z;3386281235;91.831.976;454.892.647;
MILANO;CITTA' METROPOLITANA DI MILANO;Lombardia;The Manhattan;2015;2015-07-17T14:20:11Z;374411346;91.841.339;454.790.873;
MILANO;CITTA' METROPOLITANA DI MILANO;Lombardia;The Old Fox Pub;2015;2015-12-05T17:02:49Z;272876491;91.707.141;454.587.600.999.999;
MILANO;CITTA' METROPOLITANA DI MILANO;Lombardia;The Saints and the Scholars;2013;2013-08-13T07:46:49Z;392260637;916.752.709.999.999;454.890.332;
MILANO;CITTA' METROPOLITANA DI MILANO;Lombardia;Tin Whistle;2011;2011-05-08T17:05:15Z;318431242;91.447.194;454.451.929;
MILANO;CITTA' METROPOLITANA DI MILANO;Lombardia;Tipota Pub;2014;2014-09-19T14:01:45Z;3086120710;91.807.032;454.452.562.999.999;
MILANO;CITTA' METROPOLITANA DI MILANO;Lombardia;Tizzy's Pub;2014;2014-03-26T12:44:04Z;2744645400;91.715.708;454.512.272.999.999;
MILANO;CITTA' METROPOLITANA DI MILANO;Lombardia;Triky's Inn;2012;2012-11-05T15:45:57Z;422552820;91.847.384;454.714.809;
MILANO;CITTA' METROPOLITANA DI MILANO;Lombardia;Vinyl;2014;2014-08-31T11:45:37Z;3051686250;91.875.031;454.877.272;
MILANO;CITTA' METROPOLITANA DI MILANO;Lombardia;Volo;2009;2009-12-16T12:15:58Z;593509312;9.194.495;45.450.988;
MILANO;CITTA' METROPOLITANA DI MILANO;Lombardia;Wasabi;2014;2014-07-15T13:08:01Z;2964293266;9.187.804;454.896.876;
MILANO;CITTA' METROPOLITANA DI MILANO;Lombardia;Whisky Bar;2010;2010-03-19T12:13:54Z;543398353;91.641.843;454.830.607.999.999;
MILANO;CITTA' METROPOLITANA DI MILANO;Lombardia;Wizard;2008;2008-10-04T11:12:09Z;301979235;91.692.728;45.450.409;
MILANO;CITTA' METROPOLITANA DI MILANO;Lombardia;Woodstock;2009;2009-05-21T10:00:05Z;408781426;91.553.746;454.474.585.999.999;
MILANO;CITTA' METROPOLITANA DI MILANO;Lombardia;Zhizun Pub;2016;2016-01-29T15:09:35Z;3976146298;91.847.285;454.914.095;
OPERA;CITTA' METROPOLITANA DI MILANO;Lombardia;;2010;2010-03-23T19:54:53Z;672889143;92.118.945;453.776.986;
OPERA;CITTA' METROPOLITANA DI MILANO;Lombardia;;2014;2014-10-20T02:25:28Z;672898625;92.120.018;453.743.223;
OPERA;CITTA' METROPOLITANA DI MILANO;Lombardia;American Bar;2011;2011-10-26T08:21:28Z;672888406;92.127.528;45.377.352;
PADERNO DUGNANO;CITTA' METROPOLITANA DI MILANO;Lombardia;Bar Millennium;2015;2015-01-26T20:52:47Z;1767522806;916.181.669.999.999;455.680.039;
PADERNO DUGNANO;CITTA' METROPOLITANA DI MILANO;Lombardia;Discovery Pub;2015;2015-11-19T21:04:24Z;3845542092;91.884.389;455.697.835;
PADERNO DUGNANO;CITTA' METROPOLITANA DI MILANO;Lombardia;Pub Birreria Le Giraffe;2013;2013-11-09T14:54:27Z;2525339118;91.638.309;455.562.273;
PARABIAGO;CITTA' METROPOLITANA DI MILANO;Lombardia;La compagnia del luppolo;2015;2015-08-01T10:08:23Z;3676153611;893.763.279.999.999;455.608.776.999.999;
PESSANO CON BORNAGO;CITTA' METROPOLITANA DI MILANO;Lombardia;Birreria Labocs;2015;2015-09-07T20:44:16Z;3733653825;9.394.043;455.439.239.999.999;
POGLIANO MILANESE;CITTA' METROPOLITANA DI MILANO;Lombardia;Due Spade;2013;2013-08-23T10:57:46Z;2429053374;89.896.942;455.367.006.999.999;
POGLIANO MILANESE;CITTA' METROPOLITANA DI MILANO;Lombardia;Paddy Cullens;2014;2014-02-03T09:18:02Z;2429053375;8.989.461;455.363.119;
SAN DONATO MILANESE;CITTA' METROPOLITANA DI MILANO;Lombardia;Bunshee;2014;2014-01-23T16:22:56Z;1922469810;92.585.807;454.204.046.999.999;
SAN DONATO MILANESE;CITTA' METROPOLITANA DI MILANO;Lombardia;Red Oak;2015;2015-12-24T23:58:06Z;1922482663;926.521.559.999.999;454.232.725;
SAN DONATO MILANESE;CITTA' METROPOLITANA DI MILANO;Lombardia;Stoker;2012;2012-06-08T21:42:17Z;1780898658;925.435.689.999.999;454.190.665;
SESTO SAN GIOVANNI;CITTA' METROPOLITANA DI MILANO;Lombardia;CONSORZIO BIRRE PUB;2015;2015-02-02T14:47:13Z;3320456610;92.222.331;455.358.515;
SESTO SAN GIOVANNI;CITTA' METROPOLITANA DI MILANO;Lombardia;Elf's Inn;2015;2015-05-17T15:48:01Z;3523785342;92.371.365;455.319.586.999.999;
SESTO SAN GIOVANNI;CITTA' METROPOLITANA DI MILANO;Lombardia;la baracca;2012;2012-10-25T16:35:15Z;1982605428;9.249.968;455.264.662;
SESTO SAN GIOVANNI;CITTA' METROPOLITANA DI MILANO;Lombardia;Madrigal Irish Pub;2015;2015-01-30T10:10:30Z;3309054561;92.201.308;455.357.948.999.999;
ALBINO;BERGAMO;Lombardia;Bier Stube;2015;2015-12-13T12:18:30Z;3885321520;98.010.005;457.598.290.999.999;
ALBINO;BERGAMO;Lombardia;Kavanagh's Irish Pub;2015;2015-12-13T12:18:30Z;3885323026;97.966.756;457.571.724;
ALME';BERGAMO;Lombardia;Tivoli Pub;2013;2013-10-16T13:16:23Z;1516214148;96.121.116;457.393.922.999.999;
ALZANO LOMBARDO;BERGAMO;Lombardia;The Show Cafe;2011;2011-03-09T02:03:34Z;840726746;97.396.566;457.334.074.999.999;
BERGAMO;BERGAMO;Lombardia;Fusti;2014;2014-11-07T07:06:53Z;1307080539;96.779.779;457.037.612.999.999;
BERGAMO;BERGAMO;Lombardia;Gasthouse;2015;2015-10-23T12:23:37Z;3799292620;96.610.338;456.750.118;
BERGAMO;BERGAMO;Lombardia;Irish Pub;2014;2014-11-26T20:28:02Z;3206750025;96.725.732;456.932.535.999.999;
BERGAMO;BERGAMO;Lombardia;O'deas;2014;2014-09-17T10:20:20Z;3081527890;970.741.939.999.999;456.886.949;
BERGAMO;BERGAMO;Lombardia;Osteria della Birra;2012;2012-06-19T15:49:14Z;1794616850;965.996.679.999.999;457.051.671.999.999;
BERGAMO;BERGAMO;Lombardia;Pub 2001;2013;2013-03-29T09:24:15Z;921187725;96.641.475;456.971.960.999.999;
BERGAMO;BERGAMO;Lombardia;Tucan's Pub;2012;2012-03-30T06:09:20Z;1697256837;96.649.119;457.029.331;
BONATE SOPRA;BERGAMO;Lombardia;Enostrano;2012;2012-11-20T10:53:26Z;1832077347;95.668.515;456.783.292;
CAPRINO BERGAMASCO;BERGAMO;Lombardia;Abbazia di Sherwood;2014;2014-07-30T09:56:45Z;2987431077;9.483.317;457.390.854;
CARAVAGGIO;BERGAMO;Lombardia;Piper Pub;2013;2013-10-13T09:02:59Z;1816999942;96.499.878;454.852.174.999.999;
CERETE;BERGAMO;Lombardia;Pub Crazy Logic;2012;2012-06-25T09:29:37Z;1801490698;99.953.781;458.670.309.999.999;
CISERANO;BERGAMO;Lombardia;King's head;2011;2011-07-23T12:39:31Z;1371034329;95.951.141;455.879.211.999.999;
CLUSONE;BERGAMO;Lombardia;Orient Express;2014;2014-08-28T14:27:27Z;3047466355;9.949.574;458.867.703;
LALLIO;BERGAMO;Lombardia;Original Bier Fest;2012;2012-04-06T16:23:07Z;1704714583;96.308.729;456.622.903;
LOVERE;BERGAMO;Lombardia;La Lanterna;2010;2010-05-28T14:09:56Z;670216833;10.072.908;458.153.305;
MONTELLO;BERGAMO;Lombardia;;2011;2011-07-05T21:09:58Z;1350724051;980.532.069.999.999;456.699.933;
NEMBRO;BERGAMO;Lombardia;The Dome;2015;2015-12-13T12:18:30Z;3885332769;97.817.455;457.521.656.999.999;
PIAZZATORRE;BERGAMO;Lombardia;Pub L'Oca d'oro;2015;2015-09-07T08:16:45Z;3732583529;968.154.039.999.999;459.900.495.999.999;
PONTE NOSSA;BERGAMO;Lombardia;900;2012;2012-06-21T07:44:02Z;1796715197;98.840.325;458.668.011.999.999;
PONTE SAN PIETRO;BERGAMO;Lombardia;;2012;2012-07-17T09:32:33Z;1828376676;95.893.925;456.969.769.999.999;
PONTE SAN PIETRO;BERGAMO;Lombardia;Ritrovo Brasil;2012;2012-07-22T17:44:23Z;1825340917;958.113.389.999.999;457.035.691.999.999;
ROMANO DI LOMBARDIA;BERGAMO;Lombardia;Cocchia's Pub;2014;2014-02-26T00:41:01Z;2690544567;97.592.979;455.378.681.999.999;
SCHILPARIO;BERGAMO;Lombardia;;2013;2013-08-06T10:09:32Z;2408713753;101.583.863.999.999;46.006.967;
SERIATE;BERGAMO;Lombardia;Mc Maier's;2014;2014-10-01T14:57:52Z;3105527676;971.635.599.999.999;456.851.247;
SOVERE;BERGAMO;Lombardia;La Pergola;2010;2010-04-19T08:27:23Z;671198705;100.326.003;458.089.496.999.999;
SPIRANO;BERGAMO;Lombardia;Bar Spyros;2012;2012-03-23T16:34:40Z;1687405351;966.750.249.999.999;455.828.674.999.999;
SPIRANO;BERGAMO;Lombardia;Disco Planet;2012;2012-03-23T17:28:58Z;1687457793;96.665.697;455.831.828;
SPIRANO;BERGAMO;Lombardia;Ex - Wooden Circus;2012;2012-03-23T16:22:52Z;1687395758;96.721.159;455.809.602;
SPIRANO;BERGAMO;Lombardia;Mafalda;2012;2012-03-23T14:57:14Z;1687312075;96.700.024;455.810.353;
TORRE DE'ROVERI;BERGAMO;Lombardia;;2012;2012-05-31T16:08:56Z;1059538963;97.719.778;456.999.598;
VERDELLINO;BERGAMO;Lombardia;;2012;2012-07-04T15:42:14Z;1812732661;96.112.895;456.024.378.999.999;
VILMINORE DI SCALVE;BERGAMO;Lombardia;Chalet Engadina;2011;2011-11-18T22:31:04Z;1507844941;100.952.693;459.951.559;
BERZO DEMO;BRESCIA;Lombardia;Birreria Panineria Planet;2015;2015-09-13T21:19:37Z;860290543;103.318.777;460.865.275.999.999;
BORGO SAN GIACOMO;BRESCIA;Lombardia;Osteria Il Bianchino;2011;2011-08-21T06:20:24Z;1406762022;9.995.946;453.600.074;
BORNO;BRESCIA;Lombardia;Birreria Paninoteca Rock & Blues;2015;2015-08-25T21:06:31Z;3563344310;102.069.913;459.480.105;
BORNO;BRESCIA;Lombardia;Friends;2015;2015-08-03T19:51:40Z;2998623420;102.054.519.999.999;459.474.432;
BORNO;BRESCIA;Lombardia;Meeting Pub;2015;2015-07-10T20:07:18Z;2999691848;102.200.495;459.448.215.999.999;
BORNO;BRESCIA;Lombardia;TedaRè;2015;2015-09-19T16:28:38Z;3750654065;102.062.059;459.477.157;
BOVEGNO;BRESCIA;Lombardia;Kicco's Pub;2014;2014-07-14T19:23:59Z;2963202146;102.739.154.999.999;457.938.127.999.999;
BRAONE;BRESCIA;Lombardia;Sunset Saloon;2013;2013-08-28T09:07:31Z;387402359;103.316.208;459.897.159;
BRENO;BRESCIA;Lombardia;;2014;2014-06-02T22:22:44Z;2896342808;102.972.037;459.536.737.999.999;
BRESCIA;BRESCIA;Lombardia;;2012;2012-05-26T10:57:25Z;1653057147;102.207.536.999.999;455.354.237;
BRESCIA;BRESCIA;Lombardia;Arnaldienplatz;2015;2015-01-08T18:40:14Z;3268574688;102.288.289.999.999;455.357.249.999.999;
BRESCIA;BRESCIA;Lombardia;Bar Birreria La Taverna di Paola;2013;2013-06-07T21:37:24Z;2336343621;102.088.084;455.425.250.999.999;
BRESCIA;BRESCIA;Lombardia;Bar Gibo;2015;2015-10-27T14:18:32Z;3351938073;10.212.567;455.516.324.999.999;
BRESCIA;BRESCIA;Lombardia;Birreria Metropolis;2013;2013-09-28T09:04:58Z;2283068255;102.158.149;455.683.243;
BRESCIA;BRESCIA;Lombardia;Birreria Terzo Tempo;2014;2014-03-14T11:36:35Z;2481414993;102.195.154;455.591.257;
BRESCIA;BRESCIA;Lombardia;Black Sheep;2015;2015-10-16T01:06:23Z;2917125553;102.250.006;455.368.215;
BRESCIA;BRESCIA;Lombardia;Casa Magazzino 47;2015;2015-02-15T13:52:55Z;621146282;102.000.414.999.999;455.425.158.999.999;
BRESCIA;BRESCIA;Lombardia;Circolab;2014;2014-07-30T12:21:40Z;636098774;102.162.983;455.416.590.999.999;
BRESCIA;BRESCIA;Lombardia;Croce Bianca;2015;2015-08-24T20:50:46Z;2647502598;102.159.232;455.448.967;
BRESCIA;BRESCIA;Lombardia;Fermento;2013;2013-03-29T08:04:03Z;1696047987;10.182.078;455.316.505.999.999;
BRESCIA;BRESCIA;Lombardia;La Pulce;2013;2013-10-30T17:08:57Z;2483279341;102.120.947.999.999;455.443.951.999.999;
BRESCIA;BRESCIA;Lombardia;La Tana del Lupo;2014;2014-05-11T14:55:01Z;2590107823;101.942.334;455.147.504.999.999;
BRESCIA;BRESCIA;Lombardia;Latteria artigianale Molloy;2015;2015-03-01T17:44:22Z;2467651708;102.472.803;455.275.748.999.999;
BRESCIA;BRESCIA;Lombardia;Martha;2014;2014-01-07T10:29:57Z;1610791015;10.221.873;455.403.031.999.999;
BRESCIA;BRESCIA;Lombardia;Old Roger Pub;2015;2015-06-27T00:05:58Z;3494748570;102.264.405;455.146.038.999.999;
BRESCIA;BRESCIA;Lombardia;Spazio Arnaldo;2012;2012-12-23T09:58:05Z;2079584369;102.306.077;455.364.021.999.999;
BRESCIA;BRESCIA;Lombardia;Taverna Cafè Estrella;2014;2014-06-15T09:43:57Z;2917125554;102.248.368;455.368.495;
BRESCIA;BRESCIA;Lombardia;Torre d'Ercole;2015;2015-11-06T12:40:31Z;2401404618;102.250.210.999.999;455.383.292;
BRESCIA;BRESCIA;Lombardia;Tower Pub;2013;2013-03-29T08:04:06Z;1531170518;101.795.300.999.999;455.282.415;
BRESCIA;BRESCIA;Lombardia;Xander Beer;2013;2013-02-01T09:53:42Z;2107023756;102.018.267;455.343.621.999.999;
CALCINATO;BRESCIA;Lombardia;Birreria Astoria;2013;2013-03-16T13:04:35Z;2204531992;104.090.249;454.753.077;
CALVISANO;BRESCIA;Lombardia;Tango e Chet;2013;2013-11-17T16:50:56Z;2536718455;103.407.569;453.432.286.999.999;
CEVO;BRESCIA;Lombardia;Chalet Pineta;2011;2011-12-28T16:40:42Z;1565504337;103.680.149;460.837.057.999.999;
CONCESIO;BRESCIA;Lombardia;B52;2016;2016-01-21T23:31:26Z;3958833964;101.930.637.999.999;456.113.238;
DESENZANO DEL GARDA;BRESCIA;Lombardia;The Fiddler of Dooney;2013;2013-07-06T14:04:39Z;736189998;105.387.125;454.704.741.999.999;
DESENZANO DEL GARDA;BRESCIA;Lombardia;The Main Street;2012;2012-05-12T15:28:03Z;1328606598;105.318.517;454.699.504;
EDOLO;BRESCIA;Lombardia;Galletto Food&Drink;2015;2015-05-29T08:15:40Z;442869272;103.383.395.999.999;461.821.739;
EDOLO;BRESCIA;Lombardia;Il Pub;2012;2012-06-11T13:24:24Z;1783512688;103.341.207;461.815.895;
EDOLO;BRESCIA;Lombardia;La Siesta;2009;2009-01-29T14:19:30Z;338921554;103.259.858;461.786.964;
EDOLO;BRESCIA;Lombardia;Pub Lady Rose;2012;2012-06-11T13:25:51Z;338923088;103.300.968.999.999;461.802.525;
GARDONE RIVIERA;BRESCIA;Lombardia;Bar Riviera;2013;2013-04-10T09:53:45Z;2261337471;105.580.602;456.171.235.999.999;
GARDONE RIVIERA;BRESCIA;Lombardia;Pinguino Giallo;2013;2013-05-19T16:56:03Z;1876004526;105.589.806.999.999;456.178.833.999.999;
GARGNANO;BRESCIA;Lombardia;;2011;2011-09-18T16:13:24Z;1436592585;106.633.429;457.148.679;
GARGNANO;BRESCIA;Lombardia;Sing;2012;2012-11-05T21:36:22Z;1996703584;106.509.719;456.739.597.999.999;
GHEDI;BRESCIA;Lombardia;Nuova Birreria Saloon;2012;2012-11-05T19:50:41Z;1999105208;10.271.112;453.987.697;
GHEDI;BRESCIA;Lombardia;Roadhouse;2013;2013-10-16T16:43:46Z;2008128591;103.021.233.999.999;454.011.710.999.999;
LENO;BRESCIA;Lombardia;El Dorado;2015;2015-12-12T10:11:00Z;3888869812;102.081.506.999.999;453.656.848.999.999;
MANERBA DEL GARDA;BRESCIA;Lombardia;;2011;2011-09-18T16:13:16Z;1436592389;105.367.231;455.678.951;
MANERBA DEL GARDA;BRESCIA;Lombardia;Baia Bianca;2015;2015-09-27T16:36:15Z;3761625423;105.567.948;455.361.868;
MANERBA DEL GARDA;BRESCIA;Lombardia;Bambù;2014;2014-05-02T08:10:17Z;2830886712;105.535.353;455.563.329;
MANERBA DEL GARDA;BRESCIA;Lombardia;Chiosco Bellavista;2015;2015-05-13T06:40:53Z;3514035102;105.585.707;45.551.068;
MANERBA DEL GARDA;BRESCIA;Lombardia;Gambrino;2015;2015-06-22T16:13:03Z;2822219990;10.546.256;455.644.424.999.999;
MANERBA DEL GARDA;BRESCIA;Lombardia;Manerba Brewery;2015;2015-10-09T08:25:20Z;3779221700;105.320.661.999.999;455.446.389;
MANERBA DEL GARDA;BRESCIA;Lombardia;Nasimi Beach;2014;2014-12-01T11:05:31Z;1430257786;105.484.592;455.703.030.999.999;
MANERBIO;BRESCIA;Lombardia;BABB;2013;2013-02-01T09:52:16Z;2137074783;101.479.946;453.599.844;
MANERBIO;BRESCIA;Lombardia;Bridge's pub;2013;2013-08-27T13:13:33Z;2433650807;101.461.161;453.605.023;
MARCHENO;BRESCIA;Lombardia;Birreria della piazzetta;2014;2014-05-31T08:56:23Z;2890943771;102.300.346.999.999;457.218.322;
MARONE;BRESCIA;Lombardia;Bar Baia del Sol;2011;2011-06-01T17:40:30Z;384790977;100.775.123;457.578.092.999.999;
MAZZANO;BRESCIA;Lombardia;Bar 3 x Little;2014;2014-06-19T13:59:05Z;1609149940;103.665.949;455.029.413.999.999;
MONIGA DEL GARDA;BRESCIA;Lombardia;;2014;2014-10-13T20:45:29Z;3128428781;105.345.961;455.275.766.999.999;
MONTE ISOLA;BRESCIA;Lombardia;;2011;2011-06-01T18:43:01Z;1308003053;100.937.078;457.180.781;
MONTE ISOLA;BRESCIA;Lombardia;Bar Fabri;2011;2011-06-01T18:43:01Z;1308003042;100.953.383;457.168.172;
MONTE ISOLA;BRESCIA;Lombardia;Caffé dei Porti;2012;2012-05-07T23:35:13Z;1308003023;100.923.686;456.933.894;
MONTICHIARI;BRESCIA;Lombardia;B?rain;2014;2014-01-14T17:30:25Z;782671061;103.240.070.999.999;454.257.418.999.999;
MONTICHIARI;BRESCIA;Lombardia;Rum e pera;2013;2013-03-15T13:51:43Z;2097228840;103.894.403;454.159.458.999.999;
MURA;BRESCIA;Lombardia;La Stiva del Pirate;2014;2014-02-05T22:30:37Z;2656893625;10.372.373;457.043.133;
PALAZZOLO SULL'OGLIO;BRESCIA;Lombardia;501 pub;2010;2010-07-07T19:02:51Z;444549221;9.918.958;456.103.165.999.999;
PALAZZOLO SULL'OGLIO;BRESCIA;Lombardia;Antiche Mura;2011;2011-01-20T20:03:00Z;364681188;987.882.789.999.999;455.978.162.999.999;
PALAZZOLO SULL'OGLIO;BRESCIA;Lombardia;Birreria Pub Altrove;2011;2011-02-01T11:34:17Z;1113096557;988.878.019.999.999;455.872.519.999.999;
PALAZZOLO SULL'OGLIO;BRESCIA;Lombardia;Charlie Pub;2011;2011-11-02T22:59:06Z;906948212;98.897.574;455.986.954.999.999;
PALAZZOLO SULL'OGLIO;BRESCIA;Lombardia;Old Pub;2009;2009-09-03T18:09:33Z;354463407;988.106.939.999.999;456.038.017.999.999;
PALAZZOLO SULL'OGLIO;BRESCIA;Lombardia;Rockers;2010;2010-09-04T13:31:05Z;353371261;98.827.286;455.979.879;
PONCARALE;BRESCIA;Lombardia;The Red Mill;2012;2012-08-27T11:18:25Z;1806976891;101.734.130.999.999;454.600.677;
POZZOLENGO;BRESCIA;Lombardia;Bit Stop;2013;2013-12-17T17:00:59Z;1546120133;106.314.663;454.052.814;
PUEGNAGO SUL GARDA;BRESCIA;Lombardia;;2011;2011-09-18T16:13:16Z;1436592398;105.320.687;455.690.772;
RODENGO-SAIANO;BRESCIA;Lombardia;;2014;2014-02-23T19:13:05Z;2687254185;101.104.527.999.999;455.906.512.999.999;
RONCADELLE;BRESCIA;Lombardia;El Pueblo;2014;2014-05-21T14:20:49Z;2872818192;101.517.782;455.288.647;
SAN FELICE DEL BENACO;BRESCIA;Lombardia;Hanta Yo;2014;2014-10-01T20:28:23Z;2847567226;105.478.542.999.999;455.854.994;
SAN FELICE DEL BENACO;BRESCIA;Lombardia;Piadineria P3;2014;2014-05-12T08:12:17Z;2852331777;105.526.263;455.956.988;
SAN ZENO NAVIGLIO;BRESCIA;Lombardia;Cresta Alta;2015;2015-10-10T14:09:25Z;2292526414;10.217.955;454.950.098.999.999;
SIRMIONE;BRESCIA;Lombardia;;2011;2011-05-10T18:34:23Z;1279482769;106.198.472;454.603.514;
SIRMIONE;BRESCIA;Lombardia;Bar Moses;2011;2011-05-10T18:34:19Z;1279482471;106.216.852.999.999;454.558.163;
SIRMIONE;BRESCIA;Lombardia;Bruna Bar;2013;2013-04-07T16:39:35Z;2255741340;106.146.852;454.605.717;
SIRMIONE;BRESCIA;Lombardia;Lido Galeazzi Snack Bar;2013;2013-04-07T10:38:30Z;2254717552;106.107.735;454.722.349.999.999;
SIRMIONE;BRESCIA;Lombardia;Nonsolo Bar;2013;2013-04-07T16:12:25Z;2255688360;106.066.764;454.645.684.999.999;
TRAVAGLIATO;BRESCIA;Lombardia;La Zanetta;2013;2013-03-29T08:04:04Z;1061510960;100.792.939;455.246.417.999.999;
TRAVAGLIATO;BRESCIA;Lombardia;Osteria del Party;2014;2014-02-04T21:43:50Z;1272322564;100.810.078.999.999;455.244.549;
TRENZANO;BRESCIA;Lombardia;Munich srl;2015;2015-08-28T19:40:12Z;3719024034;99.929.077;454.748.803;
URAGO D'OGLIO;BRESCIA;Lombardia;Crossroad;2014;2014-10-10T09:06:40Z;3121866536;98.725.305;455.173.279.999.999;
VEROLANUOVA;BRESCIA;Lombardia;Cocco's Bill;2012;2012-04-11T18:26:21Z;1711783855;100.834.323;45.328.194;
VILLA CARCINA;BRESCIA;Lombardia;Birreria Bad Monkey;2015;2015-05-29T20:24:12Z;3556929211;101.946.429.999.999;456.412.757;
ALBUZZANO;PAVIA;Lombardia;Public House;2010;2010-03-02T16:47:57Z;443414138;92.705.295;452.045.640.999.999;
LANDRIANO;PAVIA;Lombardia;;2012;2012-08-29T12:11:47Z;1888087998;92.877.806;453.199.181.999.999;
MENCONICO;PAVIA;Lombardia;Birrificio Ponte Blu;2014;2014-10-31T15:31:52Z;3159221722;92.411.899;448.038.929;
NICORVO;PAVIA;Lombardia;Sherwood Music Pub;2010;2010-01-31T20:48:27Z;624632056;86.657.959;452.878.052;
PAVIA;PAVIA;Lombardia;Osteria Sottovento;2014;2014-05-25T22:09:50Z;2880729238;915.549.369.999.999;451.834.491.999.999;
PAVIA;PAVIA;Lombardia;Pub del Broletto;2010;2010-12-24T20:40:53Z;1062653689;91.540.772;451.848.286;
PAVIA;PAVIA;Lombardia;Radio Aut (ARCI);2010;2010-09-10T17:18:52Z;905558370;9.154.654;451.814.194;
PIETRA DE'GIORGI;PAVIA;Lombardia;Temple of the Dog;2011;2011-03-20T10:19:02Z;1210264507;92.371.555;450.197.196;
RETORBIDO;PAVIA;Lombardia;Gergovia;2013;2013-03-27T00:46:37Z;1373100989;90.354.553;449.494.096;
STRADELLA;PAVIA;Lombardia;;2013;2013-10-30T08:04:17Z;2513622261;93.095.393;450.754.780.999.999;
VIGEVANO;PAVIA;Lombardia;Dubh Linn;2014;2014-02-10T12:55:03Z;2665030865;88.584.266;453.257.072.999.999;
VIGEVANO;PAVIA;Lombardia;Jack Bikers;2014;2014-02-10T13:00:38Z;557075263;88.828.691;453.371.593;
VIGEVANO;PAVIA;Lombardia;La Frottola;2013;2013-10-16T13:15:33Z;557286509;88.576.156;45.313.121;
VIGEVANO;PAVIA;Lombardia;Pub Birreria Birimbao;2014;2014-02-24T12:12:18Z;2686650604;88.605.804;453.163.478.999.999;
VIGEVANO;PAVIA;Lombardia;Road House;2009;2009-11-05T23:03:16Z;557272396;88.410.496;453.234.368.999.999;
VOGHERA;PAVIA;Lombardia;Cotton Club;2015;2015-12-09T13:03:42Z;3884651627;9.011.635;449.952.339;
VOGHERA;PAVIA;Lombardia;Cowboys' Ranch Pub;2012;2012-10-01T10:15:38Z;1461072767;901.464.039.999.999;449.686.632;
AZZANELLO;CREMONA;Lombardia;Pub birreria la Sosta di Zafarana Luigi & c.;2015;2015-12-19T16:11:39Z;3043022300;99.214.159;45.312.753;
BAGNOLO CREMASCO;CREMONA;Lombardia;;2013;2013-04-29T20:09:19Z;2286059856;96.112.613;453.611.548;
CASALMAGGIORE;CREMONA;Lombardia;Wine & Cofee sound;2009;2009-10-30T18:18:30Z;546630651;104.209.064;449.889.196;
CASTELLEONE;CREMONA;Lombardia;Bar Meteora;2013;2013-09-29T10:52:54Z;2476424121;97.638.211;452.938.505.999.999;
CASTELLEONE;CREMONA;Lombardia;Cactus Café;2012;2012-07-28T16:05:32Z;1710624644;97.655.818;452.946.423;
CASTELLEONE;CREMONA;Lombardia;Pachamama;2012;2012-12-16T21:54:04Z;2070671961;97.626.312;452.955.754.999.999;
CREMA;CREMONA;Lombardia;Asino D'oro;2013;2013-08-20T10:34:49Z;2425290977;96.789.739;453.623.373;
CREMA;CREMONA;Lombardia;Don Stuart;2013;2013-09-02T21:26:13Z;289329984;968.394.709.999.999;453.618.905;
CREMA;CREMONA;Lombardia;Du Pub;2014;2014-10-27T17:20:07Z;2189657758;9.712.351;453.699.097;
CREMA;CREMONA;Lombardia;English Dinners;2013;2013-09-13T22:01:39Z;2457467223;96.911.553;453.653.975;
CREMA;CREMONA;Lombardia;John Keating;2011;2011-10-06T17:55:42Z;289329738;96.937.839;453.629.959;
CREMA;CREMONA;Lombardia;MadHouse;2013;2013-09-12T16:45:33Z;2455836354;96.948.095;453.622.518.999.999;
CREMA;CREMONA;Lombardia;People;2009;2009-11-27T12:22:23Z;283237013;96.516.156;453.562.912;
CREMA;CREMONA;Lombardia;Prince's Tower;2009;2009-09-08T18:14:43Z;282782654;96.529.636;453.563.774;
CREMA;CREMONA;Lombardia;Verdi;2013;2013-09-17T12:20:31Z;289329650;969.376.059.999.999;453.631.225;
CREMONA;CREMONA;Lombardia;irish times;2015;2015-10-16T11:26:06Z;3788862045;100.004.957.999.999;451.305.954.999.999;
CREMONA;CREMONA;Lombardia;Lex;2012;2012-07-04T14:23:04Z;1457063324;100.250.517;451.328.778;
CREMONA;CREMONA;Lombardia;Midian Pub;2012;2012-02-17T21:47:42Z;1637055456;99.977.842;451.460.843.999.999;
DRIZZONA;CREMONA;Lombardia;Don Stuart Pub;2012;2012-12-29T16:06:15Z;2087368586;103.524.259;451.331.785;
FORMIGARA;CREMONA;Lombardia;Tortuga Pub;2011;2011-12-16T16:17:05Z;1548846666;976.991.439.999.999;452.234.014;
OFFANENGO;CREMONA;Lombardia;El Gaucho;2010;2010-10-31T17:36:57Z;972503003;974.737.099.999.999;453.791.149.999.999;
SCANDOLARA RAVARA;CREMONA;Lombardia;Rosa Blu;2015;2015-07-11T08:49:43Z;3645648760;103.104.774.999.999;450.360.070.999.999;
SONCINO;CREMONA;Lombardia;La tana del drago fumante;2013;2013-03-27T00:38:27Z;1880174916;98.634.917;454.019.048.999.999;
ASOLA;MANTOVA;Lombardia;Birreria al Giardino;2011;2011-10-23T01:20:28Z;1477405704;104.168.417;452.209.130.999.999;
ASOLA;MANTOVA;Lombardia;Tranvai;2011;2011-10-23T01:26:48Z;1477407143;104.168.653;452.234.370.999.999;
GUIDIZZOLO;MANTOVA;Lombardia;Black and white bar;2015;2015-08-25T20:28:01Z;3712852221;105.817.539;453.145.351;
MANTOVA;MANTOVA;Lombardia;Doolin Irish Pub;2013;2013-02-16T00:31:26Z;2156788654;107.934.009;451.641.661.999.999;
MANTOVA;MANTOVA;Lombardia;La Zanzara;2010;2010-08-29T08:36:19Z;885709000;107.881.842.999.999;451.642.903.999.999;
MANTOVA;MANTOVA;Lombardia;Pub Tre Scalini;2013;2013-10-02T19:06:42Z;2480416668;10.796.047;45.153.094;
MONZAMBANO;MANTOVA;Lombardia;Taverna dal Conte;2014;2014-02-13T21:53:12Z;2670731556;106.967.249;453.789.598.999.999;
MONZAMBANO;MANTOVA;Lombardia;Taverna dal Conte;2014;2014-02-13T21:53:12Z;2670731556;106.967.249;453.789.598.999.999;
PONTI SUL MINCIO;MANTOVA;Lombardia;;2011;2011-04-13T18:44:36Z;703305982;106.869.394.999.999;45.409.461;
PORTO MANTOVANO;MANTOVA;Lombardia;Birreria Knixknox;2013;2013-12-04T20:19:44Z;2429593130;107.929.482;452.041.338;
ROVERBELLA;MANTOVA;Lombardia;La Volpe;2008;2008-07-25T15:29:41Z;268411646;107.830.751;452.978.857;
SAN GIORGIO DI MANTOVA;MANTOVA;Lombardia;Liberty Pub;2010;2010-08-28T12:27:34Z;883494807;108.381.141;451.664.733;
SOLFERINO;MANTOVA;Lombardia;Cantina del Gega;2015;2015-02-02T10:11:07Z;2165054274;105.651.464;453.657.046;
VIADANA;MANTOVA;Lombardia;Guinness Pub Rotonda;2015;2015-12-31T14:10:01Z;3872026965;105.209.767;449.278.942.999.999;
APPIANO SULLA STRADA DEL VINO;BOLZANO;Trentino-Alto Adige;Bar Cafè Restaurant Kreuzweg;2010;2010-08-11T11:16:36Z;670892797;112.622.205.999.999;46.445.608;
BOLZANO;BOLZANO;Trentino-Alto Adige;Bar 8 1/2;2013;2013-12-10T13:58:33Z;1076782142;113.396.608;465.010.400.999.999;
BOLZANO;BOLZANO;Trentino-Alto Adige;Bulldog Pub;2011;2011-10-05T11:46:17Z;769077818;113.332.748;464.920.621.999.999;
BOLZANO;BOLZANO;Trentino-Alto Adige;Da Picchio;2012;2012-04-06T08:45:27Z;1704120971;113.447.368.999.999;464.982.846.999.999;
BOLZANO;BOLZANO;Trentino-Alto Adige;Karma Lounge Cafè;2011;2011-10-05T14:03:41Z;769077785;113.364.606;464.952.437.999.999;
BOLZANO;BOLZANO;Trentino-Alto Adige;Pub Cafè Internazionale;2014;2014-01-14T00:31:04Z;769077786;113.407.901;464.939.473;
BOLZANO;BOLZANO;Trentino-Alto Adige;Rock Cafè Bolzano;2010;2010-06-11T09:14:04Z;769077817;113.428.124;464.926.700.999.999;
BOLZANO;BOLZANO;Trentino-Alto Adige;Temple Bar;2013;2013-11-12T08:07:45Z;499996415;113.514.529;464.976.703;
BRESSANONE;BOLZANO;Trentino-Alto Adige;Bar Mensa;2013;2013-08-24T19:25:40Z;939307147;116.425.441;466.892.246.999.999;
BRESSANONE;BOLZANO;Trentino-Alto Adige;Time Out;2013;2013-07-28T16:52:09Z;470613019;116.505.776;467.198.572;
BRUNICO;BOLZANO;Trentino-Alto Adige;K1;2009;2009-10-14T00:08:02Z;320974328;11.941.561;467.722.017.999.999;
CALDARO SULLA STRADA DEL VINO;BOLZANO;Trentino-Alto Adige;Castello Club;2011;2011-01-16T00:22:06Z;1105624888;112.508.988.999.999;46.418.902;
CALDARO SULLA STRADA DEL VINO;BOLZANO;Trentino-Alto Adige;Dream In;2010;2010-03-20T21:31:52Z;670866834;112.359.776;464.125.542.999.999;
CALDARO SULLA STRADA DEL VINO;BOLZANO;Trentino-Alto Adige;Noah Pub;2011;2011-01-16T00:22:06Z;1105624889;112.512.244;464.195.829;
CALDARO SULLA STRADA DEL VINO;BOLZANO;Trentino-Alto Adige;Tower Pub;2015;2015-09-25T09:42:10Z;3758657003;112.332.151;464.184.203;
CAMPO TURES;BOLZANO;Trentino-Alto Adige;Kohlgrube;2013;2013-11-12T22:09:29Z;1824065558;119.406.911;469.000.819.999.999;
CASTELROTTO;BOLZANO;Trentino-Alto Adige;;2014;2014-03-14T20:51:11Z;2717928127;115.603.318;465.665.698.999.999;
CHIUSA;BOLZANO;Trentino-Alto Adige;Aquarium;2013;2013-11-20T23:18:35Z;2542403646;115.704.729;466.435.962.999.999;
EGNA;BOLZANO;Trentino-Alto Adige;;2011;2011-02-20T19:38:43Z;1105624885;11.269.574;463.196.482.999.999;
EGNA;BOLZANO;Trentino-Alto Adige;Master Point;2012;2012-03-17T09:34:25Z;364710232;112.733.455;463.198.595;
LAION;BOLZANO;Trentino-Alto Adige;Zur Sonne;2012;2012-07-30T20:12:19Z;850636739;115.649.304.999.999;466.089.524;
LANA;BOLZANO;Trentino-Alto Adige;;2013;2013-08-15T15:35:00Z;2419925398;111.654.877.999.999;466.109.439;
MERANO;BOLZANO;Trentino-Alto Adige;Bar Carducci;2014;2014-03-10T19:25:40Z;2711244756;111.536.345;466.699.263;
MERANO;BOLZANO;Trentino-Alto Adige;Rafflkeller;2011;2011-05-30T19:18:00Z;831340650;111.650.256.999.999;466.711.780.999.999;
MERANO;BOLZANO;Trentino-Alto Adige;Sketch;2012;2012-01-12T22:26:54Z;830602893;111.597.606;466.702.122;
NALLES;BOLZANO;Trentino-Alto Adige;Big Ben Nals;2013;2013-08-19T10:12:23Z;2159466414;112.128.932.999.999;465.521.462;
NATURNO;BOLZANO;Trentino-Alto Adige;s?Itipftl;2014;2014-08-28T15:46:15Z;3047619310;110.010.211;466.496.305;
NOVA LEVANTE;BOLZANO;Trentino-Alto Adige;;2008;2008-06-17T18:37:21Z;270964602;116.032.302;464.064.707;
ORA;BOLZANO;Trentino-Alto Adige;AurOra;2014;2014-04-04T12:18:26Z;392641915;112.973.333;463.603.044.999.999;
ORA;BOLZANO;Trentino-Alto Adige;Buschenschank Tschurtsch;2011;2011-09-05T19:45:27Z;1424390581;113.017.607;463.464.826;
ORTISEI;BOLZANO;Trentino-Alto Adige;181;2012;2012-02-17T18:39:09Z;1636849145;116.584.494;465.745.647;
PARCINES;BOLZANO;Trentino-Alto Adige;Formerkeller;2011;2011-08-07T19:05:25Z;760263770;110.728.387;466.861.169;
PARCINES;BOLZANO;Trentino-Alto Adige;Graswegerkeller;2012;2012-08-20T18:54:27Z;760263751;110.803.843;466.904.056.999.999;
RACINES;BOLZANO;Trentino-Alto Adige;S Platzl;2014;2014-06-26T16:01:38Z;1932385496;11.410.555;468.844.495;
RACINES;BOLZANO;Trentino-Alto Adige;Sportzone Ratschings Bar;2012;2012-10-16T18:49:39Z;1968791145;113.833.461;468.830.864;
RASUN ANTERSELVA;BOLZANO;Trentino-Alto Adige;Prosecco;2012;2012-11-30T18:09:54Z;2042483068;120.468.053;467.781.969.999.999;
RENON;BOLZANO;Trentino-Alto Adige;Gasthof Weber;2012;2012-04-28T18:05:04Z;1464042823;114.275.944;465.540.426.999.999;
RENON;BOLZANO;Trentino-Alto Adige;Zentral;2013;2013-10-30T18:46:05Z;751963094;114.650.403.999.999;465.379.136.999.999;
SAN LORENZO DI SEBATO;BOLZANO;Trentino-Alto Adige;Bierschupfe;2012;2012-11-28T18:38:28Z;2038696471;118.817.318;467.763.493;
SAN PANCRAZIO;BOLZANO;Trentino-Alto Adige;;2011;2011-06-20T11:31:43Z;1332188346;110.865.276;465.864.916;
SELVA DEI MOLINI;BOLZANO;Trentino-Alto Adige;Fux;2015;2015-07-16T06:26:19Z;289416836;118.475.185;468.904.891;
SELVA DI VAL GARDENA;BOLZANO;Trentino-Alto Adige;;2014;2014-10-15T20:16:52Z;3132017307;117.580.385;465.548.669;
SELVA DI VAL GARDENA;BOLZANO;Trentino-Alto Adige;Apres-Ski Luislkeller;2012;2012-10-06T16:00:34Z;1948870933;11.762.973;465.530.967.999.999;
SELVA DI VAL GARDENA;BOLZANO;Trentino-Alto Adige;Hotel Corona;2014;2014-04-01T16:58:37Z;1363020732;11.763.127;465.529.771;
SILANDRO;BOLZANO;Trentino-Alto Adige;TakaTuka;2015;2015-08-30T08:49:51Z;2037275187;107.690.789;466.294.072.999.999;
STELVIO;BOLZANO;Trentino-Alto Adige;Skialm;2014;2014-07-13T16:20:26Z;2148805818;105.965.568;465.159.439.999.999;
VALDAORA;BOLZANO;Trentino-Alto Adige;Café Pub Pfiff;2013;2013-03-17T12:03:10Z;2206611463;120.400.585;467.584.799.999.999;
VAL DI VIZZE;BOLZANO;Trentino-Alto Adige;Bar Sporthütte;2013;2013-05-09T09:58:47Z;2296795570;114.589.263.999.999;46.898.657;
VALLE AURINA;BOLZANO;Trentino-Alto Adige;;2010;2010-02-18T14:23:29Z;644857922;119.779.658;469.788.524;
VALLE AURINA;BOLZANO;Trentino-Alto Adige;Moaregg Alm;2010;2010-02-18T14:23:31Z;644857953;119.852.776;469.837.808.999.999;
VARNA;BOLZANO;Trentino-Alto Adige;B52;2013;2013-09-23T18:58:34Z;2469151251;116.516.848;467.290.044;
VILLABASSA;BOLZANO;Trentino-Alto Adige;Freyhaus;2008;2008-07-20T10:31:17Z;279716572;121.695.229;467.378.933.999.999;
VIPITENO;BOLZANO;Trentino-Alto Adige;12erl;2011;2011-09-23T07:38:27Z;931740697;114.310.113.999.999;468.989.936.999.999;
VIPITENO;BOLZANO;Trentino-Alto Adige;Bar Jolly;2011;2011-09-23T07:37:17Z;931773095;114.309.403;468.893.263;
VIPITENO;BOLZANO;Trentino-Alto Adige;Café Park;2016;2016-02-12T06:08:13Z;931751922;114.315.701.999.999;468.960.411.999.999;
VIPITENO;BOLZANO;Trentino-Alto Adige;Pub Principal;2012;2012-11-02T19:15:21Z;1994259630;114.322.705;468.988.269;
VIPITENO;BOLZANO;Trentino-Alto Adige;Rudis Bistro;2013;2013-10-10T15:03:40Z;2491260331;114.326.551.999.999;468.965.413.999.999;
SENALE-SAN FELICE;BOLZANO;Trentino-Alto Adige;Sport Bar;2015;2015-08-30T08:13:50Z;3721089025;111.072.536;465.101.935;
ANDALO;TRENTO;Trentino-Alto Adige;Osteria Pub Al Laghet;2013;2013-06-28T15:57:47Z;1405084830;110.022.655;461.615.929;
ARCO;TRENTO;Trentino-Alto Adige;Pub Gatto Nero;2010;2010-12-06T12:09:11Z;1024831047;108.891.645;459.207.438.999.999;
ARCO;TRENTO;Trentino-Alto Adige;Tetley's Pub House To The Cave;2009;2009-11-30T21:48:22Z;317173456;108.708.392;458.952.133;
BASELGA DI PINE';TRENTO;Trentino-Alto Adige;Imbarcadero;2011;2011-03-02T20:44:56Z;269142258;112.502.212;461.350.533;
BASELGA DI PINE';TRENTO;Trentino-Alto Adige;Lion's Cafe;2011;2011-03-02T21:17:47Z;269084179;112.467.983.999.999;461.314.738;
BOLBENO;TRENTO;Trentino-Alto Adige;;2014;2014-10-11T16:56:19Z;3124336518;107.375.336;460.328.768.999.999;
BORGO VALSUGANA;TRENTO;Trentino-Alto Adige;Absolut;2016;2016-01-02T19:18:05Z;3840753125;114.546.300.999.999;460.528.467;
BORGO VALSUGANA;TRENTO;Trentino-Alto Adige;Funny Pub;2016;2016-01-02T19:18:06Z;2784215314;11.450.059;460.523.002.999.999;
CALDONAZZO;TRENTO;Trentino-Alto Adige;Lilly;2012;2012-10-26T18:53:43Z;1984744024;112.612.106.999.999;459.924.784.999.999;
CARZANO;TRENTO;Trentino-Alto Adige;Birreria Sottosopra;2015;2015-12-25T11:52:34Z;3192062923;114.932.783.999.999;460.676.191;
CAVALESE;TRENTO;Trentino-Alto Adige;Bar Canton;2012;2012-01-09T13:49:03Z;1263209698;114.605.887;462.913.034.999.999;
CAVALESE;TRENTO;Trentino-Alto Adige;Pub SottoZero;2014;2014-12-18T10:12:54Z;274303880;114.641.409;462.864.763.999.999;
CEMBRA;TRENTO;Trentino-Alto Adige;;2011;2011-08-21T22:03:38Z;440503598;112.033.021;461.977.108;
CIMONE;TRENTO;Trentino-Alto Adige;New Angel;2013;2013-09-25T18:32:41Z;900137938;1.107.121;459.787.654;
DRO;TRENTO;Trentino-Alto Adige;Green Bar;2011;2011-06-25T15:35:15Z;1338487762;109.103.502;459.613.575.999.999;
FAI DELLA PAGANELLA;TRENTO;Trentino-Alto Adige;;2011;2011-08-01T10:02:22Z;434132756;110.532.357;461.766.398.999.999;
FONDO;TRENTO;Trentino-Alto Adige;Croce Bianca;2010;2010-06-02T10:31:49Z;762064479;111.363.337.999.999;464.396.238;
LAVARONE;TRENTO;Trentino-Alto Adige;Bismarck Pub;2014;2014-01-04T17:30:21Z;367891767;112.721.518;459.403.337.999.999;
LAVIS;TRENTO;Trentino-Alto Adige;Kiss Pub;2012;2012-04-30T23:37:37Z;1140956935;110.994.051;461.474.637.999.999;
MEZZOLOMBARDO;TRENTO;Trentino-Alto Adige;Prosit;2012;2012-03-12T11:42:03Z;1671829119;111.027.318;462.088.262.999.999;
NAGO-TORBOLE;TRENTO;Trentino-Alto Adige;Cutty Sark;2012;2012-07-21T19:34:04Z;1387183915;108.768.635;458.692.551.999.999;
NAGO-TORBOLE;TRENTO;Trentino-Alto Adige;Windsbar;2012;2012-07-21T19:34:05Z;281299831;108.756.441;458.699.038;
NOGAREDO;TRENTO;Trentino-Alto Adige;Le Strie;2010;2010-07-29T20:07:45Z;748789582;11.023.236;459.121.092.999.999;
PANCHIA';TRENTO;Trentino-Alto Adige;;2011;2011-04-29T09:13:24Z;261664578;115.420.016;46.285.474;
PEIO;TRENTO;Trentino-Alto Adige;Al filo;2009;2009-06-02T20:37:50Z;414988154;106.939.322;463.515.584;
PERGINE VALSUGANA;TRENTO;Trentino-Alto Adige;;2011;2011-03-29T16:24:11Z;293870953;112.420.072.999.999;460.603.745;
PERGINE VALSUGANA;TRENTO;Trentino-Alto Adige;Birreria Rosa Nera;2009;2009-06-08T21:54:14Z;417707845;112.143.154;460.585.250.999.999;
PERGINE VALSUGANA;TRENTO;Trentino-Alto Adige;La Vecchia Pergine;2016;2016-01-17T10:20:47Z;293870954;112.400.496;460.584.070.999.999;
PERGINE VALSUGANA;TRENTO;Trentino-Alto Adige;Le Bistrot;2014;2014-02-01T17:27:07Z;2647941985;112.200.064;460.695.811;
PIEVE TESINO;TRENTO;Trentino-Alto Adige;;2015;2015-12-31T21:17:15Z;1656566875;115.818.539;460.778.922;
POZZA DI FASSA;TRENTO;Trentino-Alto Adige;Pub Mirò;2013;2013-07-31T10:33:48Z;724349525;116.877.508;46.430.621;
PREDAZZO;TRENTO;Trentino-Alto Adige;;2008;2008-10-11T21:41:52Z;303832073;115.995.676;463.139.024;
PREDAZZO;TRENTO;Trentino-Alto Adige;Poldo Pub;2008;2008-10-11T17:37:20Z;303781638;115.988.409;463.163.819.999.999;
ROMENO;TRENTO;Trentino-Alto Adige;Full Moon Pub;2012;2012-04-15T00:32:00Z;1717103999;111.189.602.999.999;463.929.566.999.999;
ROVERETO;TRENTO;Trentino-Alto Adige;Circolo Operaio S.Maria;2013;2013-11-13T20:46:49Z;1985829027;110.442.563;458.853.007;
ROVERETO;TRENTO;Trentino-Alto Adige;Druido;2013;2013-11-13T21:43:31Z;2150998976;110.334.383;458.753.578.999.999;
ROVERETO;TRENTO;Trentino-Alto Adige;Locos;2013;2013-11-13T21:45:54Z;2159317571;110.448.886;458.894.688.999.999;
ROVERETO;TRENTO;Trentino-Alto Adige;Perbacco;2014;2014-12-11T19:42:54Z;2159318291;110.434.718;458.896.333;
SAGRON MIS;TRENTO;Trentino-Alto Adige;Pro Loco Sagron Mis;2012;2012-11-05T08:41:55Z;1998370789;119.434.586;461.948.768;
SEGONZANO;TRENTO;Trentino-Alto Adige;Durer;2012;2012-03-28T09:36:21Z;937699739;112.472.759.999.999;461.683.334;
SIROR;TRENTO;Trentino-Alto Adige;Barisel;2015;2015-01-12T13:55:35Z;3283832443;118.030.168;462.625.292;
SPERA;TRENTO;Trentino-Alto Adige;Pub Freeway;2015;2015-12-25T22:10:15Z;3909747543;115.092.278;460.700.889;
TIONE DI TRENTO;TRENTO;Trentino-Alto Adige;Poker Pub;2012;2012-10-04T10:46:23Z;1945864846;107.239.526;460.288.983;
TRENTO;TRENTO;Trentino-Alto Adige;;2008;2008-08-30T18:53:03Z;292021803;111.467.436;460.760.501;
TRENTO;TRENTO;Trentino-Alto Adige;168;2012;2012-05-27T21:23:18Z;703789987;111.248.866.999.999;460.709.597;
TRENTO;TRENTO;Trentino-Alto Adige;After Pub;2013;2013-05-19T09:09:39Z;1904015751;111.229.028;460.766.495;
TRENTO;TRENTO;Trentino-Alto Adige;Angolo dei 33;2014;2014-01-22T07:37:15Z;2632028818;111.056.053;460.753.175.999.999;
TRENTO;TRENTO;Trentino-Alto Adige;Bar dei Cavai;2013;2013-06-29T19:29:26Z;703789982;111.251.523;460.722.974.999.999;
TRENTO;TRENTO;Trentino-Alto Adige;Bar Picaro;2014;2014-05-29T22:23:57Z;430673952;111.190.618;460.689.295.999.999;
TRENTO;TRENTO;Trentino-Alto Adige;Birreria 3 tre;2011;2011-07-23T14:39:17Z;1371175937;110.723.404.999.999;460.509.451;
TRENTO;TRENTO;Trentino-Alto Adige;Caffè Rossini;2013;2013-11-21T17:56:51Z;703789985;111.250.167;460.714.090.999.999;
TRENTO;TRENTO;Trentino-Alto Adige;Corte dei Miracoli;2013;2013-10-27T20:06:47Z;2487319549;111.161.172;460.554.208;
TRENTO;TRENTO;Trentino-Alto Adige;Exsense Fashion Cafe;2013;2013-01-29T11:34:21Z;431648974;111.147.776;460.663.738;
TRENTO;TRENTO;Trentino-Alto Adige;Flambard Pub;2014;2014-12-24T14:57:16Z;3250914386;111.314.005;460.495.689.999.999;
TRENTO;TRENTO;Trentino-Alto Adige;Green Bar Casinò;2011;2011-05-18T15:35:46Z;431658690;111.171.843.999.999;460.665.704;
TRENTO;TRENTO;Trentino-Alto Adige;Il Circolino;2014;2014-03-07T21:07:26Z;2706066321;111.287.582.999.999;460.688.356;
TRENTO;TRENTO;Trentino-Alto Adige;INorOUT;2011;2011-11-15T14:49:59Z;853801468;111.274.850.999.999;460.663.764.999.999;
TRENTO;TRENTO;Trentino-Alto Adige;Le Bollicine;2014;2014-03-25T13:18:38Z;550687807;111.274.108;460.698.291;
TRENTO;TRENTO;Trentino-Alto Adige;Posta;2016;2016-01-11T18:54:58Z;268432522;111.233.429;460.665.265;
TRENTO;TRENTO;Trentino-Alto Adige;Willy's Caffè Pub;2014;2014-10-10T07:20:35Z;961288197;111.199.163;460.868.031.999.999;
TRENTO;TRENTO;Trentino-Alto Adige;Zorba's;2014;2014-10-08T09:53:46Z;432464294;111.257.388;460.597.125;
VATTARO;TRENTO;Trentino-Alto Adige;Cafè Nol;2010;2010-04-12T12:19:08Z;430548245;112.149.231;459.956.301;
COMANO TERME;TRENTO;Trentino-Alto Adige;Saloon;2010;2010-04-27T15:48:07Z;702858655;108.696.459.999.999;460.354.887;
BARDOLINO;VERONA;Veneto;Asso Bar;2010;2010-07-27T17:25:38Z;835591385;107.217.813;455.469.309;
BOVOLONE;VERONA;Veneto;;2012;2012-06-15T11:24:28Z;1788444699;111.207.819;452.592.374;
BUSSOLENGO;VERONA;Veneto;American Gigolo - Birreria Pub;2014;2014-08-22T19:04:44Z;3035462812;108.758.953.999.999;454.479.553.999.999;
BUSSOLENGO;VERONA;Veneto;Claddagh irish pub;2014;2014-09-02T09:54:37Z;3055004788;108.457.542;454.714.917;
BUSSOLENGO;VERONA;Veneto;Planet;2013;2013-05-18T21:09:03Z;1506870491;108.664.596;454.439.623;
CALDIERO;VERONA;Veneto;;2012;2012-09-01T16:59:07Z;1893448807;111.557.899;454.172.489.999.999;
CASTAGNARO;VERONA;Veneto;Joker;2014;2014-02-03T13:32:54Z;1664386337;114.332.706;450.901.878.999.999;
CASTELNUOVO DEL GARDA;VERONA;Veneto;Bar Mythos;2013;2013-04-20T14:55:07Z;2273806895;107.223.203.999.999;454.382.847.999.999;
CASTELNUOVO DEL GARDA;VERONA;Veneto;La Barchetta;2011;2011-12-18T16:34:10Z;1552162814;107.004.309;454.555.323;
CEREA;VERONA;Veneto;Birreria Hakuna Matata;2013;2013-08-21T06:20:34Z;2426365583;112.150.314;451.899.592.999.999;
COLOGNA VENETA;VERONA;Veneto;Hollywood Bar;2011;2011-05-03T09:55:34Z;1270988211;113.861.861;453.078.246.999.999;
COSTERMANO SUL GARDA;VERONA;Veneto;Bar Europa;2010;2010-08-03T18:27:19Z;492062961;107.268.162;456.063.418.999.999;
FUMANE;VERONA;Veneto;;2011;2011-04-01T20:33:28Z;1228364350;109.034.904;456.240.826;
GARDA;VERONA;Veneto;La Meta;2011;2011-12-19T16:19:39Z;1554282033;107.068.495;455.763.005;
GARDA;VERONA;Veneto;Papillon;2011;2011-12-19T16:19:39Z;1554282037;107.067.238;455.762.197;
GARDA;VERONA;Veneto;Piccolo Bar;2011;2011-12-19T16:19:39Z;1554282038;107.059.061.999.999;455.760.262;
GREZZANA;VERONA;Veneto;Falasco;2010;2010-08-13T13:28:45Z;592295529;110.177.817;455.139.082.999.999;
GREZZANA;VERONA;Veneto;Olmo;2015;2015-02-21T20:21:08Z;848296119;110.171.639;455.184.694;
LAZISE;VERONA;Veneto;CortéS;2012;2012-06-01T22:04:42Z;1552308391;10.733.473;455.059.827.999.999;
LAZISE;VERONA;Veneto;Gino's Bar;2010;2010-04-21T17:56:59Z;703365269;107.424.227;454.742.463.999.999;
LAZISE;VERONA;Veneto;La Birretta;2010;2010-04-21T17:56:57Z;703365157;107.419.279;454.718.268;
LAZISE;VERONA;Veneto;Pizza Planet;2010;2010-04-21T17:57:06Z;446993510;107.422.909;454.717.363.999.999;
LAZISE;VERONA;Veneto;Snack Bar Fantasia;2010;2010-04-21T17:57:01Z;703365334;10.749.485;454.723.187.999.999;
LAZISE;VERONA;Veneto;Trattoria Dal Pansa;2010;2010-04-21T17:56:59Z;703365266;107.432.701;454.736.234;
MALCESINE;VERONA;Veneto;Kuta Beach;2016;2016-01-04T12:02:55Z;3926911546;107.890.218;457.339.366;
MALCESINE;VERONA;Veneto;Santo Cielo;2013;2013-06-11T21:17:41Z;2339810547;108.089.397;457.652.661.999.999;
MOZZECANE;VERONA;Veneto;Garage Cafè;2014;2014-08-23T15:25:58Z;2727225570;108.182.659.999.999;453.105.953;
NEGRAR;VERONA;Veneto;Oca minore;2012;2012-02-19T22:32:37Z;1099767550;109.558.031;454.910.349.999.999;
PESCANTINA;VERONA;Veneto;;2012;2012-01-09T18:17:01Z;1583907729;108.429.908;454.806.044.999.999;
PESCANTINA;VERONA;Veneto;Art Cafè;2015;2015-08-25T23:25:41Z;865290828;108.671.568;454.809.746;
PESCHIERA DEL GARDA;VERONA;Veneto;;2013;2013-11-18T18:59:26Z;2538382697;106.843.834;454.441.939;
PESCHIERA DEL GARDA;VERONA;Veneto;;2015;2015-06-01T15:31:15Z;2292180306;106.911.184;454.391.096;
PESCHIERA DEL GARDA;VERONA;Veneto;Bar Pioppi;2010;2010-04-21T16:44:06Z;703335942;106.960.406.999.999;454.490.632.999.999;
PESCHIERA DEL GARDA;VERONA;Veneto;Due Ruote;2013;2013-11-18T19:45:54Z;2538471214;106.781.675;454.412.779.999.999;
PESCHIERA DEL GARDA;VERONA;Veneto;Milleluci;2015;2015-04-05T17:16:34Z;735244229;106.924.565;454.381.999;
PESCHIERA DEL GARDA;VERONA;Veneto;Napule...è;2014;2014-08-04T22:43:23Z;735244332;106.926.875.999.999;454.387.875.999.999;
PESCHIERA DEL GARDA;VERONA;Veneto;Taboo Tiki Bar;2013;2013-04-20T14:05:59Z;382909043;106.960.166.999.999;454.395.190.999.999;
RONCA';VERONA;Veneto;Jack the Ripper;2012;2012-01-26T06:49:03Z;1606127582;1.128.869;454.771.762;
SAN MARTINO BUON ALBERGO;VERONA;Veneto;night club Veleno;2011;2011-08-27T09:25:52Z;1414369086;110.856.174;454.155.506;
SAN MAURO DI SALINE;VERONA;Veneto;Solivo;2013;2013-03-11T18:30:44Z;2196182179;111.189.787;455.558.298.999.999;
SANT'AMBROGIO DI VALPOLICELLA;VERONA;Veneto;Pub 900;2011;2011-10-23T16:52:41Z;1478005862;108.327.686;455.219.798.999.999;
SANT'ANNA D'ALFAEDO;VERONA;Veneto;;2011;2011-04-01T20:33:28Z;1228364342;109.517.272;456.281.717.999.999;
SANT'ANNA D'ALFAEDO;VERONA;Veneto;;2011;2011-04-01T20:33:29Z;1228364394;109.521.777.999.999;456.273.014;
SANT'ANNA D'ALFAEDO;VERONA;Veneto;;2011;2011-04-01T20:33:30Z;1228364446;109.371.788.999.999;456.444.954.999.999;
SANT'ANNA D'ALFAEDO;VERONA;Veneto;;2011;2011-05-18T12:46:09Z;1228364449;109.362.157;456.434.499;
SOAVE;VERONA;Veneto;Agli Americani;2009;2009-02-06T08:51:25Z;341795875;112.242.932;454.085.945;
VALEGGIO SUL MINCIO;VERONA;Veneto;Bar La Posta;2014;2014-03-25T10:32:36Z;2250362666;107.351.093;453.572.801.999.999;
VALEGGIO SUL MINCIO;VERONA;Veneto;Bar Pasticceria Martini;2013;2013-05-04T21:17:44Z;2291884642;107.342.023.999.999;453.537.448;
VALEGGIO SUL MINCIO;VERONA;Veneto;Bar Scaligero;2013;2013-05-04T20:42:58Z;2291850896;107.342.326;453.518.656.999.999;
VALEGGIO SUL MINCIO;VERONA;Veneto;La fiaba italian bar 1988;2015;2015-02-03T11:15:21Z;3328250482;107.226.804;453.537.188.999.999;
VERONA;VERONA;Veneto;;2009;2009-06-14T13:44:49Z;420190909;109.831.152;454.387.867;
VERONA;VERONA;Veneto;;2010;2010-08-05T19:00:56Z;411481870;110.180.448;454.974.098;
VERONA;VERONA;Veneto;;2010;2010-08-06T07:40:46Z;847557428;110.197.039;454.912.435.999.999;
VERONA;VERONA;Veneto;Bar Centrale;2012;2012-12-06T16:50:44Z;360665965;110.189.365;454.928.989;
VERONA;VERONA;Veneto;Bar da Piero;2015;2015-06-26T12:52:08Z;3116772980;109.694.205;454.437.008;
VERONA;VERONA;Veneto;Birroteca;2014;2014-03-08T16:24:19Z;2707128458;109.998.402;454.403.038;
VERONA;VERONA;Veneto;Celtic Pub;2015;2015-11-19T00:50:55Z;3843985481;110.042.811.999.999;454.452.033;
VERONA;VERONA;Veneto;Hartigan's;2014;2014-01-03T13:50:26Z;2280539136;10.991.049;454.400.513;
VERONA;VERONA;Veneto;Osteria Bottiglieria Zampieri - La Mandorla;2015;2015-10-18T08:58:58Z;994690411;10.993.613;454.398.643;
VERONA;VERONA;Veneto;Osteria Fuori Porta;2014;2014-01-29T21:55:43Z;2640944988;110.184.765;454.422.045;
VERONA;VERONA;Veneto;Osteria La Cantineta;2011;2011-12-06T00:27:37Z;1226481132;110.201.657;454.492.722;
VERONA;VERONA;Veneto;Re Carlo;2013;2013-04-25T08:15:43Z;2280539137;109.916.123;454.395.937.999.999;
VERONA;VERONA;Veneto;Taverna Cansignorio;2014;2014-04-01T19:00:07Z;2759110584;110.163.075.999.999;454.457.935;
VERONA;VERONA;Veneto;Terzo Grado;2015;2015-04-14T07:47:23Z;2975421141;109.788.589;454.138.625;
VILLAFRANCA DI VERONA;VERONA;Veneto;;2014;2014-07-14T16:41:08Z;2962843946;108.444.748;453.493.065.999.999;
VILLAFRANCA DI VERONA;VERONA;Veneto;Brasil - Bar birreria tosteria;2014;2014-10-29T16:47:55Z;2962843948;108.447.134.999.999;453.514.762;
ASIAGO;VICENZA;Veneto;Ghel Pab;2015;2015-08-10T16:56:06Z;3689864850;115.100.206;458.725.475.999.999;
ASIAGO;VICENZA;Veneto;Maddarello 2.0;2015;2015-08-11T18:37:19Z;3692023938;115.158.758;458.981.111;
ASIAGO;VICENZA;Veneto;Vecchio Mulino;2015;2015-07-22T19:05:06Z;3662135148;115.086.501;458.738.097.999.999;
BASSANO DEL GRAPPA;VICENZA;Veneto;Al Porton;2011;2011-09-13T17:26:02Z;1402624430;117.321.316;457.677.766.999.999;
BASSANO DEL GRAPPA;VICENZA;Veneto;Bar San Marco;2011;2011-10-12T09:43:56Z;1463795447;117.456.292.999.999;457.653.524.999.999;
BASSANO DEL GRAPPA;VICENZA;Veneto;"Birreria """"Ai Buei""""";2012;2012-06-16T17:25:46Z;1417129041;117.318.507;457.663.871;
BASSANO DEL GRAPPA;VICENZA;Veneto;Buenavista;2012;2012-02-07T19:01:03Z;1420838412;117.298.224;457.659.918;
BASSANO DEL GRAPPA;VICENZA;Veneto;Cà Brando;2012;2012-02-03T16:04:29Z;1616779368;117.317.136;457.680.190.999.999;
BASSANO DEL GRAPPA;VICENZA;Veneto;Crazy Horse;2011;2011-09-02T12:32:27Z;1420883040;117.154.682;457.630.678;
BASSANO DEL GRAPPA;VICENZA;Veneto;Disco Pub Jamila;2011;2011-09-15T19:45:43Z;1433744822;116.893.707;4.577.544;
BASSANO DEL GRAPPA;VICENZA;Veneto;Dory Bar;2013;2013-09-11T19:07:56Z;1529978221;117.331.382;457.679.891;
BASSANO DEL GRAPPA;VICENZA;Veneto;Due di Picche Rock Cafè;2012;2012-06-04T19:37:49Z;1565569818;117.326.631;45.767.899;
BASSANO DEL GRAPPA;VICENZA;Veneto;Galloway;2012;2012-11-10T10:39:28Z;2006124127;117.373.522;457.432.027.999.999;
BASSANO DEL GRAPPA;VICENZA;Veneto;Lowen;2011;2011-09-02T12:32:27Z;1402624431;117.299.685;457.676;
BASSANO DEL GRAPPA;VICENZA;Veneto;Nardini basso;2015;2015-11-29T08:50:48Z;1402624422;117.317.151;457.674.625;
BASSANO DEL GRAPPA;VICENZA;Veneto;Osteria La Caneva;2012;2012-10-23T21:38:12Z;1980042145;11.733.988;457.675.869.999.999;
BASSANO DEL GRAPPA;VICENZA;Veneto;Pacelli;2012;2012-02-09T20:54:08Z;1421305586;117.319.052.999.999;457.676.726.999.999;
BASSANO DEL GRAPPA;VICENZA;Veneto;Saiso;2011;2011-11-19T16:49:58Z;1417129039;117.320.452;457.675.768;
BASSANO DEL GRAPPA;VICENZA;Veneto;Samsara;2012;2012-01-16T19:37:08Z;1420838406;117.386.637;457.679.211;
BASSANO DEL GRAPPA;VICENZA;Veneto;Sotto la Torre;2012;2012-06-16T19:35:44Z;1420838459;117.353.656;457.671.045;
BASSANO DEL GRAPPA;VICENZA;Veneto;Tetley's;2012;2012-01-07T18:01:46Z;1416534853;117.309.188;457.643.749;
CALTRANO;VICENZA;Veneto;Bar Alpino;2015;2015-04-03T06:43:01Z;476635867;114.687.474.999.999;458.135.631;
CASSOLA;VICENZA;Veneto;;2011;2011-11-23T12:16:51Z;1463795445;117.524.742.999.999;457.669.841;
CASSOLA;VICENZA;Veneto;Max;2014;2014-12-24T15:27:01Z;3250941386;117.586.137;457.654.877;
CASTELGOMBERTO;VICENZA;Veneto;"Pizzeria/Pub """"Al Punaro""""";2015;2015-04-02T00:03:41Z;1281755172;11.412.235;455.850.933.999.999;
COSTABISSARA;VICENZA;Veneto;Caffè Cubò;2013;2013-05-02T21:57:48Z;2289722181;115.003.527;455.895.912;
COSTABISSARA;VICENZA;Veneto;Mamma L'Oca;2012;2012-10-27T15:57:11Z;1985775567;114.855.794;455.850.367;
CREAZZO;VICENZA;Veneto;Puddy's Pub;2015;2015-12-14T15:50:29Z;1728878407;114.785.951;455.322.311.999.999;
DUEVILLE;VICENZA;Veneto;Birreria alle Poste;2013;2013-07-28T09:04:31Z;2399090392;115.525.708.999.999;456.344.488;
GAMBELLARA;VICENZA;Veneto;Birreria Jon;2012;2012-09-03T17:52:08Z;1896656238;11.337.669;454.625.546.999.999;
GRUMOLO DELLE ABBADESSE;VICENZA;Veneto;Enfant Prodige;2012;2012-11-05T15:21:43Z;1998785809;116.567.678;454.966.269.999.999;
GRUMOLO DELLE ABBADESSE;VICENZA;Veneto;Never Mind;2012;2012-09-26T13:41:48Z;1930411009;116.656.592;45.512.864;
LUSIANA;VICENZA;Veneto;Locanda Centrale;2010;2010-11-14T20:47:19Z;989186866;115.763.551;457.854.962.999.999;
LUSIANA;VICENZA;Veneto;Vecchia Osteria Bertiaga;2012;2012-09-02T15:55:12Z;286295838;115.763.611;457.928.484.999.999;
MALO;VICENZA;Veneto;Enoteca Umberto;2013;2013-04-15T08:41:22Z;1659350138;114.185.070.999.999;456.534.532;
MAROSTICA;VICENZA;Veneto;English House;2012;2012-11-25T08:32:31Z;2031380956;116.651.618.999.999;4.574.501;
MAROSTICA;VICENZA;Veneto;English House;2013;2013-09-30T14:36:17Z;2477718910;116.651.618.999.999;4.574.501;
MAROSTICA;VICENZA;Veneto;Heineken Pub;2013;2013-05-24T09:12:07Z;1420903381;116.552.989;457.448.053.999.999;
MAROSTICA;VICENZA;Veneto;L'Angelo D'Oro;2014;2014-09-10T17:54:18Z;1420907972;116.587.042;457.473.061.999.999;
MAROSTICA;VICENZA;Veneto;Panic Jazz Music;2013;2013-08-22T10:31:25Z;1420903416;116.555.035.999.999;457.458.063.999.999;
MONTE DI MALO;VICENZA;Veneto;Birreria Rana;2013;2013-10-21T08:49:11Z;2503612567;113.660.797;456.521.716;
MUSSOLENTE;VICENZA;Veneto;Birreria Tocayo;2011;2011-09-18T17:51:06Z;1424194683;118.093.816;457.546.637;
MUSSOLENTE;VICENZA;Veneto;Bunker;2013;2013-09-18T10:31:06Z;498106563;118.035.726;457.791.094;
NOVE;VICENZA;Veneto;Birreria Barbagianni;2013;2013-05-19T12:50:15Z;1416483396;116.774.663;457.169.750.999.999;
NOVENTA VICENTINA;VICENZA;Veneto;Foxy Fox;2015;2015-06-15T10:05:34Z;3596079111;115.362.272;452.914.135.999.999;
POVE DEL GRAPPA;VICENZA;Veneto;Birreria i Trenti;2012;2012-02-22T12:15:36Z;1417118317;117.233.828;457.948.396.999.999;
POVE DEL GRAPPA;VICENZA;Veneto;Night club;2012;2012-02-22T12:15:36Z;1417118319;11.722.716;457.947.113;
POZZOLEONE;VICENZA;Veneto;Birreria Red Pub;2013;2013-05-23T21:05:29Z;2300167006;116.827.919;456.757.664;
QUINTO VICENTINO;VICENZA;Veneto;The Drunken Duck;2016;2016-01-10T23:09:54Z;3938591926;116.426.514.999.999;455.749.049;
RECOARO TERME;VICENZA;Veneto;;2014;2014-05-19T08:50:13Z;2868065995;112.242.693;457.046.514.999.999;
ROMANO D'EZZELINO;VICENZA;Veneto;Bosco's;2012;2012-01-29T12:57:42Z;1398637517;117.690.996;457.783.897.999.999;
ROMANO D'EZZELINO;VICENZA;Veneto;ex CUBA LIBRE CAFÈ;2011;2011-08-14T14:10:21Z;538753470;117.532.853.999.999;45.785.456;
ROMANO D'EZZELINO;VICENZA;Veneto;Leone;2011;2011-12-02T16:56:35Z;1417138044;117.578.057;457.967.364;
ROMANO D'EZZELINO;VICENZA;Veneto;Noe's;2011;2011-09-30T16:29:19Z;1398697320;117.864.627;457.795.562;
ROSA';VICENZA;Veneto;Local;2014;2014-12-04T08:12:19Z;2010261872;117.706.003;457.294.866;
ROSA';VICENZA;Veneto;Vinile Disco Pub;2012;2012-08-17T16:05:34Z;1422496742;117.614.888;457.301.946.999.999;
ROSSANO VENETO;VICENZA;Veneto;Birreria Monaco;2011;2011-12-29T14:22:25Z;1402649649;117.999.536;457.054.307;
SANDRIGO;VICENZA;Veneto;Bar Mora;2010;2010-12-10T13:24:53Z;1030706126;11.590.635;456.584.499;
SANDRIGO;VICENZA;Veneto;Wallace Pub;2013;2013-09-03T08:50:01Z;2443329555;115.973.298;456.621.511.999.999;
SANTORSO;VICENZA;Veneto;Croce d'oro;2015;2015-08-04T08:07:15Z;362808048;113.736.101;457.293.135;
SANTORSO;VICENZA;Veneto;Osteria Moderna;2012;2012-09-12T10:16:37Z;1911309722;114.260.257;457.267.967;
SCHIO;VICENZA;Veneto;Birreria Monti d'oro;2014;2014-04-05T12:00:53Z;2769390704;113.625.597;457.013.054;
SCHIO;VICENZA;Veneto;"Ristorante Albergo Birreria """"Due Mori""""";2015;2015-11-04T19:08:31Z;1223719995;113.567.654;457.139.876;
SCHIO;VICENZA;Veneto;Skiosko Beer and Garden;2014;2014-10-02T13:30:17Z;3107120588;113.566.093;457.153.263;
SOVIZZO;VICENZA;Veneto;Jazbo;2014;2014-08-31T09:07:06Z;3051484243;114.507.353;455.290.522.999.999;
TORRI DI QUARTESOLO;VICENZA;Veneto;Puerto Ventura;2014;2014-02-04T01:13:29Z;1998785801;116.237.551;455.109.138.999.999;
VALLI DEL PASUBIO;VICENZA;Veneto;;2009;2009-02-16T21:17:48Z;346355765;112.383.755.999.999;457.452.200.999.999;
VALLI DEL PASUBIO;VICENZA;Veneto;;2010;2010-05-05T20:01:30Z;600893788;112.703.276.999.999;457.351.211;
VICENZA;VICENZA;Veneto;Bar Carioca;2011;2011-02-06T01:57:15Z;612198399;115.424.728;455.541.923.999.999;
VICENZA;VICENZA;Veneto;Irish pub;2014;2014-04-08T21:12:13Z;2778358041;115.666.764;455.647.825;
VICENZA;VICENZA;Veneto;Miles Davis Pub;2009;2009-06-10T15:37:50Z;418297776;115.499.586;455.911.082;
VICENZA;VICENZA;Veneto;Night Club Boys;2013;2013-02-26T17:26:30Z;1423267887;115.068.439;455.305.664.999.999;
VICENZA;VICENZA;Veneto;Sir William Wallace Pub;2009;2009-10-23T10:35:24Z;534233736;115.459.134;455.500.405;
CALALZO DI CADORE;BELLUNO;Veneto;Jungle;2014;2014-07-19T09:47:30Z;2969897917;123.877.709;464.466.457.999.999;
FELTRE;BELLUNO;Veneto;Bulldog Pub;2008;2008-09-29T21:55:20Z;300990172;119.770.837;460.364.902.999.999;
FELTRE;BELLUNO;Veneto;Crown Pub;2015;2015-05-23T16:20:59Z;2806950322;119.131.643;460.200.796;
LAMON;BELLUNO;Veneto;;2011;2011-06-29T21:07:59Z;1343822101;117.516.387;460.509.387.999.999;
SANTA GIUSTINA;BELLUNO;Veneto;bar Centrale;2015;2015-02-20T13:21:23Z;302282156;120.434.382;460.839.529;
SANTA GIUSTINA;BELLUNO;Veneto;chino;2008;2008-09-28T14:57:42Z;300574229;120.485.954.999.999;46.081.001;
SANTA GIUSTINA;BELLUNO;Veneto;Giaci;2013;2013-06-13T21:22:51Z;300574211;120.438.715;460.842.837;
SANTO STEFANO DI CADORE;BELLUNO;Veneto;Union Pub;2014;2014-08-13T17:16:28Z;2085267978;125.487.879;46.559.041;
ALTIVOLE;TREVISO;Veneto;Dancing Papillon;2011;2011-09-10T18:28:16Z;1429155225;119.943.603;457.454.407.999.999;
ASOLO;TREVISO;Veneto;Epoca;2011;2011-12-14T19:49:10Z;1424230632;119.131.294;458.025.735;
ASOLO;TREVISO;Veneto;Hosteria Tuna's;2012;2012-08-14T19:05:57Z;1396156050;119.171.049.999.999;457.891.313;
ASOLO;TREVISO;Veneto;Rock Cafè;2012;2012-07-14T19:30:52Z;1396156047;11.893.734;458.034.590.999.999;
ASOLO;TREVISO;Veneto;Tex Mex;2011;2011-12-14T20:08:31Z;1396156055;119.039.813;457.886.670.999.999;
BORSO DEL GRAPPA;TREVISO;Veneto;Capocaccia;2012;2012-12-21T11:10:33Z;1577463332;117.723.654;458.099.166;
BORSO DEL GRAPPA;TREVISO;Veneto;Irish Pub Asgard;2011;2011-09-07T19:31:36Z;1398450160;117.792.230.999.999;458.150.491.999.999;
BORSO DEL GRAPPA;TREVISO;Veneto;La Taverna;2012;2012-01-04T23:27:28Z;1408655748;118.054.932;458.157.722.999.999;
BORSO DEL GRAPPA;TREVISO;Veneto;Locanda Tilly's;2015;2015-10-25T15:40:28Z;1414365134;117.738.951;458.108.660.999.999;
BORSO DEL GRAPPA;TREVISO;Veneto;Strubbe;2012;2012-09-25T09:55:52Z;1396156051;117.942.063;457.997.692;
CASTELFRANCO VENETO;TREVISO;Veneto;Al Vizio Pub;2011;2011-09-19T16:18:15Z;1437572825;11.927.894;456.696.833.999.999;
CASTELFRANCO VENETO;TREVISO;Veneto;Big Bang;2014;2014-04-02T18:16:01Z;2761697078;119.624.459;456.846.176;
CASTELFRANCO VENETO;TREVISO;Veneto;Bruchetteria birreria ai 2 gatti;2013;2013-01-04T12:10:53Z;1421786746;119.237.964;456.708.453;
CASTELFRANCO VENETO;TREVISO;Veneto;Irlandese;2013;2013-01-04T12:10:54Z;1421786743;119.266.977;456.737.821.999.999;
CASTELFRANCO VENETO;TREVISO;Veneto;Jacky's Parlour Pub;2013;2013-09-11T10:08:58Z;1815654057;119.549.929;456.855.492.999.999;
CASTELFRANCO VENETO;TREVISO;Veneto;La Casa Rossa;2011;2011-10-10T16:47:01Z;1399961871;119.156.192;456.899.323.999.999;
CASTELFRANCO VENETO;TREVISO;Veneto;Lord Pub;2013;2013-11-16T22:19:20Z;1399961775;119.279.542;456.879.258;
CASTELFRANCO VENETO;TREVISO;Veneto;Melody Disco;2014;2014-01-31T22:23:49Z;1421786745;119.644.476;456.847.179.999.999;
CASTELFRANCO VENETO;TREVISO;Veneto;Old Bridge;2012;2012-06-11T19:26:46Z;1421786732;119.239.511;45.670.689;
CASTELFRANCO VENETO;TREVISO;Veneto;Underground Pub;2015;2015-07-21T19:23:17Z;2094785570;119.232.318.999.999;456.721.501.999.999;
CASTELLO DI GODEGO;TREVISO;Veneto;Philadelphia;2014;2014-10-07T17:20:10Z;1416427269;118.800.972;456.906.571;
CODOGNE';TREVISO;Veneto;;2013;2013-08-14T17:09:52Z;2419104949;12.431.239;458.682.798.999.999;
CODOGNE';TREVISO;Veneto;Al Modestà;2013;2013-08-16T10:53:16Z;2420684003;123.980.333.999.999;458.664.678;
CONEGLIANO;TREVISO;Veneto;Barone Rosso;2012;2012-01-07T19:03:35Z;1581429303;122.719.006;458.705.009;
CONEGLIANO;TREVISO;Veneto;Da Gigi;2015;2015-11-02T14:00:46Z;3813851858;122.974.041;458.789.135.999.999;
CORNUDA;TREVISO;Veneto;La Vecchia Posta;2013;2013-12-03T14:10:59Z;1422490544;12.004.839;458.301.577;
CRESPANO DEL GRAPPA;TREVISO;Veneto;Burton Pub;2013;2013-08-12T15:43:43Z;1610325125;118.395.429;458.272.288;
CRESPANO DEL GRAPPA;TREVISO;Veneto;Cacao;2013;2013-08-12T15:59:44Z;1422882382;118.381.194;458.258.202;
FONTE;TREVISO;Veneto;Harry's Pub;2012;2012-10-25T13:23:47Z;1982884448;118.662.463;457.831.373;
ISTRANA;TREVISO;Veneto;Birreria Fra' Bernardo;2013;2013-03-15T13:51:02Z;1798841440;120.988.854;456.786.762.999.999;
LORIA;TREVISO;Veneto;On Off;2012;2012-05-22T07:55:31Z;1735173568;118.650.857.999.999;457.273.276.999.999;
MASER;TREVISO;Veneto;;2013;2013-03-01T11:29:11Z;2083730785;119.599.063;458.030.237.999.999;
MASER;TREVISO;Veneto;Risto pub Black Cock;2013;2013-10-14T15:33:19Z;2496282890;119.450.822;457.928.426;
MASERADA SUL PIAVE;TREVISO;Veneto;Good Devil Pub;2011;2011-09-13T14:03:33Z;1431397401;123.080.114;457.359.583;
MOGLIANO VENETO;TREVISO;Veneto;Helmut;2009;2009-11-18T22:13:30Z;544904062;122.550.472.999.999;455.627.616;
MOGLIANO VENETO;TREVISO;Veneto;La Lampada;2009;2009-10-29T21:53:43Z;544897752;122.381.262;455.516.679.999.999;
MOGLIANO VENETO;TREVISO;Veneto;Thanks;2009;2009-11-22T15:12:21Z;568446450;122.397.202;455.373.212;
MONTEBELLUNA;TREVISO;Veneto;;2012;2012-08-04T08:14:59Z;1851213229;120.575.598.999.999;457.722.452;
MONTEBELLUNA;TREVISO;Veneto;;2012;2012-08-14T12:49:55Z;1862632516;120.518.418;457.676.883.999.999;
MONTEBELLUNA;TREVISO;Veneto;Mattorosso;2015;2015-09-05T19:25:22Z;3593530111;120.576.726.999.999;457.775.488.999.999;
MONTEBELLUNA;TREVISO;Veneto;Nidaba;2015;2015-09-18T21:26:55Z;3675544336;120.788.664;457.707.851.999.999;
MONTEBELLUNA;TREVISO;Veneto;Osteria Posmon;2012;2012-02-23T09:58:41Z;1427106404;120.297.341;457.768.476.999.999;
MORIAGO DELLA BATTAGLIA;TREVISO;Veneto;Pub La Stiva;2015;2015-09-01T21:05:16Z;2361621047;120.800.388;458.718.702.999.999;
NERVESA DELLA BATTAGLIA;TREVISO;Veneto;;2012;2012-05-04T08:47:31Z;1740081979;121.871.515;458.046.243;
PADERNO DEL GRAPPA;TREVISO;Veneto;Hoch Holle;2012;2012-10-11T07:28:31Z;1958030581;118.468.839;45.843.907;
PEDEROBBA;TREVISO;Veneto;Old Saloon;2013;2013-03-13T09:07:40Z;2199273564;119.766.101;458.662.598;
PIEVE DI SOLIGO;TREVISO;Veneto;"Birrificio """"La Gastaldia""""";2013;2013-05-14T21:02:49Z;1455478651;121.640.321.999.999;459.177.212;
PIEVE DI SOLIGO;TREVISO;Veneto;L'Ostaria;2013;2013-09-15T23:34:41Z;316850744;12.173.821;459.006.215;
QUINTO DI TREVISO;TREVISO;Veneto;Al Mondo di Giselle;2009;2009-05-21T15:45:36Z;409018592;121.649.227;456.292.274.999.999;
RIESE PIO X;TREVISO;Veneto;al Bivio;2012;2012-03-05T13:17:13Z;1409642688;119.296.784;457.082.438.999.999;
RIESE PIO X;TREVISO;Veneto;avalon;2014;2014-05-14T07:44:25Z;2857605819;119.132.681.999.999;457.302.739;
RIESE PIO X;TREVISO;Veneto;Diego Armando;2011;2011-12-03T10:30:27Z;1529294711;119.307.266.999.999;45.705.699;
RIESE PIO X;TREVISO;Veneto;Irish Pub Avalon;2012;2012-06-10T05:33:22Z;1610306228;119.131.886;457.303.014;
RIESE PIO X;TREVISO;Veneto;Music pub;2014;2014-11-27T17:47:25Z;1423277929;119.192.228.999.999;457.207.276.999.999;
RONCADE;TREVISO;Veneto;MI & LU;2010;2010-12-13T09:42:32Z;1036988990;123.782.609;456.136.369;
SAN BIAGIO DI CALLALTA;TREVISO;Veneto;da OTTO;2010;2010-08-12T13:25:28Z;856764196;124.043.958;456.779.475;
SAN ZENONE DEGLI EZZELINI;TREVISO;Veneto;Raggae Pub Ex Takabanda;2016;2016-02-10T16:04:02Z;1408659256;118.200.575;457.926.156.999.999;
SILEA;TREVISO;Veneto;San Josè;2015;2015-02-19T16:45:53Z;3359696116;122.929.334;456.504.042.999.999;
TREVIGNANO;TREVISO;Veneto;Shaka Pub;2013;2013-05-12T17:49:05Z;1919110814;121.178.677;457.255.205;
TREVISO;TREVISO;Veneto;;2010;2010-12-21T23:01:20Z;1055537177;122.452.589;45.682.073;
TREVISO;TREVISO;Veneto;;2013;2013-06-17T21:11:45Z;2349963219;122.469.473;456.660.501;
TREVISO;TREVISO;Veneto;;2013;2013-06-17T21:12:21Z;2349963662;122.444.849.999.999;456.651.073;
TREVISO;TREVISO;Veneto;Befed;2015;2015-11-18T18:28:52Z;3840422251;122.503.518;456.691.997;
TREVISO;TREVISO;Veneto;Cantinetta Venegazzù;2015;2015-11-18T12:32:25Z;1446319131;122.463.487;456.662.948;
TREVISO;TREVISO;Veneto;Enphant Prodige;2011;2011-09-25T20:04:51Z;1445744656;122.526.641;456.589.979;
TREVISO;TREVISO;Veneto;Irish Free State;2012;2012-12-11T00:21:06Z;1229596665;122.571.855;456.723.758.999.999;
TREVISO;TREVISO;Veneto;ST. Thomas Gate;2013;2013-06-17T21:05:47Z;2349959316;122.504.665.999.999;456.701.734.999.999;
TREVISO;TREVISO;Veneto;Wishing Wells;2013;2013-06-17T21:02:39Z;2349956976;122.414.755.999.999;456.805.487.999.999;
VALDOBBIADENE;TREVISO;Veneto;Haineken Pub;2011;2011-09-03T21:26:57Z;1422507302;119.939.214;458.990.219;
VALDOBBIADENE;TREVISO;Veneto;Osteria Senza Oste;2013;2013-07-03T23:38:07Z;1298796415;120.319.743;459.016.177;
VEDELAGO;TREVISO;Veneto;Birreria artigianale Barchessa;2012;2012-01-09T11:22:11Z;1402414077;120.134.837;457.213.464;
VEDELAGO;TREVISO;Veneto;Britannia Pub;2012;2012-07-30T13:22:41Z;1843960152;120.530.717;456.936.989;
VILLORBA;TREVISO;Veneto;Cesa Vecia;2013;2013-06-16T21:55:43Z;2348478809;122.493.218;456.945.671;
VOLPAGO DEL MONTELLO;TREVISO;Veneto;Aldamida's;2013;2013-02-18T15:34:24Z;2161221436;121.264.506;457.864.837.999.999;
VOLPAGO DEL MONTELLO;TREVISO;Veneto;Bar 701;2011;2011-11-20T18:15:01Z;1510150186;121.437.382;457.858.738.999.999;
VOLPAGO DEL MONTELLO;TREVISO;Veneto;Nona Nana;2013;2013-02-18T14:38:49Z;2161134246;120.879.984.999.999;457.805.730.999.999;
VOLPAGO DEL MONTELLO;TREVISO;Veneto;Pinup vintage pub;2011;2011-09-24T10:51:02Z;1411358099;121.053.245;457.768.473;
ANNONE VENETO;CITTA' METROPOLITANA DI VENEZIA;Veneto;Al Grande Moro;2012;2012-01-18T12:30:17Z;1596138781;126.835.644;457.941.144.999.999;
ANNONE VENETO;CITTA' METROPOLITANA DI VENEZIA;Veneto;Al Paca;2013;2013-04-28T21:00:44Z;1596173792;126.872.738.999.999;457.957.751;
ANNONE VENETO;CITTA' METROPOLITANA DI VENEZIA;Veneto;Snack bar Orchidea;2015;2015-05-24T19:43:37Z;310588463;126.815.887;457.943.111;
CAORLE;CITTA' METROPOLITANA DI VENEZIA;Veneto;"Bar Birreria """"Ai Tre Tini""""";2015;2015-11-26T21:08:30Z;3861381500;128.870.722;455.987.725.999.999;
CAORLE;CITTA' METROPOLITANA DI VENEZIA;Veneto;Birreria Sunrise;2015;2015-11-26T22:29:24Z;3861552013;128.784.348;455.967.553.999.999;
CAORLE;CITTA' METROPOLITANA DI VENEZIA;Veneto;"Osteria """"Amici Miei""""";2015;2015-11-26T21:08:31Z;3861381520;128.876.180.999.999;455.988.797.999.999;
CHIOGGIA;CITTA' METROPOLITANA DI VENEZIA;Veneto;Bellini;2011;2011-02-25T10:58:43Z;1171976190;12.278.549;452.191.337;
CHIOGGIA;CITTA' METROPOLITANA DI VENEZIA;Veneto;Dollaro;2011;2011-02-22T12:59:43Z;1166383986;122.979.531;451.980.715.999.999;
CHIOGGIA;CITTA' METROPOLITANA DI VENEZIA;Veneto;Forum;2015;2015-09-04T22:50:53Z;3729925034;123.197.197;451.742.889;
CHIOGGIA;CITTA' METROPOLITANA DI VENEZIA;Veneto;Fronte del Porto;2011;2011-03-19T14:41:45Z;1184146434;122.790.976;452.237.705;
CHIOGGIA;CITTA' METROPOLITANA DI VENEZIA;Veneto;Havana Pub;2015;2015-06-04T12:15:44Z;1166383917;122.960.031;452.102.188;
CHIOGGIA;CITTA' METROPOLITANA DI VENEZIA;Veneto;PassaParola;2014;2014-01-14T14:29:51Z;1166383808;122.948.012;45.214.289;
CHIOGGIA;CITTA' METROPOLITANA DI VENEZIA;Veneto;Piccadilly;2014;2014-01-14T14:29:51Z;1170288631;122.926.563;452.150.072;
DOLO;CITTA' METROPOLITANA DI VENEZIA;Veneto;Bonnie & Clyde;2010;2010-01-02T09:53:31Z;602988659;120.507.741;454.393.214.999.999;
ERACLEA;CITTA' METROPOLITANA DI VENEZIA;Veneto;Long John;2011;2011-10-31T17:06:47Z;1487523748;12.761.343;455.481.373;
FOSSALTA DI PIAVE;CITTA' METROPOLITANA DI VENEZIA;Veneto;Antica Birreria;2014;2014-08-21T17:58:25Z;3033132782;125.138.804;456.478.626;
IESOLO;CITTA' METROPOLITANA DI VENEZIA;Veneto;Big Ben Pub;2012;2012-10-05T08:11:32Z;1947183805;126.818.694.999.999;455.174.717;
IESOLO;CITTA' METROPOLITANA DI VENEZIA;Veneto;Casabianca cafe;2012;2012-01-01T22:20:53Z;1573320859;126.317.059;455.008.569;
IESOLO;CITTA' METROPOLITANA DI VENEZIA;Veneto;Corner Pub;2012;2012-10-05T08:11:36Z;1947183903;126.830.604;455.186.162.999.999;
IESOLO;CITTA' METROPOLITANA DI VENEZIA;Veneto;Crazy Cocktails;2015;2015-08-03T09:26:07Z;3678621542;126.810.087;455.168.997.999.999;
IESOLO;CITTA' METROPOLITANA DI VENEZIA;Veneto;El Dorado;2012;2012-10-04T06:38:51Z;1945594263;126.610.741;455.128.935.999.999;
IESOLO;CITTA' METROPOLITANA DI VENEZIA;Veneto;Gasoline;2014;2014-07-07T20:07:46Z;1508786236;126.188.573;454.961.162;
IESOLO;CITTA' METROPOLITANA DI VENEZIA;Veneto;Marina Club;2012;2012-01-02T17:42:15Z;1574359537;125.928.511;45.494.852;
IESOLO;CITTA' METROPOLITANA DI VENEZIA;Veneto;Mary's Pub;2013;2013-09-08T13:25:56Z;2450508430;12.622.019;45.497.827;
IESOLO;CITTA' METROPOLITANA DI VENEZIA;Veneto;Morgan's;2012;2012-01-02T10:22:47Z;1573849112;126.340.201;455.018.438;
IESOLO;CITTA' METROPOLITANA DI VENEZIA;Veneto;Primafila;2012;2012-01-02T14:56:26Z;1574153341;126.188.831;454.973.652.999.999;
IESOLO;CITTA' METROPOLITANA DI VENEZIA;Veneto;Terrazzamare;2012;2012-01-02T17:35:34Z;1574348731;12.582.546;454.807.603;
IESOLO;CITTA' METROPOLITANA DI VENEZIA;Veneto;Vanilla;2012;2012-01-02T14:23:07Z;1574114135;126.032.645.999.999;454.944.154;
MARCON;CITTA' METROPOLITANA DI VENEZIA;Veneto;Old Stadio Pub;2014;2014-10-18T18:06:41Z;3137218029;123.036.697;455.546.519;
MARTELLAGO;CITTA' METROPOLITANA DI VENEZIA;Veneto;Periferia Pub;2015;2015-11-29T18:31:00Z;3867785116;121.748.864;455.397.946;
MIRA;CITTA' METROPOLITANA DI VENEZIA;Veneto;Boombastic;2013;2013-10-23T07:31:54Z;568083628;121.748.364;454.639.809;
MIRANO;CITTA' METROPOLITANA DI VENEZIA;Veneto;;2012;2012-02-24T17:22:42Z;1645796433;120.762.769.999.999;455.040.643.999.999;
MUSILE DI PIAVE;CITTA' METROPOLITANA DI VENEZIA;Veneto;;2009;2009-07-21T23:08:54Z;445132912;125.297.246;456.209.648.999.999;
NOALE;CITTA' METROPOLITANA DI VENEZIA;Veneto;Cortivo Risto Wine Pub;2010;2010-11-17T10:18:00Z;992545066;120.719.438;455.532.747.999.999;
PORTOGRUARO;CITTA' METROPOLITANA DI VENEZIA;Veneto;La Botte;2012;2012-08-16T09:27:40Z;1868447522;128.330.179.999.999;457.745.011;
PORTOGRUARO;CITTA' METROPOLITANA DI VENEZIA;Veneto;La Lanterna;2012;2012-08-15T16:44:35Z;1867579646;128.369.561;457.747.851;
PORTOGRUARO;CITTA' METROPOLITANA DI VENEZIA;Veneto;Tecla;2012;2012-08-16T09:27:39Z;1868447512;128.384.522;457.769.855;
SAN DONA' DI PIAVE;CITTA' METROPOLITANA DI VENEZIA;Veneto;Da Gigi;2015;2015-10-23T06:52:31Z;3799010157;125.796.749;455.980.083.999.999;
SANTA MARIA DI SALA;CITTA' METROPOLITANA DI VENEZIA;Veneto;Voodoo Child Pub;2012;2012-12-03T21:27:47Z;992552148;120.324.329;454.857.154.999.999;
SCORZE';CITTA' METROPOLITANA DI VENEZIA;Veneto;Pub da Cucchi;2012;2012-08-17T22:11:45Z;1870665068;121.477.422;455.773.948;
VENEZIA;CITTA' METROPOLITANA DI VENEZIA;Veneto;al Canton;2012;2012-03-07T11:29:42Z;676820102;123.421.499;454.364.132.999.999;
VENEZIA;CITTA' METROPOLITANA DI VENEZIA;Veneto;al Canton;2012;2012-03-07T11:29:42Z;676820102;123.421.499;454.364.132.999.999;
VENEZIA;CITTA' METROPOLITANA DI VENEZIA;Veneto;Al Ponte;2015;2015-12-02T19:07:55Z;1854858017;123.527.278;454.561.479.999.999;
VENEZIA;CITTA' METROPOLITANA DI VENEZIA;Veneto;Al Ponte;2015;2015-12-02T19:07:55Z;1854858017;123.527.278;454.561.479.999.999;
VENEZIA;CITTA' METROPOLITANA DI VENEZIA;Veneto;Alternative;2009;2009-11-28T20:13:52Z;566696011;121.981.368;454.866.839;
VENEZIA;CITTA' METROPOLITANA DI VENEZIA;Veneto;Alternative;2009;2009-11-28T20:13:52Z;566696011;121.981.368;454.866.839;
VENEZIA;CITTA' METROPOLITANA DI VENEZIA;Veneto;Angio;2014;2014-04-13T16:18:35Z;2788541936;123.505.053.999.999;454.322.918;
VENEZIA;CITTA' METROPOLITANA DI VENEZIA;Veneto;Angio;2014;2014-04-13T16:18:35Z;2788541936;123.505.053.999.999;454.322.918;
VENEZIA;CITTA' METROPOLITANA DI VENEZIA;Veneto;Bar Arsenale;2013;2013-02-28T07:45:37Z;1326454795;123.496.475;454.347.520.999.999;
VENEZIA;CITTA' METROPOLITANA DI VENEZIA;Veneto;Bar Arsenale;2013;2013-02-28T07:45:37Z;1326454795;123.496.475;454.347.520.999.999;
VENEZIA;CITTA' METROPOLITANA DI VENEZIA;Veneto;Devil's Forest;2013;2013-04-25T11:00:50Z;2280684307;123.368.799;454.372.672;
VENEZIA;CITTA' METROPOLITANA DI VENEZIA;Veneto;Devil's Forest;2013;2013-04-25T11:00:50Z;2280684307;123.368.799;454.372.672;
VENEZIA;CITTA' METROPOLITANA DI VENEZIA;Veneto;I 4 Elementi;2009;2009-11-19T13:11:34Z;567023798;122.023.209;454.824.167;
VENEZIA;CITTA' METROPOLITANA DI VENEZIA;Veneto;I 4 Elementi;2009;2009-11-19T13:11:34Z;567023798;122.023.209;454.824.167;
VENEZIA;CITTA' METROPOLITANA DI VENEZIA;Veneto;Il  Santo Bevitore;2015;2015-11-23T05:15:45Z;2250066811;123.321.577.999.999;454.434.011.999.999;
VENEZIA;CITTA' METROPOLITANA DI VENEZIA;Veneto;Il  Santo Bevitore;2015;2015-11-23T05:15:45Z;2250066811;123.321.577.999.999;454.434.011.999.999;
VENEZIA;CITTA' METROPOLITANA DI VENEZIA;Veneto;Inishark;2013;2013-04-26T07:33:05Z;2280679482;123.400.085;454.370.144.999.999;
VENEZIA;CITTA' METROPOLITANA DI VENEZIA;Veneto;Inishark;2013;2013-04-26T07:33:05Z;2280679482;123.400.085;454.370.144.999.999;
VENEZIA;CITTA' METROPOLITANA DI VENEZIA;Veneto;Laboratorio Occupato Morion;2015;2015-03-27T23:53:35Z;2279496589;123.473.155;454.373.961;
VENEZIA;CITTA' METROPOLITANA DI VENEZIA;Veneto;Laboratorio Occupato Morion;2015;2015-03-27T23:53:35Z;2279496589;123.473.155;454.373.961;
VENEZIA;CITTA' METROPOLITANA DI VENEZIA;Veneto;Osteria Antica Adelaide;2015;2015-10-10T20:29:25Z;3781270469;123.342.632;454.419.727;
VENEZIA;CITTA' METROPOLITANA DI VENEZIA;Veneto;Osteria Antica Adelaide;2015;2015-10-10T20:29:25Z;3781270469;123.342.632;454.419.727;
VENEZIA;CITTA' METROPOLITANA DI VENEZIA;Veneto;Osteria Portego;2014;2014-05-11T13:55:12Z;2850471330;12.338.494;454.382.206;
VENEZIA;CITTA' METROPOLITANA DI VENEZIA;Veneto;Osteria Portego;2014;2014-05-11T13:55:12Z;2850471330;12.338.494;454.382.206;
VENEZIA;CITTA' METROPOLITANA DI VENEZIA;Veneto;Stinger;2012;2012-02-15T11:16:08Z;1098098997;122.265.817;455.052.491;
VENEZIA;CITTA' METROPOLITANA DI VENEZIA;Veneto;Stinger;2012;2012-02-15T11:16:08Z;1098098997;122.265.817;455.052.491;
VENEZIA;CITTA' METROPOLITANA DI VENEZIA;Veneto;theNeuPop;2011;2011-12-22T12:39:48Z;1558151062;123.396.267;454.271.967.999.999;
VENEZIA;CITTA' METROPOLITANA DI VENEZIA;Veneto;theNeuPop;2011;2011-12-22T12:39:48Z;1558151062;123.396.267;454.271.967.999.999;
VENEZIA;CITTA' METROPOLITANA DI VENEZIA;Veneto;WE Market;2015;2015-11-22T10:22:36Z;3851371373;123.387.165;454.430.461.999.999;
VENEZIA;CITTA' METROPOLITANA DI VENEZIA;Veneto;WE Market;2015;2015-11-22T10:22:36Z;3851371373;123.387.165;454.430.461.999.999;
VENEZIA;CITTA' METROPOLITANA DI VENEZIA;Veneto;Woody;2009;2009-11-20T23:59:58Z;566696012;121.910.305.999.999;454.952.028;
VENEZIA;CITTA' METROPOLITANA DI VENEZIA;Veneto;Woody;2009;2009-11-20T23:59:58Z;566696012;121.910.305.999.999;454.952.028;
CAVALLINO TREPORTI;CITTA' METROPOLITANA DI VENEZIA;Veneto;Inconserva;2012;2012-01-02T15:29:08Z;1574193750;125.509.711.999.999;454.840.305.999.999;
CAVALLINO TREPORTI;CITTA' METROPOLITANA DI VENEZIA;Veneto;Rosso di Sera;2012;2012-01-02T15:25:02Z;1574187079;125.473.503;454.722.461;
ALBIGNASEGO;PADOVA;Veneto;La pecora nera;2011;2011-03-12T22:30:09Z;1199393684;11.868.281;453.527.831;
BORGORICCO;PADOVA;Veneto;Birreria Al Pioniere;2013;2013-10-12T12:09:32Z;2493661304;11.965.403;455.571.513;
BORGORICCO;PADOVA;Veneto;Faraone;2013;2013-09-13T02:04:38Z;2456370146;119.649.337;455.308.209;
CARMIGNANO DI BRENTA;PADOVA;Veneto;Birreria Pegaso;2011;2011-10-05T14:45:19Z;1456017150;116.984.869;45.628.318;
CITTADELLA;PADOVA;Veneto;"Bar Birreria """"Cetra""""";2015;2015-06-30T09:42:33Z;1791656853;11.782.309;456.487.351.999.999;
CITTADELLA;PADOVA;Veneto;"Birreria """"Torre""""";2015;2015-06-30T09:42:34Z;861368899;117.840.194.999.999;456.468.549;
CITTADELLA;PADOVA;Veneto;Gossip bar;2013;2013-12-29T15:21:22Z;2402962678;117.834.594;456.502.026;
CITTADELLA;PADOVA;Veneto;Ostaria al Teson;2015;2015-06-30T09:42:32Z;3626676379;117.832.589;456.476.024.999.999;
CODEVIGO;PADOVA;Veneto;Bar Santa Margherita;2012;2012-07-31T12:49:39Z;1845288032;121.249.053.999.999;452.425.305;
CURTAROLO;PADOVA;Veneto;Greenwich Pub;2014;2014-03-20T14:26:42Z;871854457;118.395.769;455.334.318.999.999;
ESTE;PADOVA;Veneto;27;2012;2012-04-04T18:50:59Z;921204808;116.494.748;452.233.747;
ESTE;PADOVA;Veneto;Al Curvone;2013;2013-03-26T14:39:36Z;915709443;116.505.347;452.098.001;
ESTE;PADOVA;Veneto;Birerria San Marco;2012;2012-04-12T18:33:09Z;1713154182;116.796.691;452.203.220.999.999;
ESTE;PADOVA;Veneto;Brendan;2012;2012-04-06T13:11:44Z;669895510;116.481.204.999.999;452.281.587;
ESTE;PADOVA;Veneto;Caravanserrai;2012;2012-04-05T17:24:45Z;666987800;116.517.567;452.279.539.999.999;
ESTE;PADOVA;Veneto;Fisher;2013;2013-02-25T15:18:01Z;903611415;116.664.777.999.999;452.189.403;
ESTE;PADOVA;Veneto;La Picadita;2012;2012-04-11T20:36:39Z;951396784;116.561.179;452.277.224.999.999;
FONTANIVA;PADOVA;Veneto;Si Sale;2010;2010-07-28T10:25:22Z;836170370;11.768.246;456.129.423;
GRANTORTO;PADOVA;Veneto;Wanted RockPub;2013;2013-10-28T06:39:06Z;2511141893;117.313.305;455.980.999;
LEGNARO;PADOVA;Veneto;;2009;2009-09-18T10:05:03Z;500020776;119.660.552;453.450.422;
LOZZO ATESTINO;PADOVA;Veneto;;2012;2012-08-16T18:55:31Z;1868952481;116.236.397;452.815.992;
MONTAGNANA;PADOVA;Veneto;Blue Note;2012;2012-05-20T11:58:23Z;1759645717;114.616.919.999.999;452.348.880.999.999;
MONTAGNANA;PADOVA;Veneto;Ca' Lice;2012;2012-05-23T16:46:39Z;1763014484;11.472.621;452.296.783;
MONTAGNANA;PADOVA;Veneto;Osteria 2 Draghi;2013;2013-03-26T14:39:49Z;1738589799;114.674.643;452.317.384.999.999;
MONTAGNANA;PADOVA;Veneto;Shamrock;2015;2015-02-28T08:50:31Z;3376126414;11.471.087;452.300.873;
MONTAGNANA;PADOVA;Veneto;Spice Cafè;2012;2012-05-02T19:31:40Z;1738589805;114.678.641.999.999;45.231.251;
PADOVA;PADOVA;Veneto;;2009;2009-08-04T09:40:08Z;455927488;119.443.386.999.999;453.979.890.999.999;
PADOVA;PADOVA;Veneto;;2013;2013-11-03T20:44:16Z;2519135146;119.051.191;454.100.997;
PADOVA;PADOVA;Veneto;Birreria Kofler;2014;2014-05-19T12:48:04Z;2868360575;118.630.388.999.999;454.156.382.999.999;
PADOVA;PADOVA;Veneto;Disco Pachuca;2011;2011-09-03T10:24:46Z;1421793131;1.187.153;454.226.697;
PADOVA;PADOVA;Veneto;Disco pub Banale;2011;2011-09-03T10:35:36Z;1421797332;118.637.204.999.999;45.417.503;
PADOVA;PADOVA;Veneto;Fishmarket Disco pub;2011;2011-09-03T10:35:36Z;1421797331;118.663.158;454.175.489;
PADOVA;PADOVA;Veneto;Il Campione;2014;2014-09-14T12:42:18Z;3076678012;11.871.117;454.126.422;
PADOVA;PADOVA;Veneto;Joyce's;2011;2011-10-10T07:42:59Z;1459133994;118.677.489;454.055.165.999.999;
PADOVA;PADOVA;Veneto;Lo Spaccone club Biliardo;2011;2011-09-03T10:39:10Z;1421798056;118.933.953;4.540.827;
PADOVA;PADOVA;Veneto;Sir Francis Drake;2014;2014-12-21T22:45:42Z;3247022504;118.539.869;454.231.692.999.999;
PADOVA;PADOVA;Veneto;St. John's Pub;2013;2013-10-08T10:13:22Z;1581297611;118.643.752;454.041.714;
PADOVA;PADOVA;Veneto;Tana del Luppolo;2014;2014-01-11T18:28:52Z;2618864576;118.707.601;454.057.547;
SALETTO;PADOVA;Veneto;Pub 2014;2015;2015-03-30T01:49:20Z;3415737470;115.333.625;452.261.595;
SAN MARTINO DI LUPARI;PADOVA;Veneto;Vecchia Sega;2014;2014-05-14T06:54:10Z;2857541558;118.238.249.999.999;456.856.435.999.999;
SAN PIETRO IN GU;PADOVA;Veneto;Birreria Yalin;2012;2012-10-14T08:18:17Z;1964102619;116.704.144;45.613.281;
SAN PIETRO IN GU;PADOVA;Veneto;Der Platz;2015;2015-01-10T17:35:27Z;3280731639;116.838.581;456.100.189;
SAONARA;PADOVA;Veneto;Seven Pub;2015;2015-10-03T18:37:35Z;290037421;119.651.884;453.895.837.999.999;
TOMBOLO;PADOVA;Veneto;Cheers Pub;2012;2012-12-18T12:15:52Z;2072686300;118.284.505;456.502.185;
VILLA DEL CONTE;PADOVA;Veneto;Ricky's pub;2012;2012-06-17T15:11:21Z;1791788091;118.583.669;456.095.996.999.999;
VILLAFRANCA PADOVANA;PADOVA;Veneto;La Piazzetta - Bar e pizzeria;2012;2012-09-13T19:58:51Z;1910726504;118.152.945;454.688.252.999.999;
VO;PADOVA;Veneto;The Beer Brothers;2013;2013-03-26T15:30:10Z;1278570419;116.418.924;453.288.195;
FRATTA POLESINE;ROVIGO;Veneto;Tre Corone;2008;2008-05-05T18:04:03Z;262351520;116.414.983;450.300.569.999.999;
ROVIGO;ROVIGO;Veneto;;2010;2010-07-20T10:46:15Z;825949702;117.799.853.999.999;450.730.416.999.999;
ROVIGO;ROVIGO;Veneto;Macallan's;2010;2010-08-02T15:41:30Z;843506228;11.792.171;450.697.033;
ROVIGO;ROVIGO;Veneto;Moby Dick;2008;2008-04-14T14:48:50Z;257552971;117.878.288.999.999;450.680.736.999.999;
ROVIGO;ROVIGO;Veneto;Pedavena;2010;2010-08-03T11:53:10Z;844684096;117.907.788;450.705.353.999.999;
ROVIGO;ROVIGO;Veneto;Re Artù;2008;2008-04-14T14:48:50Z;257552972;117.817.889;450.747.112;
ROVIGO;ROVIGO;Veneto;Zestea;2008;2008-04-14T14:50:00Z;257553065;117.915.376;450.702.165;
AQUILEIA;UDINE;Friuli-Venezia Giulia;;2010;2010-06-12T14:33:08Z;770056955;133.668.695;457.639.335;
AQUILEIA;UDINE;Friuli-Venezia Giulia;;2010;2010-06-13T08:32:48Z;771188073;133.649.925;457.754.272;
ARTA TERME;UDINE;Friuli-Venezia Giulia;Baraonda;2012;2012-12-08T22:04:26Z;2056759921;130.257.098;464.715.577.999.999;
ARTA TERME;UDINE;Friuli-Venezia Giulia;Bar Mistrizzi;2012;2012-12-09T16:39:33Z;2058277378;130.642.829;464.706.547.999.999;
ARTA TERME;UDINE;Friuli-Venezia Giulia;Osteria Candoni;2012;2012-12-09T16:39:33Z;2058277381;130.331.598.999.999;464.582.058;
BUTTRIO;UDINE;Friuli-Venezia Giulia;Pub Pizzeria Lucky Moon;2009;2009-10-09T17:44:07Z;527331566;133.215.179;460.130.269;
CERVIGNANO DEL FRIULI;UDINE;Friuli-Venezia Giulia;Rainbow;2013;2013-02-16T10:38:40Z;2157165324;133.221.291;458.604.312;
CIVIDALE DEL FRIULI;UDINE;Friuli-Venezia Giulia;;2011;2011-11-24T10:17:56Z;422543837;134.406.547;460.376.272;
CIVIDALE DEL FRIULI;UDINE;Friuli-Venezia Giulia;Il Santo e il Lupo;2013;2013-12-11T21:58:19Z;2576337562;134.303.696;460.924.035;
CODROIPO;UDINE;Friuli-Venezia Giulia;Break dogale;2011;2011-03-18T16:15:27Z;1207446121;130.139.248;459.479.163;
CODROIPO;UDINE;Friuli-Venezia Giulia;La Casa Matta;2015;2015-02-20T15:56:04Z;3361869938;129.336.708;459.541.844;
DOGNA;UDINE;Friuli-Venezia Giulia;Osteria all'Orso;2013;2013-06-26T19:34:50Z;2362232687;133.085.337.999.999;464.381.288;
FAGAGNA;UDINE;Friuli-Venezia Giulia;Lemon;2015;2015-09-16T16:31:12Z;3745923288;130.867.641.999.999;460.966.870.999.999;
GEMONA DEL FRIULI;UDINE;Friuli-Venezia Giulia;Al Castello;2012;2012-06-17T08:27:00Z;1791332936;131.394.943;462.767.665;
GEMONA DEL FRIULI;UDINE;Friuli-Venezia Giulia;Al Feralut;2011;2011-12-24T17:37:45Z;1237015543;131.403.107;462.774.148.999.999;
GEMONA DEL FRIULI;UDINE;Friuli-Venezia Giulia;Alla Piazzetta;2011;2011-12-24T17:37:45Z;914415072;13.119.323;462.975.441.999.999;
GEMONA DEL FRIULI;UDINE;Friuli-Venezia Giulia;Autogrillo;2011;2011-12-24T17:37:45Z;1026319607;131.104.044;462.834.738.999.999;
GEMONA DEL FRIULI;UDINE;Friuli-Venezia Giulia;Bar Centrale;2011;2011-12-24T17:37:45Z;914414945;131.188.495;462.984.171;
GEMONA DEL FRIULI;UDINE;Friuli-Venezia Giulia;Bar da Pierino;2013;2013-02-23T18:06:40Z;2169184640;131.308.229.999.999;46.272.528;
GEMONA DEL FRIULI;UDINE;Friuli-Venezia Giulia;Bar Julia;2013;2013-02-23T17:45:07Z;2169148441;131.227.633;462.791.994.999.999;
GEMONA DEL FRIULI;UDINE;Friuli-Venezia Giulia;Bar Stop;2013;2013-04-17T17:53:44Z;2270925825;131.403.985.999.999;462.705.332;
GEMONA DEL FRIULI;UDINE;Friuli-Venezia Giulia;Birreria Al Fungo;2011;2011-12-24T17:37:46Z;1476073541;131.090.177;462.619.288;
GEMONA DEL FRIULI;UDINE;Friuli-Venezia Giulia;Blanc Bar;2012;2012-06-17T08:27:00Z;1791332938;131.347.512;462.762.334;
GEMONA DEL FRIULI;UDINE;Friuli-Venezia Giulia;Charlie Bar;2011;2011-12-24T17:37:46Z;914759060;131.156.410.999.999;462.957.925.999.999;
GEMONA DEL FRIULI;UDINE;Friuli-Venezia Giulia;La Bottegaccia;2011;2011-12-24T17:37:46Z;1026319489;131.095.542;462.789.933.999.999;
GEMONA DEL FRIULI;UDINE;Friuli-Venezia Giulia;Music Park;2012;2012-06-17T08:27:03Z;1560811185;131.351.859.999.999;462.766.717;
GEMONA DEL FRIULI;UDINE;Friuli-Venezia Giulia;Nice Day;2013;2013-07-23T16:59:09Z;1026319715;131.096.898;462.806.010.999.999;
GEMONA DEL FRIULI;UDINE;Friuli-Venezia Giulia;Osteria Rive Grande;2012;2012-06-17T08:27:03Z;421122443;131.393.463;462.783.814;
GEMONA DEL FRIULI;UDINE;Friuli-Venezia Giulia;Pan & Salam;2011;2011-12-24T17:37:47Z;1237015651;131.402.135.999.999;462.768.664.999.999;
GEMONA DEL FRIULI;UDINE;Friuli-Venezia Giulia;Stella d'Oro;2010;2010-09-05T20:17:21Z;897973822;131.394.065.999.999;462.766.025;
LUSEVERA;UDINE;Friuli-Venezia Giulia;Trattoria alle Sorgenti;2015;2015-06-25T12:29:16Z;3617483698;132.733.349.999.999;463.078.061;
MONTENARS;UDINE;Friuli-Venezia Giulia;;2013;2013-03-22T15:31:03Z;2214775108;131.748.496;462.538.435;
NIMIS;UDINE;Friuli-Venezia Giulia;Birreria Villa Irma;2014;2014-06-16T17:13:44Z;2919005804;13.265.952;462.066.603;
OSOPPO;UDINE;Friuli-Venezia Giulia;Simon's Pub;2015;2015-03-15T07:45:41Z;3399327693;130.675.475;462.207.213;
PAULARO;UDINE;Friuli-Venezia Giulia;Country Pub Alexandra;2013;2013-08-18T07:12:16Z;2422472365;131.156.276.999.999;465.322.408.999.999;
PORPETTO;UDINE;Friuli-Venezia Giulia;Ostarie da Grop;2009;2009-11-08T16:59:11Z;559599484;132.146.338;458.553.063;
POVOLETTO;UDINE;Friuli-Venezia Giulia;Old West;2013;2013-03-11T21:55:01Z;2196530622;132.982.229;461.182.074.999.999;
POVOLETTO;UDINE;Friuli-Venezia Giulia;The Bridge House;2013;2013-03-14T23:02:11Z;2202513960;1.328.129;461.132.952.999.999;
POZZUOLO DEL FRIULI;UDINE;Friuli-Venezia Giulia;;2012;2012-05-23T12:29:20Z;1754672744;13.199.144;459.865.099;
SAN DANIELE DEL FRIULI;UDINE;Friuli-Venezia Giulia;Il Santo;2012;2012-06-27T09:03:03Z;1803694587;130.144.877;461.627.561;
SAN GIOVANNI AL NATISONE;UDINE;Friuli-Venezia Giulia;Mastro Birraio;2009;2009-10-18T18:44:15Z;534834894;134.121.238;459.657.788;
SANTA MARIA LA LONGA;UDINE;Friuli-Venezia Giulia;Red Hot;2010;2010-05-15T06:56:07Z;616107527;132.953.855;459.232.488;
SUTRIO;UDINE;Friuli-Venezia Giulia;Al Marangon;2013;2013-04-06T20:57:15Z;2252717284;129.904.604.999.999;465.136.572.999.999;
TARCENTO;UDINE;Friuli-Venezia Giulia;Al Lendar;2012;2012-06-26T18:31:13Z;1803072692;132.191.398;462.164.247.999.999;
TARVISIO;UDINE;Friuli-Venezia Giulia;Bar Cinzano;2010;2010-07-14T18:10:05Z;817648329;136.392.137;46.533.788;
TARVISIO;UDINE;Friuli-Venezia Giulia;Tavernamici;2013;2013-10-01T16:11:52Z;2211443935;135.779.394.999.999;465.051.495;
TOLMEZZO;UDINE;Friuli-Venezia Giulia;;2011;2011-12-18T13:01:19Z;1551867327;130.092.520.999.999;464.040.031.999.999;
TOLMEZZO;UDINE;Friuli-Venezia Giulia;Tilly's Pub;2015;2015-09-04T21:10:56Z;1551849863;130.112.364;464.083.491;
TRICESIMO;UDINE;Friuli-Venezia Giulia;La Pecora Nera;2013;2013-09-10T11:29:38Z;1681626971;132.174.932;461.580.963.999.999;
TRIVIGNANO UDINESE;UDINE;Friuli-Venezia Giulia;Harley Pub;2010;2010-02-07T17:02:11Z;632567528;133.324.368.999.999;459.299.559;
UDINE;UDINE;Friuli-Venezia Giulia;Bire;2011;2011-04-07T11:14:13Z;1235837428;132.361.316;460.708.828;
UDINE;UDINE;Friuli-Venezia Giulia;Black Stuff;2012;2012-07-02T18:55:32Z;1235851483;132.391.083.999.999;460.612.131.999.999;
UDINE;UDINE;Friuli-Venezia Giulia;ciò che c'era;2012;2012-07-02T18:55:34Z;1738482647;132.379.244;460.669.751;
UDINE;UDINE;Friuli-Venezia Giulia;Terzo Tempo;2014;2014-10-08T14:27:14Z;1736601165;132.371.637;460.635.417;
FOGLIANO REDIPUGLIA;GORIZIA;Friuli-Venezia Giulia;Rosy's Bar;2009;2009-10-09T16:24:59Z;527237382;134.820.034;458.657.360.999.999;
GORIZIA;GORIZIA;Friuli-Venezia Giulia;Aenigma;2015;2015-10-23T22:27:07Z;447531303;136.199.005.999.999;459.425.336.999.999;
GORIZIA;GORIZIA;Friuli-Venezia Giulia;Bar Ai due club;2015;2015-10-23T22:27:11Z;1850675645;136.226.161;459.439.432;
GORIZIA;GORIZIA;Friuli-Venezia Giulia;Bar Angelo;2010;2010-06-02T14:30:03Z;528858118;13.610.391;459.347.077.999.999;
GORIZIA;GORIZIA;Friuli-Venezia Giulia;Il giardino dei vizi;2015;2015-10-23T22:27:27Z;1750238571;136.255.869;459.414.713.999.999;
GORIZIA;GORIZIA;Friuli-Venezia Giulia;James J. Pub;2015;2015-10-23T22:27:28Z;513937386;136.033.715;45.933.869;
GORIZIA;GORIZIA;Friuli-Venezia Giulia;L'Anfora;2012;2012-04-08T17:34:32Z;1707443549;135.735.314;459.331.881;
GORIZIA;GORIZIA;Friuli-Venezia Giulia;Osteria Di Fuoriporta;2009;2009-10-07T08:56:43Z;523799151;13.574.942;459.360.901;
GORIZIA;GORIZIA;Friuli-Venezia Giulia;Pub Underground;2009;2009-10-11T09:32:31Z;528607157;136.282.487;459.378.614.999.999;
GORIZIA;GORIZIA;Friuli-Venezia Giulia;Tobacco Inn;2009;2009-10-31T14:19:15Z;548685592;136.060.852;459.307.397.999.999;
MONFALCONE;GORIZIA;Friuli-Venezia Giulia;Original Joe's;2013;2013-07-07T10:09:23Z;2376837247;135.315.384;458.087.939.999.999;
MONFALCONE;GORIZIA;Friuli-Venezia Giulia;Paninoteca Vecchio Corner;2009;2009-10-08T16:58:24Z;525882912;135.334.974;458.076.324;
MOSSA;GORIZIA;Friuli-Venezia Giulia;Birreria La Madia;2009;2009-10-31T13:01:36Z;548576954;135.493.676.999.999;459.387.966.999.999;
MOSSA;GORIZIA;Friuli-Venezia Giulia;Cherrs;2009;2009-10-08T16:24:52Z;525817106;135.546.069;459.387.173;
SAN PIER D'ISONZO;GORIZIA;Friuli-Venezia Giulia;Birreria Blue Angel;2009;2009-10-03T07:44:46Z;518349167;134.593.934.999.999;458.472.779;
SAVOGNA D'ISONZO;GORIZIA;Friuli-Venezia Giulia;Trattoria Castello di Rubbia;2015;2015-07-10T20:58:48Z;1739083298;135.697.335.999.999;458.976.837;
DUINO-AURISINA;TRIESTE;Friuli-Venezia Giulia;Birreria Bunker;2015;2015-12-06T00:04:36Z;528573361;136.733.571;457.491.575.999.999;
DUINO-AURISINA;TRIESTE;Friuli-Venezia Giulia;La Giostra;2013;2013-03-29T22:56:48Z;1152696723;136.615.064;457.638.414.999.999;
DUINO-AURISINA;TRIESTE;Friuli-Venezia Giulia;Marillion Pub;2013;2013-03-30T17:12:56Z;2238601536;136.397.548;457.663.024;
MUGGIA;TRIESTE;Friuli-Venezia Giulia;Max Pub;2012;2012-08-01T20:36:39Z;1847339039;138.079.324;456.067.134.999.999;
SGONICO;TRIESTE;Friuli-Venezia Giulia;Osteria della birra artigianale / Kr?ma pri dom;2015;2015-07-24T15:33:36Z;3656753925;137.470.408;457.077.250.999.999;
TRIESTE;TRIESTE;Friuli-Venezia Giulia;;2008;2008-06-14T10:06:09Z;270242862;138.042.704.999.999;456.218.352;
TRIESTE;TRIESTE;Friuli-Venezia Giulia;;2009;2009-10-23T12:59:31Z;538914576;137.704.913.999.999;456.495.578.999.999;
TRIESTE;TRIESTE;Friuli-Venezia Giulia;;2009;2009-12-30T17:59:57Z;486435050;137.744.772.999.999;456.532.235;
TRIESTE;TRIESTE;Friuli-Venezia Giulia;Bennigan'S 1902 Pub;2015;2015-07-03T22:23:25Z;283541096;137.582.804;456.448.711.999.999;
TRIESTE;TRIESTE;Friuli-Venezia Giulia;Bennigan's Pub 1902;2015;2015-07-03T22:23:25Z;1371952791;136.929.201;4.573.391;
TRIESTE;TRIESTE;Friuli-Venezia Giulia;Birreria Al tormento;2011;2011-12-19T10:45:06Z;1553721120;138.085.156;456.421.046.999.999;
TRIESTE;TRIESTE;Friuli-Venezia Giulia;Birreria Augustiner Stube;2015;2015-07-03T22:23:26Z;283827461;137.809.919;456.464.809;
TRIESTE;TRIESTE;Friuli-Venezia Giulia;Birreria Forst;2015;2015-07-03T22:23:26Z;283827753;137.748.124.999.999;45.654.414;
TRIESTE;TRIESTE;Friuli-Venezia Giulia;Birreria Löwenbräu Kofler;2014;2014-12-19T11:02:47Z;283541389;137.636.281.999.999;456.479.070.999.999;
TRIESTE;TRIESTE;Friuli-Venezia Giulia;Birreria Old London Pub;2015;2015-07-03T22:23:27Z;270128280;137.790.171;456.439.771;
TRIESTE;TRIESTE;Friuli-Venezia Giulia;Birreria Pio Pao;2015;2015-07-03T22:23:28Z;284147582;137.669.957;456.690.449;
TRIESTE;TRIESTE;Friuli-Venezia Giulia;Birrificio Bire;2015;2015-07-03T22:23:28Z;2203100029;137.600.914;456.457.579;
TRIESTE;TRIESTE;Friuli-Venezia Giulia;Boston Boulevard;2015;2015-07-03T22:23:29Z;390878075;137.834.623;456.523.881.999.999;
TRIESTE;TRIESTE;Friuli-Venezia Giulia;Bounty Pub;2015;2015-07-03T22:23:29Z;283827954;137.787.431.999.999;456.472.008;
TRIESTE;TRIESTE;Friuli-Venezia Giulia;Castaldi;2008;2008-06-14T09:31:24Z;270238347;137.803.305;456.452.344;
TRIESTE;TRIESTE;Friuli-Venezia Giulia;Corazon Latino;2011;2011-09-29T10:50:29Z;1448721774;137.764.243;456.454.226.999.999;
TRIESTE;TRIESTE;Friuli-Venezia Giulia;Corsia Stadion;2015;2015-07-03T22:23:49Z;270241414;137.780.965;456.519.344;
TRIESTE;TRIESTE;Friuli-Venezia Giulia;Excalibur;2015;2015-07-03T22:23:58Z;270127518;137.954.604;456.266.675;
TRIESTE;TRIESTE;Friuli-Venezia Giulia;Footlights;2015;2015-07-03T22:24:06Z;283831092;137.626.802;456.466.776.999.999;
TRIESTE;TRIESTE;Friuli-Venezia Giulia;Goblin;2015;2015-12-16T09:20:30Z;270241507;137.951.034;45.657.859;
TRIESTE;TRIESTE;Friuli-Venezia Giulia;Golden Horse;2015;2015-07-03T22:24:13Z;1606328961;137.976.509;456.401.051;
TRIESTE;TRIESTE;Friuli-Venezia Giulia;Gulliver;2010;2010-08-11T07:53:52Z;854335243;137.987.357;456.552.581.999.999;
TRIESTE;TRIESTE;Friuli-Venezia Giulia;Kapuziner;2015;2015-07-03T22:27:37Z;300251661;137.672.510.999.999;456.493.642;
TRIESTE;TRIESTE;Friuli-Venezia Giulia;Keg's Pub;2015;2015-07-03T22:27:38Z;283831701;137.853.046;456.485.812.999.999;
TRIESTE;TRIESTE;Friuli-Venezia Giulia;La Corte dei Frati;2015;2015-07-03T22:27:41Z;286910623;137.847.282.999.999;456.397.975;
TRIESTE;TRIESTE;Friuli-Venezia Giulia;La fermata;2012;2012-03-26T10:42:32Z;1673325624;137.766.547;456.372.628;
TRIESTE;TRIESTE;Friuli-Venezia Giulia;La Preferita;2012;2012-07-12T07:27:18Z;1822587744;137.811.349;456.519.412.999.999;
TRIESTE;TRIESTE;Friuli-Venezia Giulia;Legend Pub;2015;2015-07-03T22:27:43Z;283832444;137.716.785;456.596.254;
TRIESTE;TRIESTE;Friuli-Venezia Giulia;Murphy's Meeting Point;2016;2016-01-15T00:03:52Z;3564566593;137.778.489;456.520.933.999.999;
TRIESTE;TRIESTE;Friuli-Venezia Giulia;Naima Jazz Café;2015;2015-07-03T22:27:49Z;284152983;137.828.807;456.527.727;
TRIESTE;TRIESTE;Friuli-Venezia Giulia;Osteria da Giovanni;2012;2012-07-23T21:32:38Z;1835855870;137.758.081;456.516.189;
TRIESTE;TRIESTE;Friuli-Venezia Giulia;Red Baron Pub;2015;2015-07-03T22:28:08Z;270127517;137.955.792;456.330.864.999.999;
TRIESTE;TRIESTE;Friuli-Venezia Giulia;Sol del Sur;2015;2015-07-03T22:28:18Z;284148055;137.923.037;456.360.918;
TRIESTE;TRIESTE;Friuli-Venezia Giulia;Stella D'Oro;2010;2010-08-11T11:40:29Z;854496880;138.071.503.999.999;456.553.297.999.999;
TRIESTE;TRIESTE;Friuli-Venezia Giulia;The Tender Pub;2015;2015-07-03T22:28:23Z;283826774;137.556.084;456.462.841;
TRIESTE;TRIESTE;Friuli-Venezia Giulia;T.N.T. Pub;2015;2015-07-03T22:28:22Z;284148642;137.834.458;456.512.456;
TRIESTE;TRIESTE;Friuli-Venezia Giulia;Tor Cucherna;2015;2015-07-03T22:28:24Z;284149405;137.722.829;456.484.578.999.999;
MONTICELLI D'ONGINA;PIACENZA;Emilia-Romagna;;2015;2015-10-12T16:18:37Z;1937730256;99.496.134;450.666.148;
MONTICELLI D'ONGINA;PIACENZA;Emilia-Romagna;Soprasotto;2015;2015-10-06T16:18:17Z;1937765207;99.290.704;451.000.346;
MONTICELLI D'ONGINA;PIACENZA;Emilia-Romagna;Soprasotto;2015;2015-10-06T16:18:17Z;1937765207;99.290.704;451.000.346;
COLLECCHIO;PARMA;Emilia-Romagna;Gulliver pub;2012;2012-07-12T18:45:40Z;1822774033;102.187.362;447.527.583;
COLLECCHIO;PARMA;Emilia-Romagna;Settimo cielo;2012;2012-07-12T10:41:09Z;1822774133;102.154.691.999.999;447.520.536;
FIDENZA;PARMA;Emilia-Romagna;;2009;2009-07-14T21:31:15Z;441919303;100.884.009.999.999;448.588.395;
FORNOVO DI TARO;PARMA;Emilia-Romagna;Missy;2012;2012-09-26T07:06:55Z;1933329717;100.974.117;446.926.925;
NEVIANO DEGLI ARDUINI;PARMA;Emilia-Romagna;;2012;2012-01-06T20:35:28Z;1579999616;103.704.918.999.999;445.710.801;
NOCETO;PARMA;Emilia-Romagna;Down Under Pub;2014;2014-05-20T17:19:28Z;1935704449;10.197.933;447.950.068.999.999;
PARMA;PARMA;Emilia-Romagna;;2010;2010-01-13T11:14:10Z;612902027;103.219.334;447.658.946.999.999;
PARMA;PARMA;Emilia-Romagna;;2012;2012-10-15T09:05:55Z;1958475787;103.370.096.999.999;448.195.073.999.999;
PARMA;PARMA;Emilia-Romagna;;2012;2012-10-15T10:22:53Z;1966478415;103.399.626;448.222.635.999.999;
PARMA;PARMA;Emilia-Romagna;;2012;2012-10-19T14:41:15Z;471107560;103.324.339.999.999;448.024.534.999.999;
PARMA;PARMA;Emilia-Romagna;Bandit Bikers' Pub;2009;2009-08-14T07:49:29Z;459061391;103.673.406;447.409.175;
PARMA;PARMA;Emilia-Romagna;Highlander;2014;2014-07-22T07:17:07Z;2971380261;103.140.759;447.943.907;
PARMA;PARMA;Emilia-Romagna;Mc Queen;2011;2011-12-18T18:36:39Z;878395511;102.885.135;447.599.336.999.999;
PARMA;PARMA;Emilia-Romagna;Ostemagno;2014;2014-05-08T11:00:27Z;2843831434;103.278.380.999.999;448.031.142.999.999;
PARMA;PARMA;Emilia-Romagna;Pub Mastiff;2015;2015-10-12T21:31:44Z;411885720;103.279.554;448.021.774.999.999;
PARMA;PARMA;Emilia-Romagna;Tiffany;2012;2012-09-30T08:11:18Z;280764086;103.300.573;448.017.873;
PARMA;PARMA;Emilia-Romagna;Tonic;2014;2014-02-16T22:04:00Z;1865492393;103.283.907;448.001.969;
PARMA;PARMA;Emilia-Romagna;XXL;2009;2009-08-23T17:30:25Z;282482946;103.045.039;448.104.785;
POLESINE PARMENSE;PARMA;Emilia-Romagna;Highlander;2015;2015-09-07T16:27:14Z;1926472121;101.033.478.999.999;450.157.479;
ALBINEA;REGGIO EMILIA;Emilia-Romagna;Obelics;2010;2010-01-10T23:23:35Z;611384974;105.915.496;446.248.787.999.999;
BAGNOLO IN PIANO;REGGIO EMILIA;Emilia-Romagna;Maki Pub;2014;2014-03-01T14:10:58Z;2696372130;106.680.587;447.580.785.999.999;
BRESCELLO;REGGIO EMILIA;Emilia-Romagna;;2015;2015-05-21T17:24:33Z;3533885910;105.151.401.999.999;449.011.926;
BRESCELLO;REGGIO EMILIA;Emilia-Romagna;;2015;2015-05-21T17:26:20Z;1794745049;1.051.388;449.009.434.999.999;
BRESCELLO;REGGIO EMILIA;Emilia-Romagna;;2015;2015-05-21T17:26:20Z;1794745503;105.145.936;449.011.859;
CARPINETI;REGGIO EMILIA;Emilia-Romagna;La Lanterna;2011;2011-12-16T16:56:14Z;1548937853;105.483.107;444.795.457.999.999;
CASTELNOVO NE'MONTI;REGGIO EMILIA;Emilia-Romagna;La Busa;2014;2014-02-05T17:17:28Z;1624736878;104.581.592;444.521.724;
CAVRIAGO;REGGIO EMILIA;Emilia-Romagna;Lord Byron;2012;2012-09-13T10:28:57Z;1575747124;105.294.222;446.946.137.999.999;
GATTATICO;REGGIO EMILIA;Emilia-Romagna;Fuori Orario;2015;2015-06-03T19:17:22Z;893925646;104.375.027;447.701.434;
MONTECCHIO EMILIA;REGGIO EMILIA;Emilia-Romagna;Bainait;2015;2015-11-05T23:49:20Z;1892882633;104.459.704;447.002.162;
REGGIO NELL'EMILIA;REGGIO EMILIA;Emilia-Romagna;Aloisius Pub;2015;2015-12-30T10:48:45Z;2731677807;106.217.147.999.999;44.716.458;
REGGIO NELL'EMILIA;REGGIO EMILIA;Emilia-Romagna;"Birreria """"La Dolce Vita""""";2012;2012-05-16T18:24:45Z;1755104929;106.868.006.999.999;446.792.998;
REGGIO NELL'EMILIA;REGGIO EMILIA;Emilia-Romagna;Brassèrie des Amis;2014;2014-08-03T18:39:42Z;1900889907;106.353.206.999.999;446.957.288.999.999;
REGGIO NELL'EMILIA;REGGIO EMILIA;Emilia-Romagna;Casablanca;2016;2016-01-21T08:27:28Z;3957775164;106.242.085.999.999;446.843.676;
REGGIO NELL'EMILIA;REGGIO EMILIA;Emilia-Romagna;"Circolo """"Godot""""";2015;2015-02-25T20:46:21Z;1900896373;106.322.578;446.976.643;
REGGIO NELL'EMILIA;REGGIO EMILIA;Emilia-Romagna;Circolo Pub Gattaglios;2015;2015-10-20T08:22:45Z;3793854137;1.061.984;446.950.677;
REGGIO NELL'EMILIA;REGGIO EMILIA;Emilia-Romagna;La Fabbrica della Birra;2015;2015-12-26T16:24:56Z;3910934946;106.218.768;447.196.283.999.999;
REGGIO NELL'EMILIA;REGGIO EMILIA;Emilia-Romagna;Paguro;2015;2015-07-23T08:10:28Z;2985761215;106.288.312;44.699.511;
REGGIO NELL'EMILIA;REGGIO EMILIA;Emilia-Romagna;Republic Pub;2014;2014-01-31T07:53:25Z;2645230859;106.301.512;446.944.785.999.999;
RUBIERA;REGGIO EMILIA;Emilia-Romagna;GOBLEIT;2015;2015-07-14T17:33:25Z;3650998126;107.817.533.999.999;446.528.028;
RUBIERA;REGGIO EMILIA;Emilia-Romagna;VANILLA CANDY BAR;2015;2015-07-14T17:48:20Z;3650998127;107.713.491;446.560.007;
RUBIERA;REGGIO EMILIA;Emilia-Romagna;VANILLA CANDY BAR;2015;2015-07-14T17:49:16Z;3651010126;107.714.456;446.560.312;
SAN POLO D'ENZA;REGGIO EMILIA;Emilia-Romagna;;2012;2012-09-01T13:56:07Z;1893230101;104.257.770.999.999;446.253.608.999.999;
SANT'ILARIO D'ENZA;REGGIO EMILIA;Emilia-Romagna;Bier Keller;2011;2011-12-20T21:38:15Z;1549537814;104.507.613.999.999;447.614.316;
SCANDIANO;REGGIO EMILIA;Emilia-Romagna;Castello del Vescovo;2012;2012-01-18T15:36:30Z;795905080;107.230.219;446.195.059;
SCANDIANO;REGGIO EMILIA;Emilia-Romagna;Harris Pub;2013;2013-05-14T09:25:30Z;795900590;106.874.391;445.950.295;
SCANDIANO;REGGIO EMILIA;Emilia-Romagna;Robin Hood;2014;2014-07-11T15:12:05Z;2579801153;107.228.458;446.194.408;
SCANDIANO;REGGIO EMILIA;Emilia-Romagna;Salumeria del Rock;2010;2010-07-06T06:24:52Z;795905079;107.274.639.999.999;446.273.601.999.999;
CARPI;MODENA;Emilia-Romagna;Queen's Pub;2016;2016-01-23T00:40:24Z;3960722231;108.896.874;447.786.517.999.999;
CASTELFRANCO EMILIA;MODENA;Emilia-Romagna;;2010;2010-08-30T21:33:15Z;889451471;11.055.697;445.943.839.999.999;
CASTELFRANCO EMILIA;MODENA;Emilia-Romagna;Il Covo;2013;2013-01-02T11:35:03Z;878621280;111.018.595;445.945.012;
FIORANO MODENESE;MODENA;Emilia-Romagna;Stone Wall;2013;2013-01-14T15:33:37Z;2110807002;108.129.627.999.999;445.383.793;
FORMIGINE;MODENA;Emilia-Romagna;;2010;2010-11-01T13:15:26Z;973677369;108.265.136;445.792.762;
FORMIGINE;MODENA;Emilia-Romagna;;2011;2011-06-15T16:57:39Z;950637014;108.463.373.999.999;445.760.334;
FORMIGINE;MODENA;Emilia-Romagna;Pub All Game;2011;2011-07-29T19:11:00Z;1377887436;108.480.912;445.754.130.999.999;
FORMIGINE;MODENA;Emilia-Romagna;Woodruf;2010;2010-11-18T19:48:48Z;950612022;108.539.707;445.614.567;
FRASSINORO;MODENA;Emilia-Romagna;Eagle Pub;2008;2008-08-22T22:32:20Z;290278247;105.092.659;442.664.065;
MIRANDOLA;MODENA;Emilia-Romagna;La Pinta;2010;2010-11-09T12:21:52Z;983308077;111.108.869;448.919.204.999.999;
MODENA;MODENA;Emilia-Romagna;;2015;2015-07-16T09:55:21Z;861042578;109.096.443;446.294.034;
MODENA;MODENA;Emilia-Romagna;Sir Francis Drake;2015;2015-02-24T20:43:59Z;3365905363;109.022.016;446.543.495;
ARGELATO;CITTA' METROPOLITANA DI BOLOGNA;Emilia-Romagna;Easy Rider;2009;2009-12-26T14:57:02Z;599596750;113.687.634;445.926.546;
ARGELATO;CITTA' METROPOLITANA DI BOLOGNA;Emilia-Romagna;Sirius;2014;2014-07-11T09:50:08Z;269999355;113.057.418;446.665.186;
BOLOGNA;CITTA' METROPOLITANA DI BOLOGNA;Emilia-Romagna;;2012;2012-01-04T13:55:52Z;1576785437;112.710.314;445.187.847.999.999;
BOLOGNA;CITTA' METROPOLITANA DI BOLOGNA;Emilia-Romagna;51;2016;2016-01-17T17:22:37Z;1704529942;113.426.657;444.933.157.999.999;
BOLOGNA;CITTA' METROPOLITANA DI BOLOGNA;Emilia-Romagna;Birreria Amadeus;2015;2015-04-07T09:35:14Z;626591647;113.669.709;444.766.443.999.999;
BOLOGNA;CITTA' METROPOLITANA DI BOLOGNA;Emilia-Romagna;Birreria del Pratello;2016;2016-02-04T14:45:03Z;3645563598;113.343.159.999.999;444.954.614.999.999;
BOLOGNA;CITTA' METROPOLITANA DI BOLOGNA;Emilia-Romagna;Black Cat pub;2014;2014-06-15T17:15:30Z;2917644001;113.284.518.999.999;444.905.023.999.999;
BOLOGNA;CITTA' METROPOLITANA DI BOLOGNA;Emilia-Romagna;Black Fire;2012;2012-02-06T16:47:12Z;483374338;113.487.396;445.087.496;
BOLOGNA;CITTA' METROPOLITANA DI BOLOGNA;Emilia-Romagna;Brewdog;2015;2015-06-10T18:30:26Z;3586451112;113.297.481.999.999;444.965.236.999.999;
BOLOGNA;CITTA' METROPOLITANA DI BOLOGNA;Emilia-Romagna;Celtic Druid;2015;2015-07-14T07:13:31Z;506738735;113.443.021;444.950.936.999.999;
BOLOGNA;CITTA' METROPOLITANA DI BOLOGNA;Emilia-Romagna;Dragon Pub;2015;2015-06-24T10:28:36Z;3614799607;113.629.566;445.041.993.999.999;
BOLOGNA;CITTA' METROPOLITANA DI BOLOGNA;Emilia-Romagna;English Empire;2015;2015-06-20T10:09:54Z;3100479745;113.496.945.999.999;444.959.460.999.999;
BOLOGNA;CITTA' METROPOLITANA DI BOLOGNA;Emilia-Romagna;Green River;2015;2015-06-20T10:37:58Z;3606927992;113.520.878;444.946.058;
BOLOGNA;CITTA' METROPOLITANA DI BOLOGNA;Emilia-Romagna;Halloween;2010;2010-06-11T13:25:49Z;769164495;113.557.667;445.089.249.999.999;
BOLOGNA;CITTA' METROPOLITANA DI BOLOGNA;Emilia-Romagna;Il Cortile Café;2015;2015-01-24T18:49:19Z;3308052348;113.394.356;444.975.151;
BOLOGNA;CITTA' METROPOLITANA DI BOLOGNA;Emilia-Romagna;La frasca;2012;2012-08-21T14:41:08Z;1230340912;113.274.548.999.999;444.947.352;
BOLOGNA;CITTA' METROPOLITANA DI BOLOGNA;Emilia-Romagna;La Locanda;2012;2012-07-27T14:26:49Z;1639704897;112.970.484;444.897.078.999.999;
BOLOGNA;CITTA' METROPOLITANA DI BOLOGNA;Emilia-Romagna;Le Mercanzie;2015;2015-07-11T16:49:34Z;2941104704;113.466.366;444.938.386.999.999;
BOLOGNA;CITTA' METROPOLITANA DI BOLOGNA;Emilia-Romagna;Lupulus;2015;2015-06-20T10:37:57Z;3606927990;113.520.489;444.947.091;
BOLOGNA;CITTA' METROPOLITANA DI BOLOGNA;Emilia-Romagna;Malt & Hops;2015;2015-03-29T22:58:58Z;3425863850;113.876.446;444.783.186;
BOLOGNA;CITTA' METROPOLITANA DI BOLOGNA;Emilia-Romagna;Masterbeer;2012;2012-08-21T14:33:03Z;1336842626;113.124.385;444.939.674;
BOLOGNA;CITTA' METROPOLITANA DI BOLOGNA;Emilia-Romagna;Mi Vida;2015;2015-03-29T22:58:58Z;3425863851;113.884.443;444.780.195;
BOLOGNA;CITTA' METROPOLITANA DI BOLOGNA;Emilia-Romagna;Number Ten;2015;2015-01-15T18:48:11Z;1251870322;113.162.853;445.028.093.999.999;
BOLOGNA;CITTA' METROPOLITANA DI BOLOGNA;Emilia-Romagna;Osteria Solferino;2014;2014-02-16T22:29:37Z;908753537;11.342.949;444.876.379.999.999;
BOLOGNA;CITTA' METROPOLITANA DI BOLOGNA;Emilia-Romagna;The Clauricane Irish Pub;2015;2015-06-20T10:09:54Z;1949541790;113.483.838;44.495.443;
BOLOGNA;CITTA' METROPOLITANA DI BOLOGNA;Emilia-Romagna;The Irish Times;2013;2013-09-25T13:37:42Z;671406139;113.332.855;444.966.735;
BOLOGNA;CITTA' METROPOLITANA DI BOLOGNA;Emilia-Romagna;The Lord Lister Pub;2014;2014-07-01T21:22:33Z;2942622015;1.135.294;444.972.032;
BOLOGNA;CITTA' METROPOLITANA DI BOLOGNA;Emilia-Romagna;The Old Bridge;2015;2015-03-29T22:58:59Z;3425863852;113.767.219;444.825.993.999.999;
BOLOGNA;CITTA' METROPOLITANA DI BOLOGNA;Emilia-Romagna;Victoria Station;2013;2013-10-19T12:54:54Z;629735185;113.245.936.999.999;445.168.345;
BOLOGNA;CITTA' METROPOLITANA DI BOLOGNA;Emilia-Romagna;Wolf;2014;2014-06-25T20:54:42Z;671382614;113.663.947;444.926.917;
BORGO TOSSIGNANO;CITTA' METROPOLITANA DI BOLOGNA;Emilia-Romagna;Il Pavoncino Pub;2014;2014-11-09T16:51:45Z;3177208112;115.888.953;442.772.626;
BUDRIO;CITTA' METROPOLITANA DI BOLOGNA;Emilia-Romagna;;2012;2012-01-08T10:19:32Z;1582352878;11.537.846;445.365.675.999.999;
CASALECCHIO DI RENO;CITTA' METROPOLITANA DI BOLOGNA;Emilia-Romagna;;2012;2012-07-04T12:02:11Z;1812414176;112.759.105;444.787.414.999.999;
CASTELLO D'ARGILE;CITTA' METROPOLITANA DI BOLOGNA;Emilia-Romagna;Winpanawere;2012;2012-07-16T10:11:42Z;257909007;112.981.651;446.802.815;
CASTEL SAN PIETRO TERME;CITTA' METROPOLITANA DI BOLOGNA;Emilia-Romagna;Pub Irish Grace O' Malley;2013;2013-03-07T14:30:58Z;2169528051;115.891.219;44.396.802;
CASTEL SAN PIETRO TERME;CITTA' METROPOLITANA DI BOLOGNA;Emilia-Romagna;Pub Mc Leod;2013;2013-03-07T14:30:58Z;2169557508;115.914.187;444.001.628.999.999;
GALLIERA;CITTA' METROPOLITANA DI BOLOGNA;Emilia-Romagna;Magoo;2008;2008-06-27T22:20:22Z;274105078;114.421.965;447.378.778;
IMOLA;CITTA' METROPOLITANA DI BOLOGNA;Emilia-Romagna;Chelsea House;2014;2014-05-02T12:05:10Z;264145660;117.111.132;443.523.493;
IMOLA;CITTA' METROPOLITANA DI BOLOGNA;Emilia-Romagna;Da Renzo;2013;2013-10-12T19:34:38Z;263875956;117.117.951.999.999;443.440.987;
IMOLA;CITTA' METROPOLITANA DI BOLOGNA;Emilia-Romagna;Elio's Cafè;2013;2013-11-30T13:09:40Z;2558403601;117.103.768;443.523.897.999.999;
IMOLA;CITTA' METROPOLITANA DI BOLOGNA;Emilia-Romagna;La perla;2015;2015-07-10T15:15:50Z;263875917;117.175.922;443.429.264;
IMOLA;CITTA' METROPOLITANA DI BOLOGNA;Emilia-Romagna;Mani in malto Beershop;2015;2015-05-22T17:22:19Z;3536459756;117.128.525;443.541.438;
IMOLA;CITTA' METROPOLITANA DI BOLOGNA;Emilia-Romagna;Pampero;2016;2016-01-06T12:49:14Z;2823221444;117.114.166;443.531.423;
IMOLA;CITTA' METROPOLITANA DI BOLOGNA;Emilia-Romagna;Sport area cafe;2013;2013-02-22T12:54:25Z;2166881356;116.918.238.999.999;443.601.001.999.999;
MOLINELLA;CITTA' METROPOLITANA DI BOLOGNA;Emilia-Romagna;La Torretta;2015;2015-08-04T10:00:17Z;1755938375;116.687.347;446.176.534;
MONGHIDORO;CITTA' METROPOLITANA DI BOLOGNA;Emilia-Romagna;La Tana Disco Pub;2013;2013-08-11T12:43:56Z;2414434798;112.828.988.999.999;442.043.474.999.999;
OZZANO DELL'EMILIA;CITTA' METROPOLITANA DI BOLOGNA;Emilia-Romagna;;2015;2015-03-01T14:03:38Z;3377859490;114.793.915;444.399.341;
OZZANO DELL'EMILIA;CITTA' METROPOLITANA DI BOLOGNA;Emilia-Romagna;Hosteria I Monelli;2014;2014-05-20T17:19:31Z;1259586792;114.687.058;444.418.173.999.999;
PIEVE DI CENTO;CITTA' METROPOLITANA DI BOLOGNA;Emilia-Romagna;Birreria dei Liutai;2009;2009-07-13T10:52:19Z;441130621;113.066.537;447.136.758.999.999;
PIEVE DI CENTO;CITTA' METROPOLITANA DI BOLOGNA;Emilia-Romagna;Osteria del Lupo;2009;2009-07-13T10:52:20Z;441130638;113.049.369;447.132.769.999.999;
SAN LAZZARO DI SAVENA;CITTA' METROPOLITANA DI BOLOGNA;Emilia-Romagna;051 Zerocinquantuno;2016;2016-01-17T17:20:38Z;3951898059;11.416.668;444.672.093;
SAN PIETRO IN CASALE;CITTA' METROPOLITANA DI BOLOGNA;Emilia-Romagna;Osteria del Dolce e Salato;2015;2015-01-24T19:01:31Z;274105080;114.046.881;447.006.982.999.999;
BONDENO;FERRARA;Emilia-Romagna;Osteria Pub L'Ariosto;2013;2013-08-16T10:37:25Z;2261278606;114.223.832;449.483.415.999.999;
BONDENO;FERRARA;Emilia-Romagna;Osteria Pub L'Ariosto;2013;2013-08-16T10:37:25Z;2261278606;114.223.832;449.483.415.999.999;
FERRARA;FERRARA;Emilia-Romagna;"Antas"""" Pub";2015;2015-08-02T22:38:38Z;2314289029;116.175.862.999.999;448.334.990.999.999;
FERRARA;FERRARA;Emilia-Romagna;"Birreria """"Giori""""";2015;2015-08-06T13:42:15Z;2628950984;116.194.863;448.370.692;
FERRARA;FERRARA;Emilia-Romagna;"Birreria Pub """"Rhein & Meuse""""";2014;2014-11-03T18:21:15Z;2091354298;116.084.158;448.258.690.999.999;
FERRARA;FERRARA;Emilia-Romagna;"Birreria """"Wilson's Pub""""";2015;2015-08-08T10:18:40Z;3686648186;116.308.498.999.999;448.413.292.999.999;
FERRARA;FERRARA;Emilia-Romagna;Caleffi;2011;2011-04-24T20:56:49Z;1258754927;116.150.417;44.852.837;
FERRARA;FERRARA;Emilia-Romagna;Circolo Arci Alameda;2011;2011-03-31T13:45:23Z;1226722502;116.647.532.999.999;448.135.143;
FERRARA;FERRARA;Emilia-Romagna;"Circolo Arci """"Zuni""""";2013;2013-09-05T08:39:20Z;1250233484;116.182.961;448.335.316;
FERRARA;FERRARA;Emilia-Romagna;Collins Irish Pub;2015;2015-02-22T19:38:02Z;3366674093;116.069.909;448.800.014.999.999;
FERRARA;FERRARA;Emilia-Romagna;"Enoteca """"Al Brindisi""""";2015;2015-03-31T17:33:38Z;1249699754;11.620.326;448.358.901;
FERRARA;FERRARA;Emilia-Romagna;"Enoteca """"da Massimo""""";2015;2015-03-31T17:33:38Z;1249701207;116.195.588;448.348.239;
FERRARA;FERRARA;Emilia-Romagna;Pub Birreria Main Street;2015;2015-05-08T06:56:20Z;2297558970;116.126.644.999.999;448.412.794.999.999;
FERRARA;FERRARA;Emilia-Romagna;"Pub """"Blues Mama""""";2015;2015-08-08T10:27:02Z;3686678340;116.116.908.999.999;448.477.646.999.999;
FERRARA;FERRARA;Emilia-Romagna;Pub Lady Awake;2013;2013-10-27T13:10:43Z;2510298874;116.829.588;448.123.825.999.999;
FERRARA;FERRARA;Emilia-Romagna;"Shannon's"""" Irish Pub";2015;2015-08-02T22:38:37Z;3372942857;116.094.779.999.999;448.253.621;
FERRARA;FERRARA;Emilia-Romagna;"Weizen Pub""""";2015;2015-08-08T08:15:48Z;2279786249;116.208.917;448.241.634.999.999;
PORTOMAGGIORE;FERRARA;Emilia-Romagna;Amadeus;2015;2015-07-11T17:47:16Z;3646516430;117.662.692;44.688.927;
BAGNACAVALLO;RAVENNA;Emilia-Romagna;Mataluna;2014;2014-02-02T11:50:21Z;609114152;120.248.677;444.839.962;
BRISIGHELLA;RAVENNA;Emilia-Romagna;Trattoria Sant Eufemia;2014;2014-10-06T20:55:53Z;3115505723;11.690.281;441.706.647;
CASOLA VALSENIO;RAVENNA;Emilia-Romagna;Up& Down;2013;2013-11-21T16:37:06Z;2543498218;116.304.777;442.275.266.999.999;
CERVIA;RAVENNA;Emilia-Romagna;;2013;2013-05-16T16:09:37Z;2306535900;123.582.473;442.643.587;
CERVIA;RAVENNA;Emilia-Romagna;Bistrot Tamarindo;2014;2014-10-06T12:08:45Z;1249889626;123.488.615;442.624.827;
CERVIA;RAVENNA;Emilia-Romagna;The Matisse Irish Pub;2013;2013-08-09T14:31:57Z;2412099138;123.500.637.999.999;442.747.573.999.999;
FAENZA;RAVENNA;Emilia-Romagna;Dog and Duck;2013;2013-12-07T18:36:34Z;2570200125;118.770.624;442.855.032;
FAENZA;RAVENNA;Emilia-Romagna;Lismore Irish Pub;2012;2012-09-27T22:04:02Z;1935979136;118.891.945;442.986.244;
FAENZA;RAVENNA;Emilia-Romagna;Piccadilly;2013;2013-12-07T18:32:54Z;2570196234;118.783.633;442.864.325.999.999;
FAENZA;RAVENNA;Emilia-Romagna;Pub Clan destino;2014;2014-08-23T12:59:54Z;2169590478;118.811.988;442.901.159.999.999;
LUGO;RAVENNA;Emilia-Romagna;Nonplusultra;2010;2010-04-14T10:26:04Z;696583779;119.124.814;444.208.304;
LUGO;RAVENNA;Emilia-Romagna;Red Rosen;2015;2015-12-06T11:59:11Z;3880038058;119.145.322.999.999;444.185.719.999.999;
RAVENNA;RAVENNA;Emilia-Romagna;;2014;2014-05-01T19:49:03Z;2829998886;122.547.361;444.029.105.999.999;
RAVENNA;RAVENNA;Emilia-Romagna;Cabiria;2013;2013-08-28T21:50:25Z;601011268;121.984.521;444.180.909.999.999;
RAVENNA;RAVENNA;Emilia-Romagna;Fellini;2011;2011-02-25T20:06:20Z;601010265;121.976.942;444.171.233;
RAVENNA;RAVENNA;Emilia-Romagna;Gasoline;2009;2009-12-29T17:10:29Z;601010028;12.211.346;444.389.844.999.999;
RAVENNA;RAVENNA;Emilia-Romagna;Sante's;2010;2010-08-18T09:49:41Z;866432122;122.718.351;445.152.027;
RAVENNA;RAVENNA;Emilia-Romagna;Taverna Bukowski;2014;2014-08-08T16:38:44Z;3005328303;122.827.495;444.840.816;
RUSSI;RAVENNA;Emilia-Romagna;Rotterdam;2014;2014-02-02T11:51:31Z;612583988;120.755.475;443.927.703;
RUSSI;RAVENNA;Emilia-Romagna;Tibitina;2010;2010-01-12T22:00:08Z;612583987;120.749.447;443.926.378.999.999;
CESENATICO;FORLI';Emilia-Romagna;Caffè degli Artisti;2013;2013-04-02T10:04:04Z;2244610576;124.094.707;441.958.062;
FORLI';FORLI';Emilia-Romagna;Diagonal;2011;2011-02-11T21:39:27Z;759469985;120.282.442;442.259.572;
FORLI';FORLI';Emilia-Romagna;Games Bond;2011;2011-02-12T19:05:48Z;1149435620;120.441.181;442.256.763.999.999;
FORLI';FORLI';Emilia-Romagna;La Collina dei Conigli;2010;2010-11-30T15:07:57Z;1013499216;12.030.751;442.148.848;
FORLI';FORLI';Emilia-Romagna;Lato B;2010;2010-10-31T19:35:40Z;972634176;120.405.248.999.999;442.207.684.999.999;
FORLI';FORLI';Emilia-Romagna;Moquette;2010;2010-10-31T19:35:42Z;972634223;120.405.973.999.999;442.208.619.999.999;
FORLI';FORLI';Emilia-Romagna;Naima;2010;2010-01-13T15:51:12Z;612988016;120.624.018;442.375.916;
FORLI';FORLI';Emilia-Romagna;Oltremodo;2011;2011-02-12T11:09:28Z;1148893330;120.365.956;442.287.287.999.999;
FORLI';FORLI';Emilia-Romagna;Oltremodo;2013;2013-04-29T22:47:46Z;1126643108;120.379.279;442.230.077.999.999;
FORLI';FORLI';Emilia-Romagna;Pride;2011;2011-02-12T11:09:28Z;1148893327;120.299.633;442.275.362;
FORLI';FORLI';Emilia-Romagna;Pub dehors;2012;2012-04-22T13:28:25Z;1298301768;120.357.412;442.169.213.999.999;
FORLI';FORLI';Emilia-Romagna;The Abbey;2013;2013-12-22T10:19:17Z;972616878;12.040.157;442.230.433;
FORLI';FORLI';Emilia-Romagna;White Horse pub;2012;2012-04-22T13:28:26Z;1116696519;120.357.105;44.216.903;
FORLIMPOPOLI;FORLI';Emilia-Romagna;Cantina del Pozzo;2010;2010-05-09T17:48:01Z;727679858;12.127.608;441.877.463;
MELDOLA;FORLI';Emilia-Romagna;Pasticceria - Bar Rossi's;2012;2012-06-04T19:22:29Z;1296133757;120.604.005;441.247.971;
MERCATO SARACENO;FORLI';Emilia-Romagna;;2009;2009-05-13T21:49:18Z;395808350;122.272.500.999.999;439.419.255.999.999;
SAN MAURO PASCOLI;FORLI';Emilia-Romagna;Flyin' Donkey Pub;2012;2012-10-31T16:33:51Z;1719499975;124.143.004;441.069.808;
SANTA SOFIA;FORLI';Emilia-Romagna;;2009;2009-05-12T23:36:30Z;395033632;119.813.718.999.999;439.227.002;
SANTA SOFIA;FORLI';Emilia-Romagna;Butterfly;2012;2012-11-05T23:07:41Z;604318088;119.097.966;439.464.995;
FANO;PESARO E URBINO;Marche;Green Pub;2014;2014-03-23T10:17:46Z;2736139714;130.182.353;438.458.060.999.999;
FRONTONE;PESARO E URBINO;Marche;;2013;2013-04-15T16:02:31Z;2268392505;127.421.667;435.148.127;
MONDOLFO;PESARO E URBINO;Marche;Black Sheep Pub;2014;2014-06-16T10:52:33Z;2918428801;131.376.762;437.700.796.999.999;
MONDOLFO;PESARO E URBINO;Marche;Sun City Beach;2015;2015-08-15T12:40:00Z;2912755529;131.469.913.999.999;437.652.697.999.999;
MONDOLFO;PESARO E URBINO;Marche;Sun City Pub Risorantino;2014;2014-12-29T15:56:02Z;2912760732;131.500.474;437.613.348;
PERGOLA;PESARO E URBINO;Marche;Meeting Pub;2015;2015-08-24T14:24:07Z;1904010226;128.360.846;435.613.202.999.999;
PESARO;PESARO E URBINO;Marche;Stuchin del Porto;2015;2015-08-06T16:27:41Z;1875856156;128.995.446;439.213.123.999.999;
PESARO;PESARO E URBINO;Marche;Taverna Polansky;2013;2013-07-05T20:27:34Z;2375473074;129.008.030.999.999;439.215.676;
ANCONA;ANCONA;Marche;Bowling Ancona;2013;2013-05-18T16:34:16Z;2309842503;135.087.315;435.756.330.999.999;
ANCONA;ANCONA;Marche;Donegal Irish Pub;2012;2012-06-10T00:51:03Z;266580073;135.154.761;436.163.329.999.999;
ANCONA;ANCONA;Marche;Gasoline;2013;2013-02-04T02:07:02Z;653001401;135.085.351;436.042.087;
ANCONA;ANCONA;Marche;King Edward;2016;2016-01-22T14:54:12Z;712778983;135.113.286;436.197.406;
ANCONA;ANCONA;Marche;Moe's;2012;2012-01-03T02:45:44Z;1574996759;135.164.398;436.182.098;
ANCONA;ANCONA;Marche;Pacio's pub;2016;2016-02-14T23:11:10Z;659630576;135.071.109;436.044.156;
ANCONA;ANCONA;Marche;Paspartù;2013;2013-03-16T19:33:07Z;1193703472;135.110.879;436.170.661.999.999;
ANCONA;ANCONA;Marche;Piadineria Bar da Rina;2011;2011-06-01T18:08:11Z;1307965238;135.861.604;435.510.183.999.999;
ANCONA;ANCONA;Marche;Saint George;2013;2013-07-21T16:53:50Z;762937616;135.285.429;436.157.188.999.999;
ANCONA;ANCONA;Marche;Santa Monica;2012;2012-01-25T21:38:23Z;834533834;135.263.718.999.999;435.659.575.999.999;
CAMERANO;ANCONA;Marche;Mulligan's Pub;2013;2013-10-19T19:57:48Z;2501972633;135.196.497;435.281.986;
CAMERATA PICENA;ANCONA;Marche;Sir William;2009;2009-10-19T09:18:34Z;535106620;133.411.904;435.857.391.999.999;
CASTELFIDARDO;ANCONA;Marche;;2012;2012-08-17T07:22:21Z;1869652099;135.474.118;434.641.552;
CASTELLEONE DI SUASA;ANCONA;Marche;Sound Cafè;2013;2013-05-24T14:15:07Z;261626841;129.877.897;436.039.840.999.999;
FABRIANO;ANCONA;Marche;The Tunning Pub;2011;2011-10-14T14:08:41Z;1467086629;129.031.220.999.999;433.383.694.999.999;
FALCONARA MARITTIMA;ANCONA;Marche;Barrio Gringo;2015;2015-08-22T07:59:34Z;3708899934;134.027.163.999.999;436.269.569.999.999;
MONTECAROTTO;ANCONA;Marche;;2014;2014-08-24T09:53:50Z;503081522;130.622.802.999.999;435.255.388;
OSIMO;ANCONA;Marche;Circolo San Sabino;2012;2012-03-25T01:57:26Z;1272881830;135.119.580.999.999;434.739.762;
OSTRA VETERE;ANCONA;Marche;;2012;2012-02-04T08:06:51Z;1604189596;130.611.523.999.999;436.034.143.999.999;
SENIGALLIA;ANCONA;Marche;Cafè Bicchia;2014;2014-12-03T11:38:15Z;437172853;132.193.253;437.150.316.999.999;
SENIGALLIA;ANCONA;Marche;City Pub;2016;2016-01-14T15:57:43Z;3946237494;132.195.111;437.144.643;
SENIGALLIA;ANCONA;Marche;La Ghigliottina;2014;2014-11-03T13:05:22Z;3164437033;132.356.529.999.999;437.071.157;
SENIGALLIA;ANCONA;Marche;Zabumba;2014;2014-07-04T21:34:23Z;2948595333;132.170.336;437.130.014;
SIROLO;ANCONA;Marche;Metà Monte;2012;2012-01-25T21:11:21Z;835642979;136.107.224;435.405.905;
APPIGNANO;MACERATA;Marche;Dal tramonto all'alba;2011;2011-01-01T12:55:20Z;1076867965;133.475.845;433.629.353.999.999;
BOLOGNOLA;MACERATA;Marche;;2010;2010-07-14T11:40:14Z;817091610;132.283.737;429.934.565;
CALDAROLA;MACERATA;Marche;Pub Stonehenge;2012;2012-01-31T20:23:37Z;1613443853;132.229.886;431.414.946;
CIVITANOVA MARCHE;MACERATA;Marche;Paperomenta;2011;2011-05-06T18:20:32Z;1274617543;13.726.095;432.969.877.999.999;
CORRIDONIA;MACERATA;Marche;Genny's Pub;2012;2012-11-30T16:05:40Z;2042160926;135.110.277;432.488.857;
CORRIDONIA;MACERATA;Marche;Virgo Music ristopub;2014;2014-08-06T11:56:45Z;2269788522;13.533.972;432.311.003;
MACERATA;MACERATA;Marche;Il pozzo;2015;2015-02-07T22:57:26Z;3336993718;134.506.938.999.999;432.999.804.999.999;
MACERATA;MACERATA;Marche;Le quattro porte;2015;2015-09-18T19:45:03Z;1248624649;13.449.997;432.990.852;
MONTECASSIANO;MACERATA;Marche;Giusy Pub;2011;2011-04-30T10:35:28Z;1266816411;134.344.014;433.357.978;
MONTECASSIANO;MACERATA;Marche;Sir McLean;2010;2010-06-13T07:46:55Z;771165449;134.403.916.999.999;43.362.993;
POLLENZA;MACERATA;Marche;Brian Boru';2016;2016-01-20T22:14:16Z;3951766280;133.479.376;432.676.653.999.999;
SARNANO;MACERATA;Marche;Sticky Fingers Pub;2014;2014-07-28T10:08:23Z;1818301107;132.961.085;430.339.628.999.999;
TOLENTINO;MACERATA;Marche;Sherlock Holmes;2011;2011-04-24T09:15:31Z;1075456613;13.276.249;432.058.639.999.999;
VISSO;MACERATA;Marche;Pub e Pizzeria Wanted;2010;2010-08-14T16:51:28Z;818645851;130.882.845;429.309.127;
ASCOLI PICENO;ASCOLI PICENO;Marche;Birroteca 57;2014;2014-08-18T00:12:23Z;639359079;135.782.966;428.564.188;
ASCOLI PICENO;ASCOLI PICENO;Marche;Casanova;2010;2010-02-13T02:00:19Z;637949784;135.696.192.999.999;428.549.522;
ASCOLI PICENO;ASCOLI PICENO;Marche;Hocus Pocus;2010;2010-03-23T00:46:39Z;672555229;13.579.395;428.542.567;
ASCOLI PICENO;ASCOLI PICENO;Marche;Leopoldus;2014;2014-08-18T00:12:23Z;639349257;135.755.286;428.564.773;
ASCOLI PICENO;ASCOLI PICENO;Marche;Pub Nicolò IV;2012;2012-08-14T15:34:38Z;639358656;135.737.845;428.559.753.999.999;
ASCOLI PICENO;ASCOLI PICENO;Marche;The Murphy's;2014;2014-07-14T21:03:04Z;637971069;135.775.881.999.999;428.536.497.999.999;
ASCOLI PICENO;ASCOLI PICENO;Marche;Topas y Tapas;2010;2010-03-02T00:02:27Z;644068432;137.085.685;42.857.616;
ASCOLI PICENO;ASCOLI PICENO;Marche;Topas y Tapas;2010;2010-03-02T00:02:27Z;644068432;137.085.685;42.857.616;
ASCOLI PICENO;ASCOLI PICENO;Marche;Zio Kinto Pub;2010;2010-08-29T00:11:05Z;885680517;135.766.633.999.999;428.545.634.999.999;
GROTTAMMARE;ASCOLI PICENO;Marche;Le Grotte;2015;2015-06-01T12:48:34Z;3087448769;138.700.024;429.900.664;
GROTTAMMARE;ASCOLI PICENO;Marche;Osterix;2014;2014-09-20T13:31:00Z;3087444536;138.709.484;429.903.552;
MONSAMPOLO DEL TRONTO;ASCOLI PICENO;Marche;La Bodeguita del Medio;2014;2014-08-12T00:48:56Z;3011723370;138.092.024;428.853.163;
MONSAMPOLO DEL TRONTO;ASCOLI PICENO;Marche;La Bodeguita del Medio;2014;2014-08-12T00:48:56Z;3011723370;138.092.024;428.853.163;
SAN BENEDETTO DEL TRONTO;ASCOLI PICENO;Marche;Birlandia;2015;2015-12-29T16:00:53Z;2469005798;139.042.802;429.133.422;
SAN BENEDETTO DEL TRONTO;ASCOLI PICENO;Marche;Misus;2013;2013-09-23T17:40:07Z;2469034342;139.032.032.999.999;429.162.699.999.999;
SAN BENEDETTO DEL TRONTO;ASCOLI PICENO;Marche;Sapore Di Pizza;2014;2014-12-29T17:04:40Z;1677304504;138.867.952.999.999;429.413.636.999.999;
SAN BENEDETTO DEL TRONTO;ASCOLI PICENO;Marche;Tarabrooch;2012;2012-09-01T08:52:40Z;1350937360;139.005.434.999.999;429.192.892;
MASSA;MASSA-CARRARA;Toscana;Il Socio;2014;2014-12-28T09:57:04Z;1492256370;101.436.659;440.345.956.999.999;
MASSA;MASSA-CARRARA;Toscana;Vinile Lato B;2014;2014-12-27T21:51:30Z;3255847014;10.143.464;440.351.689;
BAGNI DI LUCCA;LUCCA;Toscana;La Lira;2014;2014-07-23T17:52:00Z;2976102722;105.902.767;440.098.965;
BARGA;LUCCA;Toscana;La Galera;2014;2014-07-23T16:35:28Z;2517150518;104.790.534.999.999;44.046.188;
BORGO A MOZZANO;LUCCA;Toscana;;2014;2014-08-03T10:22:03Z;1277565125;105.528.771;439.856.459;
CASTIGLIONE DI GARFAGNANA;LUCCA;Toscana;Trend Bar;2014;2014-09-05T11:04:28Z;3060696741;104.104.034;441.482.007.999.999;
GALLICANO;LUCCA;Toscana;;2014;2014-08-17T06:02:32Z;3021655838;104.033.307;440.412.719.999.999;
LUCCA;LUCCA;Toscana;;2014;2014-08-03T09:09:59Z;2993598944;105.066.466.999.999;438.456.218;
LUCCA;LUCCA;Toscana;Amami Alfredo;2015;2015-03-04T16:23:57Z;3383011365;105.041.543;438.497.447;
LUCCA;LUCCA;Toscana;De Cervesia;2015;2015-10-13T11:41:00Z;2810116854;105.081.794;438.468.932.999.999;
LUCCA;LUCCA;Toscana;La Tana del Boia;2015;2015-03-30T15:38:51Z;2839273297;105.031.856;438.428.649;
LUCCA;LUCCA;Toscana;Lucca drento;2014;2014-08-03T09:53:47Z;2993639014;105.052.492.999.999;438.458.607.999.999;
LUCCA;LUCCA;Toscana;McCulloughs Irish Pub;2013;2013-08-16T13:29:40Z;2420779485;105.075.032;438.381.432.999.999;
LUCCA;LUCCA;Toscana;Old Charlie;2015;2015-06-26T13:14:32Z;2839273299;105.062.202;438.455.954;
LUCCA;LUCCA;Toscana;Ottavo Nano;2014;2014-12-02T17:33:01Z;3216100789;105.161.849;438.406.078;
LUCCA;LUCCA;Toscana;Paris Boheme;2015;2015-11-02T13:55:09Z;2993639017;105.011.723;438.431.076;
VIAREGGIO;LUCCA;Toscana;Carpe Diem;2012;2012-03-05T13:18:33Z;255461739;102.451.989;438.516.557;
VIAREGGIO;LUCCA;Toscana;Corsaro Rosso;2014;2014-03-22T23:08:58Z;255461743;102.458.534;438.506.389;
VIAREGGIO;LUCCA;Toscana;El Beso;2012;2012-03-05T13:18:31Z;255461750;102.470.958;438.484.060.999.999;
VIAREGGIO;LUCCA;Toscana;Las Vegas Cafè;2012;2012-03-05T13:18:35Z;255461738;102.449.328;438.521.385;
VIAREGGIO;LUCCA;Toscana;Macondo;2012;2012-03-05T13:17:30Z;255461746;102.463.184.999.999;438.497.509.999.999;
VIAREGGIO;LUCCA;Toscana;Red Lion;2012;2012-03-16T17:48:29Z;1677091475;102.449.651.999.999;438.619.762;
ABETONE;PISTOIA;Toscana;Grog;2014;2014-09-29T17:30:59Z;587070456;106.648.379;44.145.839;
LAMPORECCHIO;PISTOIA;Toscana;Victoria;2012;2012-05-03T10:28:30Z;1739122119;109.193.292;438.370.725.999.999;
MASSA E COZZILE;PISTOIA;Toscana;Murphy's;2016;2016-01-20T09:26:31Z;3956327661;107.607.067;438.711.310.999.999;
PESCIA;PISTOIA;Toscana;Caffè Sotto i Portici;2012;2012-10-28T18:16:35Z;1987363134;106.885.078.999.999;439.016.778;
PISTOIA;PISTOIA;Toscana;;2010;2010-06-03T09:11:37Z;763073915;10.920.028;43.930.193;
PISTOIA;PISTOIA;Toscana;;2016;2016-01-31T11:22:01Z;763073933;10.920.771;439.304.325;
PISTOIA;PISTOIA;Toscana;La Degna Tana;2014;2014-07-27T15:13:41Z;1957117775;109.162.532;439.328.033;
PISTOIA;PISTOIA;Toscana;La Vecchia Praga;2014;2014-07-27T15:13:41Z;2534398150;109.165.937.999.999;439.329.335.999.999;
PISTOIA;PISTOIA;Toscana;The Wall Taverna Fantasy;2015;2015-06-13T22:31:50Z;1884554711;109.176.158.999.999;439.119.061;
QUARRATA;PISTOIA;Toscana;River Pub;2012;2012-05-28T16:14:38Z;1768793609;109.675.417.999.999;438.387.773.999.999;
CALENZANO;CITTA' METROPOLITANA DI FIRENZE;Toscana;Come una volta (Travalle);2013;2013-10-25T14:17:05Z;456822661;111.555.777;438.770.662;
CAMPI BISENZIO;CITTA' METROPOLITANA DI FIRENZE;Toscana;Aran Island Irish Pub;2015;2015-02-21T18:19:19Z;3363902808;111.277.805.999.999;438.257.314;
CAMPI BISENZIO;CITTA' METROPOLITANA DI FIRENZE;Toscana;Circolo la Fratellanza;2012;2012-06-09T21:38:24Z;1779723748;111.387.445;438.092.716;
CAMPI BISENZIO;CITTA' METROPOLITANA DI FIRENZE;Toscana;Red Noir;2012;2012-08-04T08:17:16Z;1851214728;11.123.786;438.270.271;
CAMPI BISENZIO;CITTA' METROPOLITANA DI FIRENZE;Toscana;S.m.s. San Martino;2013;2013-02-11T13:38:20Z;2150357274;111.288.071;438.177.923;
EMPOLI;CITTA' METROPOLITANA DI FIRENZE;Toscana;arci;2008;2008-06-14T14:49:23Z;270288065;108.864.304;437.180.358;
EMPOLI;CITTA' METROPOLITANA DI FIRENZE;Toscana;Arci Empolese Valdelsa - Casa del popolo di Avan;2010;2010-11-30T13:48:25Z;292254433;109.233.516;437.253.874;
EMPOLI;CITTA' METROPOLITANA DI FIRENZE;Toscana;Brunz;2015;2015-07-19T08:59:59Z;1755277375;109.494.905;437.242.487.999.999;
FIRENZE;CITTA' METROPOLITANA DI FIRENZE;Toscana;;2010;2010-05-01T18:50:09Z;715788351;112.711.527.999.999;437.851.896.999.999;
FIRENZE;CITTA' METROPOLITANA DI FIRENZE;Toscana;;2010;2010-05-26T21:55:40Z;750017268;112.672.962;437.846.757;
FIRENZE;CITTA' METROPOLITANA DI FIRENZE;Toscana;;2010;2010-10-12T18:21:06Z;946016536;112.493.973;43.792.042;
FIRENZE;CITTA' METROPOLITANA DI FIRENZE;Toscana;;2010;2010-10-12T18:21:52Z;946017462;11.250.202;437.738.548;
FIRENZE;CITTA' METROPOLITANA DI FIRENZE;Toscana;;2016;2016-02-10T13:00:45Z;3999086979;1.125.478;437.727.781.999.999;
FIRENZE;CITTA' METROPOLITANA DI FIRENZE;Toscana;Bar Plaz;2011;2011-10-10T12:02:30Z;1461105090;11.264.696;43.771.472;
FIRENZE;CITTA' METROPOLITANA DI FIRENZE;Toscana;Birreria Artigianale;2011;2011-06-24T18:30:13Z;1337315368;11.239.755;437.703.654;
FIRENZE;CITTA' METROPOLITANA DI FIRENZE;Toscana;Dolly pub;2012;2012-10-06T08:05:54Z;750009269;112.403.267;437.990.883;
FIRENZE;CITTA' METROPOLITANA DI FIRENZE;Toscana;High Bar;2009;2009-08-15T19:24:12Z;468096513;112.587.033;437.649.733;
FIRENZE;CITTA' METROPOLITANA DI FIRENZE;Toscana;Irish pub;2011;2011-10-13T09:10:10Z;1464813685;112.521.106;437.747.098.999.999;
FIRENZE;CITTA' METROPOLITANA DI FIRENZE;Toscana;King Grizzly;2013;2013-05-05T10:43:34Z;2292273554;11.256.142;437.708.135;
FIRENZE;CITTA' METROPOLITANA DI FIRENZE;Toscana;Kitsch bar;2014;2014-04-04T19:18:03Z;1305740242;112.707.210.999.999;437.713.200.999.999;
FIRENZE;CITTA' METROPOLITANA DI FIRENZE;Toscana;kitsch Deux;2015;2015-03-11T14:24:43Z;1305738534;112.574.171;437.786.351;
FIRENZE;CITTA' METROPOLITANA DI FIRENZE;Toscana;Lion's Pub;2014;2014-01-29T11:54:37Z;1298133447;11.261.415;43.771.487;
FIRENZE;CITTA' METROPOLITANA DI FIRENZE;Toscana;Lupin Bistrot;2011;2011-04-26T04:50:00Z;938212597;112.387.695.999.999;437.892.762;
FIRENZE;CITTA' METROPOLITANA DI FIRENZE;Toscana;Old Stove Signoria;2015;2015-06-09T18:22:53Z;3584002289;112.564.198.999.999;437.699.552.999.999;
FIRENZE;CITTA' METROPOLITANA DI FIRENZE;Toscana;Scrath;2012;2012-10-30T20:01:03Z;1990117995;112.371.262;43.802.187;
FIRENZE;CITTA' METROPOLITANA DI FIRENZE;Toscana;The Irish Pub;2011;2011-06-03T09:56:06Z;766332521;112.497.985;437.730.079.999.999;
FIRENZE;CITTA' METROPOLITANA DI FIRENZE;Toscana;The Old Stove Porcellino;2012;2012-09-23T10:35:25Z;1928720041;11.253.676;437.698.737.999.999;
GREVE IN CHIANTI;CITTA' METROPOLITANA DI FIRENZE;Toscana;la Birroteca;2013;2013-08-08T17:04:09Z;1712010741;113.164.605;435.843.995.999.999;
MONTAIONE;CITTA' METROPOLITANA DI FIRENZE;Toscana;Pub Lo Strettoio;2014;2014-04-26T12:25:53Z;1420494046;109.135.405.999.999;435.531.857;
MONTELUPO FIORENTINO;CITTA' METROPOLITANA DI FIRENZE;Toscana;La volpe e l'uva winebar;2012;2012-12-24T19:09:07Z;956746110;110.212.977;437.335.822;
SAN CASCIANO IN VAL DI PESA;CITTA' METROPOLITANA DI FIRENZE;Toscana;Delirius;2012;2012-09-22T10:16:05Z;847654373;111.864.641;436.572.022;
SESTO FIORENTINO;CITTA' METROPOLITANA DI FIRENZE;Toscana;Black Bay;2014;2014-05-21T12:07:17Z;2606796208;112.163.716;438.232.039;
SESTO FIORENTINO;CITTA' METROPOLITANA DI FIRENZE;Toscana;Isolde Art Bureau;2015;2015-03-21T13:40:13Z;3389853905;111.971.759;438.280.103.999.999;
SIGNA;CITTA' METROPOLITANA DI FIRENZE;Toscana;Circolo Rinascita;2012;2012-06-09T21:38:23Z;1769765384;111.322.735;438.020.934.999.999;
SIGNA;CITTA' METROPOLITANA DI FIRENZE;Toscana;Circolo S.O.R.M.S;2012;2012-06-22T21:54:29Z;1798787123;111.290.646;437.976.846.999.999;
SIGNA;CITTA' METROPOLITANA DI FIRENZE;Toscana;Crystal Pub;2010;2010-02-07T12:40:45Z;632370759;110.969.219;437.857.911.999.999;
FIGLINE E INCISA VALDARNO;CITTA' METROPOLITANA DI FIRENZE;Toscana;;2013;2013-05-04T17:21:26Z;2291591919;11.470.746;436.156.264.999.999;
FIGLINE E INCISA VALDARNO;CITTA' METROPOLITANA DI FIRENZE;Toscana;The Gate House Pub;2013;2013-04-28T17:09:11Z;2284554994;114.700.928;436.198.691.999.999;
CAMPO NELL'ELBA;LIVORNO;Toscana;Bar Centrale;2015;2015-09-28T09:51:01Z;3762322351;102.106.587;427.521.387;
CAPOLIVERI;LIVORNO;Toscana;Wind+Snack;2011;2011-06-10T08:34:20Z;313035716;103.544.993;427.610.012;
CECINA;LIVORNO;Toscana;Buenos Aires;2015;2015-07-21T21:57:48Z;3161885580;104.942.928;432.991.238.999.999;
COLLESALVETTI;LIVORNO;Toscana;Elvis' Fan Club;2014;2014-02-21T00:34:16Z;2124252296;103.515.165;435.816.179.999.999;
COLLESALVETTI;LIVORNO;Toscana;La Grotta;2014;2014-11-11T20:37:21Z;3127827568;104.409.819;435.771.317.999.999;
LIVORNO;LIVORNO;Toscana;;2012;2012-05-02T18:52:41Z;1738553767;103.041.906.999.999;435.457.996;
LIVORNO;LIVORNO;Toscana;66;2014;2014-07-26T10:51:13Z;2980871541;10.307.366;435.528.799;
LIVORNO;LIVORNO;Toscana;Bar Sirena;2015;2015-12-28T17:55:00Z;2341971033;103.046.802;435.423.312;
LIVORNO;LIVORNO;Toscana;Birra Amiata House;2014;2014-07-26T10:20:06Z;2980844719;103.098.785;435.521.225.999.999;
LIVORNO;LIVORNO;Toscana;Carolina Caffè;2014;2014-07-26T10:51:12Z;2980869486;103.104.727;435.488.304;
LIVORNO;LIVORNO;Toscana;La Strega;2014;2014-07-26T10:51:12Z;2980869498;103.093.266;43.553.344;
LIVORNO;LIVORNO;Toscana;Le Cristal;2011;2011-10-28T14:14:15Z;442062724;103.046.021;435.462.926;
LIVORNO;LIVORNO;Toscana;L'ultima casa accogliente;2011;2011-11-30T23:10:24Z;1525448305;103.198.611;435.574.057.999.999;
LIVORNO;LIVORNO;Toscana;Nelson Tavern;2012;2012-12-12T22:13:40Z;1560881954;103.050.967.999.999;435.478.182;
LIVORNO;LIVORNO;Toscana;Piccolo Birrificio Clandestino;2011;2011-11-16T22:15:50Z;1505685513;103.136.133;435.579.281.999.999;
LIVORNO;LIVORNO;Toscana;Pub Officina Metropolis;2012;2012-03-30T13:21:06Z;1697770823;103.120.252;435.473.082;
LIVORNO;LIVORNO;Toscana;Queen Victoria;2011;2011-11-07T17:14:19Z;1494328797;103.288.451;435.436.862.999.999;
LIVORNO;LIVORNO;Toscana;Ribellogallo;2014;2014-07-26T10:51:12Z;2980869502;1.031.095;435.526.513;
LIVORNO;LIVORNO;Toscana;The Bad Elf;2014;2014-07-26T10:20:09Z;1974856836;103.108.740.999.999;435.524.741.999.999;
LIVORNO;LIVORNO;Toscana;The Barge;2014;2014-05-04T20:16:27Z;2836612384;103.063.681;435.528.073.999.999;
MARCIANA MARINA;LIVORNO;Toscana;Yachting Bar;2010;2010-05-09T12:59:38Z;366584795;101.939.433;428.087.007;
PORTO AZZURRO;LIVORNO;Toscana;El Curandero;2011;2011-07-02T22:12:49Z;1347340976;10.398.398;427.661.489.999.999;
PORTO AZZURRO;LIVORNO;Toscana;La Farandula;2009;2009-08-14T15:50:06Z;465616329;103.979.806;427.663.344.999.999;
ROSIGNANO MARITTIMO;LIVORNO;Toscana;;2016;2016-01-29T10:15:25Z;1720863949;104.288.194;433.913.584;
ROSIGNANO MARITTIMO;LIVORNO;Toscana;Il Tamarindo;2012;2012-05-17T16:44:06Z;1756287372;104.328.717;433.910.059.999.999;
CASCINA;PISA;Toscana;Circolo Arci;2009;2009-01-19T09:23:18Z;262360189;105.296.649;436.764.372;
CASCINA;PISA;Toscana;Circolo ARCI di Zambra;2010;2010-05-09T18:14:03Z;213454281;104.981.653;437.019.546;
CASCINA;PISA;Toscana;Missiva;2012;2012-04-13T20:34:44Z;1678999705;105.523.101;436.760.635.999.999;
CASCINA;PISA;Toscana;PhanKool;2015;2015-03-21T14:06:40Z;3410640145;105.498.257;436.762.403.999.999;
GUARDISTALLO;PISA;Toscana;;2012;2012-08-26T21:51:08Z;1884551923;106.320.754;433.137.756;
PALAIA;PISA;Toscana;Peggio Palaia Pub;2013;2013-08-19T17:54:12Z;2424501073;107.714.190.999.999;436.049.197;
PISA;PISA;Toscana;;2011;2011-12-04T22:58:33Z;292056684;104.019.906;437.169.171;
PISA;PISA;Toscana;;2015;2015-10-02T15:50:46Z;3769040421;1.040.141;437.182.152.999.999;
PISA;PISA;Toscana;;2016;2016-01-28T20:07:59Z;3640947722;104.019.601;437.168.595.999.999;
PISA;PISA;Toscana;Alla Goccia;2014;2014-10-22T12:38:14Z;1400433234;103.996.210.999.999;437.196.203.999.999;
PISA;PISA;Toscana;Bollicine;2013;2013-07-29T18:46:39Z;2400743435;102.917.998;436.282.306;
PISA;PISA;Toscana;Caino;2016;2016-02-09T14:10:03Z;2285139973;104.019.252;437.126.115;
PISA;PISA;Toscana;Chicchessia;2013;2013-10-29T13:37:13Z;2512765483;104.013.658;437.139.894.999.999;
PISA;PISA;Toscana;Eleven;2014;2014-10-10T17:35:00Z;3122575934;104.016.049;437.140.524;
PISA;PISA;Toscana;La buca dei Matti;2016;2016-02-09T14:10:03Z;3559179042;104.051.437.999.999;437.128.519.999.999;
PISA;PISA;Toscana;La Torre del Luppolo;2015;2015-07-19T16:51:33Z;3071100502;104.039.905;437.184.896.999.999;
PISA;PISA;Toscana;Lo Spaventapasseri;2012;2012-11-26T13:15:44Z;965321200;103.998.699;43.714.514;
PISA;PISA;Toscana;Mani'omio;2015;2015-11-30T11:20:47Z;2513857828;104.015.004.999.999;437.175.956;
PISA;PISA;Toscana;Millibar;2015;2015-07-19T09:07:24Z;2496844114;104.041.552;437.163.201.999.999;
PISA;PISA;Toscana;Modus Bibendi;2015;2015-11-30T11:20:47Z;2584003030;104.011.169;437.174.263;
PISA;PISA;Toscana;Orzo Bruno;2014;2014-06-10T16:45:28Z;1034128665;104.031.351.999.999;437.177.148;
PISA;PISA;Toscana;Skyline;2015;2015-04-27T16:49:22Z;3481864315;104.026.833;437.179.039;
PISA;PISA;Toscana;Sud;2014;2014-06-10T16:54:25Z;2909366760;104.030.536;437.179.262;
PISA;PISA;Toscana;The Brewmaster;2015;2015-02-18T11:02:48Z;965324495;104.028.975;437.181.112.999.999;
SAN GIULIANO TERME;PISA;Toscana;Sali Scendi Pub;2015;2015-05-15T16:24:37Z;1409092156;104.334.938;437.234.467.999.999;
VICOPISANO;PISA;Toscana;;2008;2008-03-23T17:53:38Z;253559857;105.048.485;437.070.304;
VICOPISANO;PISA;Toscana;;2012;2012-03-18T13:40:23Z;1679789102;105.766.579;436.840.818;
CASCIANA TERME LARI;PISA;Toscana;Enoteca Il Violino Rosso;2015;2015-08-20T13:12:56Z;3706561154;105.915.354;435.662.104.999.999;
ANGHIARI;AREZZO;Toscana;Bar Golf;2009;2009-09-05T23:26:14Z;485352603;120.554.868;435.420.446.999.999;
AREZZO;AREZZO;Toscana;;2011;2011-03-13T17:55:37Z;243694436;118.788.781;434.661.325;
AREZZO;AREZZO;Toscana;Black Horse;2013;2013-02-01T23:30:27Z;2138256802;118.429.784;434.768.036.999.999;
AREZZO;AREZZO;Toscana;Inside Pub;2012;2012-10-07T21:18:44Z;1951604582;118.831.069;434.648.346.999.999;
AREZZO;AREZZO;Toscana;La Cascina del Prato;2012;2012-03-29T10:18:44Z;1695968631;118.845.535;434.657.965.999.999;
AREZZO;AREZZO;Toscana;Mr. Bloom Pub;2012;2012-08-12T17:34:55Z;1863308133;118.858.297;434.619.264;
CASTEL SAN NICCOLO';AREZZO;Toscana;Saloon da Lele;2013;2013-08-23T16:44:11Z;2429317338;117.051.865.999.999;437.424.217;
CORTONA;AREZZO;Toscana;The Lion's Well Pub;2012;2012-01-22T20:56:49Z;1601695973;119.851.778;432.754.466;
LORO CIUFFENNA;AREZZO;Toscana;Carpe Diem Pub;2011;2011-05-03T13:17:29Z;475203154;116.329.639;435.921.308;
MONTERCHI;AREZZO;Toscana;La Cambusa pub;2013;2013-02-20T22:37:23Z;2164601031;121.091.493;434.874.449;
MONTERCHI;AREZZO;Toscana;Osteria La Vecchia;2009;2009-09-06T16:51:51Z;486098091;121.121.555;434.846.486;
MONTEVARCHI;AREZZO;Toscana;Lord Byron;2009;2009-10-08T19:59:24Z;526140922;115.633.499;435.274.628;
PIEVE SANTO STEFANO;AREZZO;Toscana;;2014;2014-04-27T23:52:06Z;2822008019;120.420.005;436.693.629;
POPPI;AREZZO;Toscana;Atlantic Oil;2013;2013-08-24T13:19:13Z;2430066127;117.458.896;437.440.879.999.999;
SANSEPOLCRO;AREZZO;Toscana;;2012;2012-03-22T16:40:22Z;1686040472;121.395.941.999.999;435.719.063;
SANSEPOLCRO;AREZZO;Toscana;;2013;2013-06-29T09:37:12Z;703156273;121.390.373;435.733.973.999.999;
SANSEPOLCRO;AREZZO;Toscana;Bar Tiberino;2013;2013-06-29T09:10:06Z;485352703;121.051.473;435.600.304;
SANSEPOLCRO;AREZZO;Toscana;Il Pubbino;2012;2012-03-22T16:40:18Z;1686040379;121.395.134;435.717.474;
SANSEPOLCRO;AREZZO;Toscana;Il Pubbone;2012;2012-03-22T16:40:19Z;1686040383;12.140.283;435.692.702.999.999;
ABBADIA SAN SALVATORE;SIENA;Toscana;Baby Ball;2010;2010-06-26T14:21:18Z;791182845;116.766.442;428.817.428.999.999;
ABBADIA SAN SALVATORE;SIENA;Toscana;Il Punto Bar;2012;2012-10-14T21:10:09Z;1965675690;116.672.914;428.871.784.999.999;
ABBADIA SAN SALVATORE;SIENA;Toscana;Staro Cafè;2010;2010-06-26T09:02:14Z;790843429;116.760.360.999.999;428.817.221.999.999;
BUONCONVENTO;SIENA;Toscana;Tnt Pub - Birreria, Ristorante, Pizzeria;2013;2013-10-16T16:27:57Z;1431024865;114.501.899.999.999;431.234.879;
MONTEPULCIANO;SIENA;Toscana;;2012;2012-09-26T09:18:22Z;1933429320;118.508.508.999.999;431.359.076;
SIENA;SIENA;Toscana;;2009;2009-01-23T08:06:45Z;335631318;113.282.846;4.332.258;
SIENA;SIENA;Toscana;Lochness Pub;2015;2015-03-12T14:11:49Z;2226811745;113.208.679;433.220.378.999.999;
SINALUNGA;SIENA;Toscana;Timory Pub;2012;2012-10-10T14:35:27Z;1956793274;118.029.297.999.999;432.090.065;
CAPALBIO;GROSSETO;Toscana;Beverello;2010;2010-04-29T13:35:00Z;712000316;114.224.920.999.999;424.537.021;
FOLLONICA;GROSSETO;Toscana;Enos Pub;2015;2015-02-09T21:47:43Z;3340713394;107.571.099;429.230.201;
FOLLONICA;GROSSETO;Toscana;Nudo e Crudo;2014;2014-09-15T20:15:49Z;3025801346;107.497.849;429.245.675;
FOLLONICA;GROSSETO;Toscana;Quartiere Latino;2015;2015-03-04T22:36:14Z;3333060141;107.558.915;429.236.575.999.999;
FOLLONICA;GROSSETO;Toscana;TheBarr;2015;2015-11-14T21:35:56Z;3836410366;107.597.755.999.999;429.203.381;
FOLLONICA;GROSSETO;Toscana;Winners' Gallery Pub;2014;2014-09-11T01:43:31Z;3046285802;107.478.628.999.999;42.927.447;
FOLLONICA;GROSSETO;Toscana;Yankees Pub;2014;2014-06-06T02:59:57Z;589996868;107.593.066;429.214.399;
GROSSETO;GROSSETO;Toscana;13 Gobbi Pub;2012;2012-04-24T15:31:48Z;1729090160;111.139.759;427.591.073.999.999;
GROSSETO;GROSSETO;Toscana;Bar Zero;2012;2012-10-10T20:25:22Z;1957352729;111.200.268.999.999;427.609.442.999.999;
GROSSETO;GROSSETO;Toscana;Irish Soul Pub;2015;2015-09-22T18:21:47Z;1651396425;11.114.119;427.586.585.999.999;
MONTE ARGENTARIO;GROSSETO;Toscana;Barrcollo;2014;2014-09-29T18:11:23Z;3102449693;112.047.836;42.393.698;
MONTE ARGENTARIO;GROSSETO;Toscana;Cafè Piazzetta;2014;2014-09-29T18:11:23Z;3102449694;112.049.347;423.947.014.999.999;
ROCCASTRADA;GROSSETO;Toscana;Bar vineria La Combriccola;2013;2013-05-30T19:43:08Z;2326202353;111.538.705.999.999;430.738.844.999.999;
ASSISI;PERUGIA;Umbria;Umami Beer;2015;2015-06-20T15:54:28Z;3050666049;125.705.578;43.061.165;
CITTA' DI CASTELLO;PERUGIA;Umbria;Linus Pub;2014;2014-08-25T15:32:31Z;3039598439;122.381.081;434.583.287.999.999;
CITTA' DI CASTELLO;PERUGIA;Umbria;Sotheby's Pub;2014;2014-04-19T23:42:53Z;1824110482;122.369.927;434.542.773;
CITTA' DI CASTELLO;PERUGIA;Umbria;Tankard;2011;2011-11-21T23:15:34Z;1512090389;122.438.549;434.574.179.999.999;
CITTA' DI CASTELLO;PERUGIA;Umbria;Ulian's Pub;2012;2012-03-12T20:59:09Z;1672572400;122.337.956;433.670.479.999.999;
COLLAZZONE;PERUGIA;Umbria;Babilonia Disco Pub;2014;2014-05-02T18:05:44Z;2832142830;124.358.819;428.990.407;
GUALDO TADINO;PERUGIA;Umbria;;2010;2010-12-27T12:04:53Z;1067454963;127.846.889;432.312.214;
MAGIONE;PERUGIA;Umbria;;2010;2010-05-12T14:32:25Z;409029663;121.868.862.999.999;431.595.032;
PERUGIA;PERUGIA;Umbria;;2013;2013-09-21T12:23:59Z;2466431968;123.903.716;431.078.168;
PERUGIA;PERUGIA;Umbria;Bad King pub pizz.;2012;2012-08-14T15:11:06Z;1865847039;123.851.086;430.954.689;
PERUGIA;PERUGIA;Umbria;Due di Picche;2016;2016-01-18T15:51:31Z;3953751259;124.336.053.999.999;430.779.354;
PERUGIA;PERUGIA;Umbria;Ecce Bombo;2015;2015-08-08T17:49:56Z;2158308854;12.384.867;431.168.204;
PERUGIA;PERUGIA;Umbria;Elfo Pub;2015;2015-02-03T10:49:19Z;3328235008;123.874.593;431.113.690.999.999;
PERUGIA;PERUGIA;Umbria;Il Dollaro Pub;2013;2013-05-27T07:24:27Z;1865621396;123.674.462;430.924.648;
PERUGIA;PERUGIA;Umbria;Joyce;2014;2014-07-02T21:18:27Z;1942100179;123.875.625;431.097.937.999.999;
PERUGIA;PERUGIA;Umbria;Kundera Bistrot;2015;2015-06-22T17:44:59Z;2207529246;123.897.023.999.999;431.100.057;
PERUGIA;PERUGIA;Umbria;Pub;2013;2013-04-26T07:55:25Z;2281811338;124.930.065;431.028.767;
PERUGIA;PERUGIA;Umbria;Punto di Vista;2014;2014-07-02T18:38:30Z;1404898029;123.887.269;431.081.926.999.999;
PERUGIA;PERUGIA;Umbria;Rock'N'Roll Club;2013;2013-05-14T07:39:40Z;2303452495;123.699.724;430.966.815;
PERUGIA;PERUGIA;Umbria;St.Andrew's private club;2016;2016-01-09T10:35:44Z;3935625164;123.867.007;431.118.858.999.999;
PERUGIA;PERUGIA;Umbria;St. James Gate;2013;2013-10-07T16:22:26Z;2486682218;124.924.579.999.999;431.583.215;
PERUGIA;PERUGIA;Umbria;Trilogy pub;2013;2013-01-29T10:21:15Z;2133499013;124.643.263;431.620.343;
PERUGIA;PERUGIA;Umbria;T-Trane;2015;2015-08-08T17:50:02Z;2405680184;12.393.697;431.037.450.999.999;
SAN GIUSTINO;PERUGIA;Umbria;Green Disco Pub - estate;2013;2013-07-17T15:25:42Z;2387595607;121.908.712;435.404.563.999.999;
SAN GIUSTINO;PERUGIA;Umbria;Red rose Valley;2016;2016-02-05T00:41:31Z;707352055;121.779.464.999.999;435.470.949.999.999;
SAN GIUSTINO;PERUGIA;Umbria;Sissi;2011;2011-08-03T23:50:50Z;1367268367;121.744.656;435.493.026.999.999;
SAN GIUSTINO;PERUGIA;Umbria;St. Mary's Live pub;2012;2012-02-24T11:17:39Z;1645445768;122.172.921;435.216.556;
SCHEGGIA E PASCELUPO;PERUGIA;Umbria;La Cantina di Pasquale;2014;2014-10-11T18:53:50Z;1857876680;126.698.508;434.038.431.999.999;
UMBERTIDE;PERUGIA;Umbria;Calico Jack Tavern pub;2013;2013-02-04T19:50:57Z;1655803593;123.416.389;4.330.037;
UMBERTIDE;PERUGIA;Umbria;Fuori Orario - birreria;2013;2013-06-09T23:29:35Z;2338748248;123.297.419;433.063.805;
UMBERTIDE;PERUGIA;Umbria;L'Opificio Risto-Pub;2015;2015-11-13T02:01:57Z;3833654386;123.320.805;432.986.720.999.999;
UMBERTIDE;PERUGIA;Umbria;Wood pub;2013;2013-02-04T19:37:44Z;2141715695;123.353.061;433.009.825;
AMELIA;TERNI;Umbria;Vertigo;2015;2015-09-11T15:49:23Z;3739291026;12.417.748;425.534.474;
NARNI;TERNI;Umbria;;2010;2010-10-17T14:24:31Z;615943445;125.366.201;425.606.045.999.999;
ORVIETO;TERNI;Umbria;;2009;2009-05-21T15:55:45Z;409022193;122.274.103;427.045.381;
ORVIETO;TERNI;Umbria;Terzo Tempo;2011;2011-09-16T15:04:22Z;1433266362;121.164.611;427.195.753;
TERNI;TERNI;Umbria;Ronnie Scott's;2014;2014-02-21T00:58:13Z;2362850132;126.530.096;425.681.333;
ACQUAPENDENTE;VITERBO;Lazio;Franco Marlo;2012;2012-04-27T10:50:40Z;1732840994;118.696.094.999.999;427.427.057;
BOLSENA;VITERBO;Lazio;;2012;2012-07-18T17:13:33Z;1829916160;119.856.838;426.459.582.999.999;
BOLSENA;VITERBO;Lazio;;2013;2013-09-27T10:20:00Z;1832162224;119.888.682;426.434.344.999.999;
BOLSENA;VITERBO;Lazio;fidA;2012;2012-07-20T15:48:35Z;1832162262;119.867.005;426.447.161.999.999;
BOLSENA;VITERBO;Lazio;La Piazzetta;2012;2012-07-18T17:25:31Z;1829932139;119.849.307;426.454.791.999.999;
CAPODIMONTE;VITERBO;Lazio;Green Land Irish Pub;2015;2015-04-25T08:00:51Z;3476099141;118.569.426;425.684.094;
CIVITA CASTELLANA;VITERBO;Lazio;;2014;2014-05-09T14:56:08Z;490441288;124.144.171;422.960.183;
TARQUINIA;VITERBO;Lazio;Old Station;2015;2015-11-27T13:49:36Z;3834214589;117.576.266;422.549.430.999.999;
VITERBO;VITERBO;Lazio;Andrew's;2009;2009-04-03T16:55:45Z;366920929;121.074.423;424.246.152.999.999;
VITERBO;VITERBO;Lazio;Blitz cafè;2012;2012-05-03T18:13:58Z;776445790;121.064.314;42.418.688;
VITERBO;VITERBO;Lazio;Da Lucio;2012;2012-05-03T18:13:58Z;1739474443;121.046.609;424.142.165;
VITERBO;VITERBO;Lazio;Due Righe Book Bar;2012;2012-05-03T18:13:57Z;1739474441;12.104.044;424.149.115;
VITERBO;VITERBO;Lazio;Magna Magna;2012;2012-12-31T02:07:31Z;1739474442;121.027.684;424.150.071.999.999;
VITERBO;VITERBO;Lazio;Reverse;2012;2012-07-14T11:43:48Z;672404412;121.033.203.999.999;424.171.611;
VITERBO;VITERBO;Lazio;Toto's;2012;2012-05-03T18:15:37Z;1739475671;121.132.519.999.999;424.215.032.999.999;
CITTADUCALE;RIETI;Lazio;Bag Pipe;2010;2010-09-20T20:06:05Z;919762854;129.476.209;423.874.958;
MONTASOLA;RIETI;Lazio;;2009;2009-09-27T17:26:40Z;510796006;12.681.041;423.856.614.999.999;
MONTE SAN GIOVANNI IN SABINA;RIETI;Lazio;;2013;2013-04-09T17:17:48Z;2260381536;127.677.973.999.999;423.269.550.999.999;
RIETI;RIETI;Lazio;Be'er Sheva;2015;2015-12-06T19:38:05Z;3880778713;12.867.841;424.040.516;
RIETI;RIETI;Lazio;Depero Club;2014;2014-04-04T08:37:30Z;2766498764;128.574.704;424.037.972;
RIETI;RIETI;Lazio;Edelbier;2015;2015-12-06T17:02:08Z;3880527196;128.570.753.999.999;424.024.471;
RIETI;RIETI;Lazio;Youthless;2015;2015-12-12T14:41:38Z;3889133220;128.670.104;424.041.928.999.999;
ALBANO LAZIALE;CITTA' METROPOLITANA DI ROMA CAPITALE;Lazio;Avalon;2015;2015-01-10T22:24:12Z;3281199261;126.630.883;417.243.052;
BRACCIANO;CITTA' METROPOLITANA DI ROMA CAPITALE;Lazio;Easy B;2015;2015-11-18T13:41:17Z;3233703650;121.761.849;421.031.139.999.999;
BRACCIANO;CITTA' METROPOLITANA DI ROMA CAPITALE;Lazio;Movida Beach;2012;2012-12-03T07:57:01Z;2047655719;121.842.796.999.999;421.080.601.999.999;
CAPENA;CITTA' METROPOLITANA DI ROMA CAPITALE;Lazio;La Saracena;2015;2015-12-16T22:17:00Z;3895818991;12.577.242;421.304.969.999.999;
CERVETERI;CITTA' METROPOLITANA DI ROMA CAPITALE;Lazio;Barone Birra;2015;2015-05-17T11:01:26Z;3523337384;12.095.722;419.862.285.999.999;
CIVITAVECCHIA;CITTA' METROPOLITANA DI ROMA CAPITALE;Lazio;;2014;2014-04-10T23:01:30Z;2782452959;118.094.917;420.726.766;
COLLEFERRO;CITTA' METROPOLITANA DI ROMA CAPITALE;Lazio;Billy's;2012;2012-06-25T10:21:08Z;1801535089;130.130.677;417.238.954.999.999;
FRASCATI;CITTA' METROPOLITANA DI ROMA CAPITALE;Lazio;Far Out;2014;2014-05-02T18:23:11Z;2652502914;126.820.123;418.099.129;
FRASCATI;CITTA' METROPOLITANA DI ROMA CAPITALE;Lazio;Le Cannette;2014;2014-02-03T12:51:31Z;2346585887;126.769.774;418.089.869;
FRASCATI;CITTA' METROPOLITANA DI ROMA CAPITALE;Lazio;Spizzicaluna;2014;2014-02-03T12:46:30Z;1931825410;126.803.088;418.090.983;
GENAZZANO;CITTA' METROPOLITANA DI ROMA CAPITALE;Lazio;Linchetto;2012;2012-12-20T07:50:19Z;2075857281;129.732.222;418.349.407.999.999;
GENZANO DI ROMA;CITTA' METROPOLITANA DI ROMA CAPITALE;Lazio;Exodus;2013;2013-05-02T11:12:20Z;2284534130;126.906.035;417.056.509;
MENTANA;CITTA' METROPOLITANA DI ROMA CAPITALE;Lazio;Birrificio Turbacci;2013;2013-01-15T23:21:52Z;2113083328;126.611.908.999.999;420.323.252;
MENTANA;CITTA' METROPOLITANA DI ROMA CAPITALE;Lazio;Birrificio Turbacci;2013;2013-01-15T23:21:52Z;2113083328;126.611.908.999.999;420.323.252;
MONTEROTONDO;CITTA' METROPOLITANA DI ROMA CAPITALE;Lazio;;2015;2015-08-11T11:00:08Z;3691148177;126.146.235;420.523.109;
MONTEROTONDO;CITTA' METROPOLITANA DI ROMA CAPITALE;Lazio;Canty's;2013;2013-01-16T00:12:24Z;2113107082;12.615.368;420.524.398;
MONTEROTONDO;CITTA' METROPOLITANA DI ROMA CAPITALE;Lazio;Tsopela;2013;2013-01-24T23:34:33Z;2126941534;126.150.564;420.519.553.999.999;
MONTEROTONDO;CITTA' METROPOLITANA DI ROMA CAPITALE;Lazio;Underground;2013;2013-01-08T20:18:24Z;2102025075;126.219.245;420.499.924;
NETTUNO;CITTA' METROPOLITANA DI ROMA CAPITALE;Lazio;The Mithicals;2010;2010-09-16T12:15:57Z;914407071;12.632.619;415.136.354.999.999;
POMEZIA;CITTA' METROPOLITANA DI ROMA CAPITALE;Lazio;Pizzeria MAMA Risto Pub;2014;2014-05-18T13:37:46Z;2866329765;124.785.004;416.302.043;
ROMA;CITTA' METROPOLITANA DI ROMA CAPITALE;Lazio;;2011;2011-11-23T18:23:47Z;1514424285;123.766.512;420.150.977.999.999;
ROMA;CITTA' METROPOLITANA DI ROMA CAPITALE;Lazio;;2011;2011-11-23T18:23:47Z;1514424285;123.766.512;420.150.977.999.999;
ROMA;CITTA' METROPOLITANA DI ROMA CAPITALE;Lazio;;2011;2011-12-20T11:13:08Z;767939758;124.905.449.999.999;418.169.078.999.999;
ROMA;CITTA' METROPOLITANA DI ROMA CAPITALE;Lazio;;2011;2011-12-20T11:13:08Z;767939758;124.905.449.999.999;418.169.078.999.999;
ROMA;CITTA' METROPOLITANA DI ROMA CAPITALE;Lazio;;2012;2012-03-01T13:42:59Z;1654351369;124.222.489;419.794.711.999.999;
ROMA;CITTA' METROPOLITANA DI ROMA CAPITALE;Lazio;;2012;2012-03-01T13:42:59Z;1654351369;124.222.489;419.794.711.999.999;
ROMA;CITTA' METROPOLITANA DI ROMA CAPITALE;Lazio;;2012;2012-03-28T13:01:50Z;1694694943;125.255.983;419.216.587;
ROMA;CITTA' METROPOLITANA DI ROMA CAPITALE;Lazio;;2012;2012-03-28T13:01:50Z;1694694943;125.255.983;419.216.587;
ROMA;CITTA' METROPOLITANA DI ROMA CAPITALE;Lazio;;2012;2012-04-04T20:39:13Z;1701640645;125.367.934;419.606.866;
ROMA;CITTA' METROPOLITANA DI ROMA CAPITALE;Lazio;;2012;2012-04-04T20:39:13Z;1701640645;125.367.934;419.606.866;
ROMA;CITTA' METROPOLITANA DI ROMA CAPITALE;Lazio;;2012;2012-04-04T21:18:02Z;1701697720;12.548.035;419.527.086;
ROMA;CITTA' METROPOLITANA DI ROMA CAPITALE;Lazio;;2012;2012-04-04T21:18:02Z;1701697720;12.548.035;419.527.086;
ROMA;CITTA' METROPOLITANA DI ROMA CAPITALE;Lazio;;2012;2012-11-27T03:07:11Z;2035795433;125.285.797.999.999;419.328.301.999.999;
ROMA;CITTA' METROPOLITANA DI ROMA CAPITALE;Lazio;;2012;2012-11-27T03:07:11Z;2035795433;125.285.797.999.999;419.328.301.999.999;
ROMA;CITTA' METROPOLITANA DI ROMA CAPITALE;Lazio;;2013;2013-02-03T09:22:22Z;766869077;124.947.295;419.026.967;
ROMA;CITTA' METROPOLITANA DI ROMA CAPITALE;Lazio;;2013;2013-02-03T09:22:22Z;766869077;124.947.295;419.026.967;
ROMA;CITTA' METROPOLITANA DI ROMA CAPITALE;Lazio;;2013;2013-08-22T21:08:38Z;2428599817;12.528.083;418.887.495.999.999;
ROMA;CITTA' METROPOLITANA DI ROMA CAPITALE;Lazio;;2013;2013-08-22T21:08:38Z;2428599817;12.528.083;418.887.495.999.999;
ROMA;CITTA' METROPOLITANA DI ROMA CAPITALE;Lazio;;2015;2015-07-22T02:23:09Z;3661045994;125.238.458;419.300.089.999.999;
ROMA;CITTA' METROPOLITANA DI ROMA CAPITALE;Lazio;;2015;2015-07-22T02:23:09Z;3661045994;125.238.458;419.300.089.999.999;
ROMA;CITTA' METROPOLITANA DI ROMA CAPITALE;Lazio;;2015;2015-07-22T02:23:10Z;3661046007;125.235.629;419.303.253;
ROMA;CITTA' METROPOLITANA DI ROMA CAPITALE;Lazio;;2015;2015-07-22T02:23:10Z;3661046007;125.235.629;419.303.253;
ROMA;CITTA' METROPOLITANA DI ROMA CAPITALE;Lazio;;2015;2015-07-22T03:34:23Z;3661067950;125.178.046;419.288.577;
ROMA;CITTA' METROPOLITANA DI ROMA CAPITALE;Lazio;;2015;2015-07-22T03:34:23Z;3661067950;125.178.046;419.288.577;
ROMA;CITTA' METROPOLITANA DI ROMA CAPITALE;Lazio;3joli;2011;2011-12-18T22:25:38Z;971968063;125.608.032;419.149.261.999.999;
ROMA;CITTA' METROPOLITANA DI ROMA CAPITALE;Lazio;3joli;2011;2011-12-18T22:25:38Z;971968063;125.608.032;419.149.261.999.999;
ROMA;CITTA' METROPOLITANA DI ROMA CAPITALE;Lazio;ABC;2012;2012-06-01T15:53:42Z;1772764791;125.186.845;419.622.760.999.999;
ROMA;CITTA' METROPOLITANA DI ROMA CAPITALE;Lazio;ABC;2012;2012-06-01T15:53:42Z;1772764791;125.186.845;419.622.760.999.999;
ROMA;CITTA' METROPOLITANA DI ROMA CAPITALE;Lazio;Angeli Rock;2014;2014-10-16T05:15:47Z;2231704614;124.786.643;418.602.672.999.999;
ROMA;CITTA' METROPOLITANA DI ROMA CAPITALE;Lazio;Angeli Rock;2014;2014-10-16T05:15:47Z;2231704614;124.786.643;418.602.672.999.999;
ROMA;CITTA' METROPOLITANA DI ROMA CAPITALE;Lazio;Angel's Beer Pub;2014;2014-11-27T09:13:41Z;3190138863;126.212.966;418.615.088.999.999;
ROMA;CITTA' METROPOLITANA DI ROMA CAPITALE;Lazio;Angel's Beer Pub;2014;2014-11-27T09:13:41Z;3190138863;126.212.966;418.615.088.999.999;
ROMA;CITTA' METROPOLITANA DI ROMA CAPITALE;Lazio;Aquila nera;2015;2015-08-14T02:16:32Z;3696229341;124.999.172;418.989.839.999.999;
ROMA;CITTA' METROPOLITANA DI ROMA CAPITALE;Lazio;Aquila nera;2015;2015-08-14T02:16:32Z;3696229341;124.999.172;418.989.839.999.999;
ROMA;CITTA' METROPOLITANA DI ROMA CAPITALE;Lazio;Art Two;2014;2014-10-27T10:27:14Z;1671670447;124.690.788;418.896.659.999.999;
ROMA;CITTA' METROPOLITANA DI ROMA CAPITALE;Lazio;Art Two;2014;2014-10-27T10:27:14Z;1671670447;124.690.788;418.896.659.999.999;
ROMA;CITTA' METROPOLITANA DI ROMA CAPITALE;Lazio;Baraka Bistrot;2012;2012-09-18T00:52:23Z;1919528178;125.661.173;4.189.224;
ROMA;CITTA' METROPOLITANA DI ROMA CAPITALE;Lazio;Baraka Bistrot;2012;2012-09-18T00:52:23Z;1919528178;125.661.173;4.189.224;
ROMA;CITTA' METROPOLITANA DI ROMA CAPITALE;Lazio;Bar Cornetteria;2008;2008-04-06T22:17:04Z;256155025;124.790.787;41.871.175;
ROMA;CITTA' METROPOLITANA DI ROMA CAPITALE;Lazio;Bar Cornetteria;2008;2008-04-06T22:17:04Z;256155025;124.790.787;41.871.175;
ROMA;CITTA' METROPOLITANA DI ROMA CAPITALE;Lazio;Bar I Tigli;2014;2014-09-29T12:36:42Z;3098337043;124.523.206;418.964.708;
ROMA;CITTA' METROPOLITANA DI ROMA CAPITALE;Lazio;Bar I Tigli;2014;2014-09-29T12:36:42Z;3098337043;124.523.206;418.964.708;
ROMA;CITTA' METROPOLITANA DI ROMA CAPITALE;Lazio;Batucada;2009;2009-04-22T15:19:47Z;373828266;125.352.824.999.999;419.456.788;
ROMA;CITTA' METROPOLITANA DI ROMA CAPITALE;Lazio;Batucada;2009;2009-04-22T15:19:47Z;373828266;125.352.824.999.999;419.456.788;
ROMA;CITTA' METROPOLITANA DI ROMA CAPITALE;Lazio;Beer Stop;2014;2014-02-11T06:32:30Z;2663027515;124.363.226;419.011.684.999.999;
ROMA;CITTA' METROPOLITANA DI ROMA CAPITALE;Lazio;Beer Stop;2014;2014-02-11T06:32:30Z;2663027515;124.363.226;419.011.684.999.999;
ROMA;CITTA' METROPOLITANA DI ROMA CAPITALE;Lazio;Beer Time;2015;2015-12-18T20:50:38Z;2965247814;125.360.476.999.999;418.993.424;
ROMA;CITTA' METROPOLITANA DI ROMA CAPITALE;Lazio;Beer Time;2015;2015-12-18T20:50:38Z;2965247814;125.360.476.999.999;418.993.424;
ROMA;CITTA' METROPOLITANA DI ROMA CAPITALE;Lazio;Beer Time;2015;2015-12-18T20:50:39Z;2376266861;1.244.157;419.235.654;
ROMA;CITTA' METROPOLITANA DI ROMA CAPITALE;Lazio;Beer Time;2015;2015-12-18T20:50:39Z;2376266861;1.244.157;419.235.654;
ROMA;CITTA' METROPOLITANA DI ROMA CAPITALE;Lazio;Bestia Mora Social Pub;2015;2015-05-18T21:13:22Z;2906962513;12.535.739;418.864.541;
ROMA;CITTA' METROPOLITANA DI ROMA CAPITALE;Lazio;Bestia Mora Social Pub;2015;2015-05-18T21:13:22Z;2906962513;12.535.739;418.864.541;
ROMA;CITTA' METROPOLITANA DI ROMA CAPITALE;Lazio;Birreria Capo Verde;2015;2015-07-05T09:02:27Z;3635012223;125.628.508;418.514.902;
ROMA;CITTA' METROPOLITANA DI ROMA CAPITALE;Lazio;Birreria Capo Verde;2015;2015-07-05T09:02:27Z;3635012223;125.628.508;418.514.902;
ROMA;CITTA' METROPOLITANA DI ROMA CAPITALE;Lazio;Birreria Trilussa;2013;2013-10-16T13:14:48Z;2135162066;124.689.935;418.916.906.999.999;
ROMA;CITTA' METROPOLITANA DI ROMA CAPITALE;Lazio;Birreria Trilussa;2013;2013-10-16T13:14:48Z;2135162066;124.689.935;418.916.906.999.999;
ROMA;CITTA' METROPOLITANA DI ROMA CAPITALE;Lazio;Birrificio Ostiense Artigianale;2014;2014-05-13T15:49:24Z;757356188;122.761.818;417.299.786;
ROMA;CITTA' METROPOLITANA DI ROMA CAPITALE;Lazio;Birrificio Ostiense Artigianale;2014;2014-05-13T15:49:24Z;757356188;122.761.818;417.299.786;
ROMA;CITTA' METROPOLITANA DI ROMA CAPITALE;Lazio;Birrifugio;2015;2015-07-02T16:29:35Z;3631760159;124.660.826.999.999;418.775.734.999.999;
ROMA;CITTA' METROPOLITANA DI ROMA CAPITALE;Lazio;Birrifugio;2015;2015-07-02T16:29:35Z;3631760159;124.660.826.999.999;418.775.734.999.999;
ROMA;CITTA' METROPOLITANA DI ROMA CAPITALE;Lazio;Black Market;2013;2013-10-31T13:14:19Z;2515010849;124.947.481;418.972.361;
ROMA;CITTA' METROPOLITANA DI ROMA CAPITALE;Lazio;Black Market;2013;2013-10-31T13:14:19Z;2515010849;124.947.481;418.972.361;
ROMA;CITTA' METROPOLITANA DI ROMA CAPITALE;Lazio;Blind Pig;2014;2014-11-03T22:35:47Z;1312443019;125.202.791;418.749.308;
ROMA;CITTA' METROPOLITANA DI ROMA CAPITALE;Lazio;Blind Pig;2014;2014-11-03T22:35:47Z;1312443019;125.202.791;418.749.308;
ROMA;CITTA' METROPOLITANA DI ROMA CAPITALE;Lazio;Bulldog Inn Rome;2013;2013-03-07T00:44:48Z;2189156343;124.746.374;418.965.526;
ROMA;CITTA' METROPOLITANA DI ROMA CAPITALE;Lazio;Bulldog Inn Rome;2013;2013-03-07T00:44:48Z;2189156343;124.746.374;418.965.526;
ROMA;CITTA' METROPOLITANA DI ROMA CAPITALE;Lazio;Caesar's Pub;2013;2013-05-14T10:28:03Z;2299894008;126.090.178;418.404.141.999.999;
ROMA;CITTA' METROPOLITANA DI ROMA CAPITALE;Lazio;Caesar's Pub;2013;2013-05-14T10:28:03Z;2299894008;126.090.178;418.404.141.999.999;
ROMA;CITTA' METROPOLITANA DI ROMA CAPITALE;Lazio;Café Pepe;2013;2013-06-08T10:07:54Z;2336909331;12.501.004;41.893.205;
ROMA;CITTA' METROPOLITANA DI ROMA CAPITALE;Lazio;Café Pepe;2013;2013-06-08T10:07:54Z;2336909331;12.501.004;41.893.205;
ROMA;CITTA' METROPOLITANA DI ROMA CAPITALE;Lazio;Camden Town;2012;2012-04-04T16:26:47Z;1701218666;124.950.752;418.885.563.999.999;
ROMA;CITTA' METROPOLITANA DI ROMA CAPITALE;Lazio;Camden Town;2012;2012-04-04T16:26:47Z;1701218666;124.950.752;418.885.563.999.999;
ROMA;CITTA' METROPOLITANA DI ROMA CAPITALE;Lazio;Chakra Cafè;2013;2013-10-16T15:26:05Z;1437002284;124.722.645;418.891.189;
ROMA;CITTA' METROPOLITANA DI ROMA CAPITALE;Lazio;Chakra Cafè;2013;2013-10-16T15:26:05Z;1437002284;124.722.645;418.891.189;
ROMA;CITTA' METROPOLITANA DI ROMA CAPITALE;Lazio;Club 70;2015;2015-11-12T05:12:49Z;3828478347;125.068.328.999.999;418.357.549.999.999;
ROMA;CITTA' METROPOLITANA DI ROMA CAPITALE;Lazio;Club 70;2015;2015-11-12T05:12:49Z;3828478347;125.068.328.999.999;418.357.549.999.999;
ROMA;CITTA' METROPOLITANA DI ROMA CAPITALE;Lazio;Cottage Village;2012;2012-03-03T08:23:34Z;1656246365;126.114.893;41.820.543;
ROMA;CITTA' METROPOLITANA DI ROMA CAPITALE;Lazio;Cottage Village;2012;2012-03-03T08:23:34Z;1656246365;126.114.893;41.820.543;
ROMA;CITTA' METROPOLITANA DI ROMA CAPITALE;Lazio;CSA Astra 19;2012;2012-12-20T00:37:32Z;2074460376;125.338.148;419.466.763;
ROMA;CITTA' METROPOLITANA DI ROMA CAPITALE;Lazio;CSA Astra 19;2012;2012-12-20T00:37:32Z;2074460376;125.338.148;419.466.763;
ROMA;CITTA' METROPOLITANA DI ROMA CAPITALE;Lazio;Down Under;2011;2011-08-14T14:32:33Z;1157577755;124.601.212;419.208.835;
ROMA;CITTA' METROPOLITANA DI ROMA CAPITALE;Lazio;Down Under;2011;2011-08-14T14:32:33Z;1157577755;124.601.212;419.208.835;
ROMA;CITTA' METROPOLITANA DI ROMA CAPITALE;Lazio;Druid's rock;2015;2015-12-05T11:00:44Z;3878028940;124.966.586.999.999;418.989.589.999.999;
ROMA;CITTA' METROPOLITANA DI ROMA CAPITALE;Lazio;Druid's rock;2015;2015-12-05T11:00:44Z;3878028940;124.966.586.999.999;418.989.589.999.999;
ROMA;CITTA' METROPOLITANA DI ROMA CAPITALE;Lazio;drunk;2015;2015-12-19T17:49:52Z;3900276688;125.535.079;418.611.391.999.999;
ROMA;CITTA' METROPOLITANA DI ROMA CAPITALE;Lazio;drunk;2015;2015-12-19T17:49:52Z;3900276688;125.535.079;418.611.391.999.999;
ROMA;CITTA' METROPOLITANA DI ROMA CAPITALE;Lazio;Elliot;2010;2010-12-08T02:49:31Z;428925940;124.434.711;419.126.527;
ROMA;CITTA' METROPOLITANA DI ROMA CAPITALE;Lazio;Elliot;2010;2010-12-08T02:49:31Z;428925940;124.434.711;419.126.527;
ROMA;CITTA' METROPOLITANA DI ROMA CAPITALE;Lazio;Fayenas;2009;2009-05-12T02:36:51Z;394279886;124.706.688;418.809.273;
ROMA;CITTA' METROPOLITANA DI ROMA CAPITALE;Lazio;Fayenas;2009;2009-05-12T02:36:51Z;394279886;124.706.688;418.809.273;
ROMA;CITTA' METROPOLITANA DI ROMA CAPITALE;Lazio;Foollyk;2015;2015-05-18T20:11:51Z;1697500269;125.081.664;419.161.943;
ROMA;CITTA' METROPOLITANA DI ROMA CAPITALE;Lazio;Foollyk;2015;2015-05-18T20:11:51Z;1697500269;125.081.664;419.161.943;
ROMA;CITTA' METROPOLITANA DI ROMA CAPITALE;Lazio;Four Green Fields;2010;2010-05-22T23:50:15Z;422019518;124.561.365;419.124.418.999.999;
ROMA;CITTA' METROPOLITANA DI ROMA CAPITALE;Lazio;Four Green Fields;2010;2010-05-22T23:50:15Z;422019518;124.561.365;419.124.418.999.999;
ROMA;CITTA' METROPOLITANA DI ROMA CAPITALE;Lazio;Hermand's;2013;2013-07-07T09:16:55Z;916559301;124.396.913.999.999;419.728.995.999.999;
ROMA;CITTA' METROPOLITANA DI ROMA CAPITALE;Lazio;Hermand's;2013;2013-07-07T09:16:55Z;916559301;124.396.913.999.999;419.728.995.999.999;
ROMA;CITTA' METROPOLITANA DI ROMA CAPITALE;Lazio;Hop Corner - birra bistrot;2014;2014-02-25T17:19:02Z;2689710722;125.391.245;418.833.758;
ROMA;CITTA' METROPOLITANA DI ROMA CAPITALE;Lazio;Hop Corner - birra bistrot;2014;2014-02-25T17:19:02Z;2689710722;125.391.245;418.833.758;
ROMA;CITTA' METROPOLITANA DI ROMA CAPITALE;Lazio;Hopificio;2014;2014-09-21T15:02:04Z;1358354565;125.208.841;418.729.111;
ROMA;CITTA' METROPOLITANA DI ROMA CAPITALE;Lazio;Hopificio;2014;2014-09-21T15:02:04Z;1358354565;125.208.841;418.729.111;
ROMA;CITTA' METROPOLITANA DI ROMA CAPITALE;Lazio;Ice Club;2010;2010-10-23T22:32:36Z;962348457;124.885.582.999.999;418.940.916;
ROMA;CITTA' METROPOLITANA DI ROMA CAPITALE;Lazio;Ice Club;2010;2010-10-23T22:32:36Z;962348457;124.885.582.999.999;418.940.916;
ROMA;CITTA' METROPOLITANA DI ROMA CAPITALE;Lazio;il bosco degli elfi;2015;2015-12-21T13:03:02Z;3902912161;125.486.816.999.999;418.634.729.999.999;
ROMA;CITTA' METROPOLITANA DI ROMA CAPITALE;Lazio;il bosco degli elfi;2015;2015-12-21T13:03:02Z;3902912161;125.486.816.999.999;418.634.729.999.999;
ROMA;CITTA' METROPOLITANA DI ROMA CAPITALE;Lazio;Il Gatto e la Volpe - Ristopub;2014;2014-01-06T18:41:05Z;2612579219;126.062.819;418.637.889.999.999;
ROMA;CITTA' METROPOLITANA DI ROMA CAPITALE;Lazio;Il Gatto e la Volpe - Ristopub;2014;2014-01-06T18:41:05Z;2612579219;126.062.819;418.637.889.999.999;
ROMA;CITTA' METROPOLITANA DI ROMA CAPITALE;Lazio;iLocale;2012;2012-09-16T14:31:26Z;1917232843;125.348.197;419.382.775.999.999;
ROMA;CITTA' METROPOLITANA DI ROMA CAPITALE;Lazio;iLocale;2012;2012-09-16T14:31:26Z;1917232843;125.348.197;419.382.775.999.999;
ROMA;CITTA' METROPOLITANA DI ROMA CAPITALE;Lazio;Il Tucano;2012;2012-02-18T10:32:27Z;573459313;124.899.883;418.629.153.999.999;
ROMA;CITTA' METROPOLITANA DI ROMA CAPITALE;Lazio;Il Tucano;2012;2012-02-18T10:32:27Z;573459313;124.899.883;418.629.153.999.999;
ROMA;CITTA' METROPOLITANA DI ROMA CAPITALE;Lazio;Industrie MP2;2011;2011-08-14T14:32:36Z;932834430;125.155.005;418.822.885;
ROMA;CITTA' METROPOLITANA DI ROMA CAPITALE;Lazio;Industrie MP2;2011;2011-08-14T14:32:36Z;932834430;125.155.005;418.822.885;
ROMA;CITTA' METROPOLITANA DI ROMA CAPITALE;Lazio;Irish Pub Il Punto;2015;2015-07-05T09:09:37Z;3635012136;125.600.983.999.999;418.569.767.999.999;
ROMA;CITTA' METROPOLITANA DI ROMA CAPITALE;Lazio;Irish Pub Il Punto;2015;2015-07-05T09:09:37Z;3635012136;125.600.983.999.999;418.569.767.999.999;
ROMA;CITTA' METROPOLITANA DI ROMA CAPITALE;Lazio;Jack's Pub;2012;2012-04-11T15:23:34Z;1711542195;123.461.148;417.763.744;
ROMA;CITTA' METROPOLITANA DI ROMA CAPITALE;Lazio;Jack's Pub;2012;2012-04-11T15:23:34Z;1711542195;123.461.148;417.763.744;
ROMA;CITTA' METROPOLITANA DI ROMA CAPITALE;Lazio;Jonathan;2009;2009-11-16T09:15:01Z;301351809;124.707.047;418.991.588;
ROMA;CITTA' METROPOLITANA DI ROMA CAPITALE;Lazio;Jonathan;2009;2009-11-16T09:15:01Z;301351809;124.707.047;418.991.588;
ROMA;CITTA' METROPOLITANA DI ROMA CAPITALE;Lazio;Ketum Bar;2011;2011-04-21T13:03:15Z;1253979817;124.749.324;418.769.114.999.999;
ROMA;CITTA' METROPOLITANA DI ROMA CAPITALE;Lazio;Ketum Bar;2011;2011-04-21T13:03:15Z;1253979817;124.749.324;418.769.114.999.999;
ROMA;CITTA' METROPOLITANA DI ROMA CAPITALE;Lazio;Laganni Cafe';2015;2015-05-18T20:11:52Z;1649682759;124.705.704.999.999;418.886.788;
ROMA;CITTA' METROPOLITANA DI ROMA CAPITALE;Lazio;Laganni Cafe';2015;2015-05-18T20:11:52Z;1649682759;124.705.704.999.999;418.886.788;
ROMA;CITTA' METROPOLITANA DI ROMA CAPITALE;Lazio;L'Antica Birreria Peroni;2013;2013-04-20T17:20:19Z;2273997542;124.824.596;418.987.739;
ROMA;CITTA' METROPOLITANA DI ROMA CAPITALE;Lazio;L'Antica Birreria Peroni;2013;2013-04-20T17:20:19Z;2273997542;124.824.596;418.987.739;
ROMA;CITTA' METROPOLITANA DI ROMA CAPITALE;Lazio;Lattepiù;2014;2014-10-06T22:54:39Z;3115702932;125.132.698.999.999;418.793.083.999.999;
ROMA;CITTA' METROPOLITANA DI ROMA CAPITALE;Lazio;Lattepiù;2014;2014-10-06T22:54:39Z;3115702932;125.132.698.999.999;418.793.083.999.999;
ROMA;CITTA' METROPOLITANA DI ROMA CAPITALE;Lazio;Le Coppelle 52;2013;2013-04-21T08:55:44Z;2274883508;124.762.727;419.008.303;
ROMA;CITTA' METROPOLITANA DI ROMA CAPITALE;Lazio;Le Coppelle 52;2013;2013-04-21T08:55:44Z;2274883508;124.762.727;419.008.303;
ROMA;CITTA' METROPOLITANA DI ROMA CAPITALE;Lazio;Locanda Blues;2011;2011-08-11T16:15:08Z;916573596;124.109.514;419.874.689.999.999;
ROMA;CITTA' METROPOLITANA DI ROMA CAPITALE;Lazio;Locanda Blues;2011;2011-08-11T16:15:08Z;916573596;124.109.514;419.874.689.999.999;
ROMA;CITTA' METROPOLITANA DI ROMA CAPITALE;Lazio;Lord Lichfield Pub;2014;2014-09-15T16:49:47Z;2955643337;124.732.617;418.643.787;
ROMA;CITTA' METROPOLITANA DI ROMA CAPITALE;Lazio;Lord Lichfield Pub;2014;2014-09-15T16:49:47Z;2955643337;124.732.617;418.643.787;
ROMA;CITTA' METROPOLITANA DI ROMA CAPITALE;Lazio;Ma Che Siete Venuti A Fà;2014;2014-04-26T15:46:50Z;2818358459;124.691.779;418.917.289.999.999;
ROMA;CITTA' METROPOLITANA DI ROMA CAPITALE;Lazio;Ma Che Siete Venuti A Fà;2014;2014-04-26T15:46:50Z;2818358459;124.691.779;418.917.289.999.999;
ROMA;CITTA' METROPOLITANA DI ROMA CAPITALE;Lazio;Malavite;2014;2014-02-10T11:05:16Z;2664965220;125.252.091;41.889.073;
ROMA;CITTA' METROPOLITANA DI ROMA CAPITALE;Lazio;Malavite;2014;2014-02-10T11:05:16Z;2664965220;125.252.091;41.889.073;
ROMA;CITTA' METROPOLITANA DI ROMA CAPITALE;Lazio;Mastro Titta;2015;2015-05-04T16:28:26Z;3497321010;124.791.417;41.872.258;
ROMA;CITTA' METROPOLITANA DI ROMA CAPITALE;Lazio;Mastro Titta;2015;2015-05-04T16:28:26Z;3497321010;124.791.417;41.872.258;
ROMA;CITTA' METROPOLITANA DI ROMA CAPITALE;Lazio;Micca Club;2010;2010-10-01T10:09:43Z;932824988;125.110.416;418.933.315;
ROMA;CITTA' METROPOLITANA DI ROMA CAPITALE;Lazio;Micca Club;2010;2010-10-01T10:09:43Z;932824988;125.110.416;418.933.315;
ROMA;CITTA' METROPOLITANA DI ROMA CAPITALE;Lazio;Ninkasi Beershop;2015;2015-09-09T07:45:40Z;2712558181;124.803.374;419.214.995.999.999;
ROMA;CITTA' METROPOLITANA DI ROMA CAPITALE;Lazio;Ninkasi Beershop;2015;2015-09-09T07:45:40Z;2712558181;124.803.374;419.214.995.999.999;
ROMA;CITTA' METROPOLITANA DI ROMA CAPITALE;Lazio;No.Au;2014;2014-04-06T18:25:08Z;2773407185;124.710.792;419.000.609;
ROMA;CITTA' METROPOLITANA DI ROMA CAPITALE;Lazio;No.Au;2014;2014-04-06T18:25:08Z;2773407185;124.710.792;419.000.609;
ROMA;CITTA' METROPOLITANA DI ROMA CAPITALE;Lazio;Nottingham;2015;2015-07-28T20:53:15Z;3670898299;125.541.231.999.999;418.603.998;
ROMA;CITTA' METROPOLITANA DI ROMA CAPITALE;Lazio;Nottingham;2015;2015-07-28T20:53:15Z;3670898299;125.541.231.999.999;418.603.998;
ROMA;CITTA' METROPOLITANA DI ROMA CAPITALE;Lazio;Old Tower;2013;2013-02-16T01:58:53Z;2053202488;124.221.755;419.364.153;
ROMA;CITTA' METROPOLITANA DI ROMA CAPITALE;Lazio;Old Tower;2013;2013-02-16T01:58:53Z;2053202488;124.221.755;419.364.153;
ROMA;CITTA' METROPOLITANA DI ROMA CAPITALE;Lazio;Old Trafford;2011;2011-05-15T19:18:01Z;1286797433;1.244.736;419.047.962;
ROMA;CITTA' METROPOLITANA DI ROMA CAPITALE;Lazio;Old Trafford;2011;2011-05-15T19:18:01Z;1286797433;1.244.736;419.047.962;
ROMA;CITTA' METROPOLITANA DI ROMA CAPITALE;Lazio;Open Baladin;2013;2013-04-14T15:47:28Z;2267137974;124.744.376;418.935.723;
ROMA;CITTA' METROPOLITANA DI ROMA CAPITALE;Lazio;Open Baladin;2013;2013-04-14T15:47:28Z;2267137974;124.744.376;418.935.723;
ROMA;CITTA' METROPOLITANA DI ROMA CAPITALE;Lazio;Pride Pub;2012;2012-06-23T00:07:51Z;1798859081;125.260.162;418.732.001.999.999;
ROMA;CITTA' METROPOLITANA DI ROMA CAPITALE;Lazio;Pride Pub;2012;2012-06-23T00:07:51Z;1798859081;125.260.162;418.732.001.999.999;
ROMA;CITTA' METROPOLITANA DI ROMA CAPITALE;Lazio;Pub+;2014;2014-06-26T14:04:55Z;2583779318;125.349.956;419.037.599.999.999;
ROMA;CITTA' METROPOLITANA DI ROMA CAPITALE;Lazio;Pub+;2014;2014-06-26T14:04:55Z;2583779318;125.349.956;419.037.599.999.999;
ROMA;CITTA' METROPOLITANA DI ROMA CAPITALE;Lazio;Pub Cuccagna;2013;2013-04-02T14:14:55Z;2244950710;124.729.071;418.972.757;
ROMA;CITTA' METROPOLITANA DI ROMA CAPITALE;Lazio;Pub Cuccagna;2013;2013-04-02T14:14:55Z;2244950710;124.729.071;418.972.757;
ROMA;CITTA' METROPOLITANA DI ROMA CAPITALE;Lazio;Razmataz;2012;2012-10-25T20:35:52Z;1983523038;125.266.525;418.902.767;
ROMA;CITTA' METROPOLITANA DI ROMA CAPITALE;Lazio;Razmataz;2012;2012-10-25T20:35:52Z;1983523038;125.266.525;418.902.767;
ROMA;CITTA' METROPOLITANA DI ROMA CAPITALE;Lazio;Rive Gauche;2015;2015-07-02T10:56:24Z;3631211587;125.136.591;418.961.954.999.999;
ROMA;CITTA' METROPOLITANA DI ROMA CAPITALE;Lazio;Rive Gauche;2015;2015-07-02T10:56:24Z;3631211587;125.136.591;418.961.954.999.999;
ROMA;CITTA' METROPOLITANA DI ROMA CAPITALE;Lazio;San Lorenzo Cafè;2011;2011-12-29T16:31:16Z;1567627021;125.139.256;418.961.759;
ROMA;CITTA' METROPOLITANA DI ROMA CAPITALE;Lazio;San Lorenzo Cafè;2011;2011-12-29T16:31:16Z;1567627021;125.139.256;418.961.759;
ROMA;CITTA' METROPOLITANA DI ROMA CAPITALE;Lazio;Saxophone;2014;2014-04-14T18:24:11Z;1293267131;124.563.334;419.074.662;
ROMA;CITTA' METROPOLITANA DI ROMA CAPITALE;Lazio;Saxophone;2014;2014-04-14T18:24:11Z;1293267131;124.563.334;419.074.662;
ROMA;CITTA' METROPOLITANA DI ROMA CAPITALE;Lazio;Scholars Lounge;2015;2015-02-26T15:11:59Z;1253223527;124.799.884;418.962.458.999.999;
ROMA;CITTA' METROPOLITANA DI ROMA CAPITALE;Lazio;Scholars Lounge;2015;2015-02-26T15:11:59Z;1253223527;124.799.884;418.962.458.999.999;
ROMA;CITTA' METROPOLITANA DI ROMA CAPITALE;Lazio;Shelter Music Club;2015;2015-07-14T10:29:46Z;3650375591;125.485.988;419.494.795;
ROMA;CITTA' METROPOLITANA DI ROMA CAPITALE;Lazio;Shelter Music Club;2015;2015-07-14T10:29:46Z;3650375591;125.485.988;419.494.795;
ROMA;CITTA' METROPOLITANA DI ROMA CAPITALE;Lazio;Sott'an treno;2014;2014-12-02T08:21:51Z;3215390961;124.590.583;418.723.699.999.999;
ROMA;CITTA' METROPOLITANA DI ROMA CAPITALE;Lazio;Sott'an treno;2014;2014-12-02T08:21:51Z;3215390961;124.590.583;418.723.699.999.999;
ROMA;CITTA' METROPOLITANA DI ROMA CAPITALE;Lazio;Sottosopra Food Beer and Wine;2015;2015-07-30T10:27:12Z;3673165740;125.517.242;418.594.743;
ROMA;CITTA' METROPOLITANA DI ROMA CAPITALE;Lazio;Sottosopra Food Beer and Wine;2015;2015-07-30T10:27:12Z;3673165740;125.517.242;418.594.743;
ROMA;CITTA' METROPOLITANA DI ROMA CAPITALE;Lazio;Stay Rebel;2013;2013-08-11T21:15:58Z;1716791640;124.547.717;419.093.594;
ROMA;CITTA' METROPOLITANA DI ROMA CAPITALE;Lazio;Stay Rebel;2013;2013-08-11T21:15:58Z;1716791640;124.547.717;419.093.594;
ROMA;CITTA' METROPOLITANA DI ROMA CAPITALE;Lazio;Tam O'Shanter;2011;2011-11-23T18:05:07Z;1514398063;123.904.538;419.975.148.999.999;
ROMA;CITTA' METROPOLITANA DI ROMA CAPITALE;Lazio;Tam O'Shanter;2011;2011-11-23T18:05:07Z;1514398063;123.904.538;419.975.148.999.999;
ROMA;CITTA' METROPOLITANA DI ROMA CAPITALE;Lazio;TB&B;2014;2014-11-08T00:28:46Z;1234188666;124.498.342;419.093.459.999.999;
ROMA;CITTA' METROPOLITANA DI ROMA CAPITALE;Lazio;TB&B;2014;2014-11-08T00:28:46Z;1234188666;124.498.342;419.093.459.999.999;
ROMA;CITTA' METROPOLITANA DI ROMA CAPITALE;Lazio;Tennent's;2010;2010-09-18T10:53:14Z;916548811;124.455.733;419.667.874;
ROMA;CITTA' METROPOLITANA DI ROMA CAPITALE;Lazio;Tennent's;2010;2010-09-18T10:53:14Z;916548811;124.455.733;419.667.874;
ROMA;CITTA' METROPOLITANA DI ROMA CAPITALE;Lazio;the Apartment;2015;2015-10-17T19:02:19Z;3790634219;125.137.816;419.001.106.999.999;
ROMA;CITTA' METROPOLITANA DI ROMA CAPITALE;Lazio;the Apartment;2015;2015-10-17T19:02:19Z;3790634219;125.137.816;419.001.106.999.999;
ROMA;CITTA' METROPOLITANA DI ROMA CAPITALE;Lazio;The Place;2011;2011-08-14T14:32:48Z;1005384206;124.637.048;419.047.348;
ROMA;CITTA' METROPOLITANA DI ROMA CAPITALE;Lazio;The Place;2011;2011-08-14T14:32:48Z;1005384206;124.637.048;419.047.348;
ROMA;CITTA' METROPOLITANA DI ROMA CAPITALE;Lazio;Titanic;2012;2012-09-20T19:51:56Z;1924068009;125.289.167.999.999;419.387.077;
ROMA;CITTA' METROPOLITANA DI ROMA CAPITALE;Lazio;Titanic;2012;2012-09-20T19:51:56Z;1924068009;125.289.167.999.999;419.387.077;
ROMA;CITTA' METROPOLITANA DI ROMA CAPITALE;Lazio;Trinity College;2015;2015-11-10T20:03:39Z;1253235860;124.808.093;418.988.398.999.999;
ROMA;CITTA' METROPOLITANA DI ROMA CAPITALE;Lazio;Trinity College;2015;2015-11-10T20:03:39Z;1253235860;124.808.093;418.988.398.999.999;
ROMA;CITTA' METROPOLITANA DI ROMA CAPITALE;Lazio;Underdog's;2015;2015-11-14T21:43:27Z;3836420328;125.127.530.999.999;418.957.534.999.999;
ROMA;CITTA' METROPOLITANA DI ROMA CAPITALE;Lazio;Underdog's;2015;2015-11-14T21:43:27Z;3836420328;125.127.530.999.999;418.957.534.999.999;
ROMA;CITTA' METROPOLITANA DI ROMA CAPITALE;Lazio;Vini e Cucina Blasi;2016;2016-02-09T17:03:40Z;3781269001;124.764.444;418.967.780.999.999;
ROMA;CITTA' METROPOLITANA DI ROMA CAPITALE;Lazio;Vini e Cucina Blasi;2016;2016-02-09T17:03:40Z;3781269001;124.764.444;418.967.780.999.999;
ROMA;CITTA' METROPOLITANA DI ROMA CAPITALE;Lazio;Vini e Olii;2014;2014-09-14T09:24:45Z;566517017;12.524.452;418.893.132.999.999;
ROMA;CITTA' METROPOLITANA DI ROMA CAPITALE;Lazio;Vini e Olii;2014;2014-09-14T09:24:45Z;566517017;12.524.452;418.893.132.999.999;
ROMA;CITTA' METROPOLITANA DI ROMA CAPITALE;Lazio;Walla Walla;2012;2012-03-28T12:35:26Z;1694672840;125.216.675;418.074.931;
ROMA;CITTA' METROPOLITANA DI ROMA CAPITALE;Lazio;Walla Walla;2012;2012-03-28T12:35:26Z;1694672840;125.216.675;418.074.931;
SAN POLO DEI CAVALIERI;CITTA' METROPOLITANA DI ROMA CAPITALE;Lazio;;2014;2014-04-27T12:42:46Z;2820527494;127.931.416;420.303.467;
SAN POLO DEI CAVALIERI;CITTA' METROPOLITANA DI ROMA CAPITALE;Lazio;Il Castelletto;2012;2012-04-11T14:54:31Z;1711519604;128.402.300.999.999;420.111.752.999.999;
SANTA MARINELLA;CITTA' METROPOLITANA DI ROMA CAPITALE;Lazio;Monkey's pub;2014;2014-04-01T10:03:38Z;2411042632;118.635.985;420.351.409;
TIVOLI;CITTA' METROPOLITANA DI ROMA CAPITALE;Lazio;California;2015;2015-06-06T09:14:20Z;3576463143;127.977.612.999.999;419.628.634;
TIVOLI;CITTA' METROPOLITANA DI ROMA CAPITALE;Lazio;Eden Cassiano;2015;2015-06-14T12:25:47Z;3594310733;127.937.689;419.579.896.999.999;
TIVOLI;CITTA' METROPOLITANA DI ROMA CAPITALE;Lazio;Hibernian;2014;2014-11-19T11:38:33Z;3195401582;127.681.692;419.557.499;
TIVOLI;CITTA' METROPOLITANA DI ROMA CAPITALE;Lazio;Paninoteca da Pippo;2015;2015-04-09T14:22:10Z;3194881246;127.990.385;419.655.496.999.999;
VALMONTONE;CITTA' METROPOLITANA DI ROMA CAPITALE;Lazio;Guinnes;2011;2011-06-16T00:44:04Z;1294545918;129.138.179.999.999;417.756.952;
VELLETRI;CITTA' METROPOLITANA DI ROMA CAPITALE;Lazio;Casa & Bottega;2014;2014-10-14T21:58:16Z;2194629646;127.848.796;416.546.098;
VELLETRI;CITTA' METROPOLITANA DI ROMA CAPITALE;Lazio;Retro Cafè;2013;2013-05-06T07:38:44Z;2291665375;127.842.338;416.906.898;
CIAMPINO;CITTA' METROPOLITANA DI ROMA CAPITALE;Lazio;DUB'S;2012;2012-08-06T14:41:13Z;960601630;125.980.139;418.003.671.999.999;
SAN CESAREO;CITTA' METROPOLITANA DI ROMA CAPITALE;Lazio;;2013;2013-09-07T09:53:29Z;2449216895;127.604.136;418.389.576;
CORI;LATINA;Lazio;Da Zi Ciuffo;2012;2012-08-07T13:28:34Z;1855585747;129.087.055;416.436.841;
CORI;LATINA;Lazio;la cantinaccia;2012;2012-07-28T10:36:55Z;1841088026;128.747.203;416.862.441;
FONDI;LATINA;Lazio;Anti Papa;2013;2013-04-14T14:08:14Z;802369641;134.288.382;413.585.264;
FONDI;LATINA;Lazio;Bistrò;2012;2012-09-10T14:04:28Z;803016146;134.298.242;41.356.675;
FONDI;LATINA;Lazio;Brillo Parlante;2010;2010-11-27T01:21:05Z;945895520;13.436.581;413.590.706;
FONDI;LATINA;Lazio;Don Carlos;2014;2014-07-18T19:08:15Z;2969278042;134.281.735.999.999;413.580.676.999.999;
FONDI;LATINA;Lazio;Excalibur;2014;2014-03-15T15:00:14Z;701421704;134.347.144;413.523.025;
FONDI;LATINA;Lazio;Harem Food&drink;2013;2013-07-02T21:44:51Z;2371331245;134.273.272;413.596.621;
FONDI;LATINA;Lazio;Kairos;2015;2015-02-26T15:21:39Z;3373316644;134.293.677;413.601.251.999.999;
FONDI;LATINA;Lazio;Knulp;2010;2010-10-10T14:34:33Z;943997117;134.224.346;413.614.302;
FONDI;LATINA;Lazio;New Giurge's;2013;2013-03-26T10:42:34Z;1665909976;134.335.015;413.559.620.999.999;
FONDI;LATINA;Lazio;Red's Cafe;2013;2013-05-01T05:21:50Z;920329451;134.343.616;413.586.882;
FONDI;LATINA;Lazio;Royal Risto Pub;2014;2014-06-28T18:36:10Z;2485380075;134.367.119;413.515.550.999.999;
FONDI;LATINA;Lazio;South Dakota Pub Pizzeria;2016;2016-01-15T00:03:54Z;2411184283;134.277.427;413.327.687;
FONDI;LATINA;Lazio;Zio Benny;2013;2013-11-04T12:07:39Z;1458640020;134.272.838;413.581.724;
FORMIA;LATINA;Lazio;Birreria Morgana;2013;2013-06-03T13:17:28Z;2330582936;136.123.436;412.581.854;
FORMIA;LATINA;Lazio;Max Beer Garden;2013;2013-04-14T14:46:55Z;2267028223;136.590.288.999.999;412.558.074;
GAETA;LATINA;Lazio;Blues;2013;2013-03-26T10:06:43Z;2149452990;135.685.189;412.237.632;
GAETA;LATINA;Lazio;Kasa Incanto;2016;2016-01-15T00:03:50Z;2536400081;135.881.116;412.086.662;
GAETA;LATINA;Lazio;La Taverna di Mino;2015;2015-08-14T13:29:08Z;3696931832;135.629.909;41.215.411;
ITRI;LATINA;Lazio;Sound System;2014;2014-08-13T08:13:29Z;3013812391;135.316.724;412.902.311;
LATINA;LATINA;Lazio;;2010;2010-09-30T17:51:19Z;932050133;129.048.517.999.999;414.692.171;
LATINA;LATINA;Lazio;Base 23;2014;2014-08-06T17:57:59Z;2818013266;129.087.041;414.728.969;
LATINA;LATINA;Lazio;Sugo;2013;2013-04-05T12:29:39Z;2250394513;12.901.761;414.727.961.999.999;
MINTURNO;LATINA;Lazio;Lo Scoglio;2014;2014-05-29T13:52:57Z;2887218368;136.995.366;412.516.326;
PONTINIA;LATINA;Lazio;Old River;2012;2012-06-19T16:42:44Z;1794669270;130.435.915;414.141.708;
SPERLONGA;LATINA;Lazio;Altrò;2014;2014-11-09T17:34:39Z;2467156032;134.335.396;412.575.081;
SPERLONGA;LATINA;Lazio;Mudejar;2013;2013-08-02T14:55:16Z;1928814678;134.358.612;412.565.051.999.999;
SPIGNO SATURNIA;LATINA;Lazio;Der Keller;2015;2015-06-01T08:01:17Z;2069619837;137.112.125;412.786.823;
TERRACINA;LATINA;Lazio;Brave;2014;2014-07-05T09:19:05Z;838154408;132.370.947.999.999;412.855.417.999.999;
ALATRI;FROSINONE;Lazio;Birreria Klosterkeller;2012;2012-05-22T16:40:24Z;1762163908;133.420.377;417.266.905.999.999;
ANAGNI;FROSINONE;Lazio;Lofa Cafè;2012;2012-05-18T17:24:58Z;1757399271;131.512.954;417.459.769;
FERENTINO;FROSINONE;Lazio;The Bentley;2011;2011-12-09T14:58:35Z;1538222031;132.062.018;417.151.806.999.999;
FROSINONE;FROSINONE;Lazio;Penelope;2012;2012-09-22T19:02:15Z;1927756873;133.440.276;416.507.215.999.999;
SORA;FROSINONE;Lazio;Cocktail Pub;2013;2013-01-07T17:40:50Z;2100219965;136.068.785;417.210.255;
SORA;FROSINONE;Lazio;Down Town;2009;2009-07-27T16:25:55Z;449091969;135.989.928;417.185.667.999.999;
TREVI NEL LAZIO;FROSINONE;Lazio;;2012;2012-04-10T11:00:07Z;1709841728;132.446.508;418.630.355;
CASERTA;CASERTA;Campania;;2011;2011-01-05T23:59:09Z;1084571069;143.187.957;410.717.021;
GRICIGNANO DI AVERSA;CASERTA;Campania;Pub Nautilus;2011;2011-10-09T11:09:08Z;1440208793;1.423.581;409.849.778;
SESSA AURUNCA;CASERTA;Campania;L'Oasi dei Briganti;2012;2012-02-05T21:30:29Z;1480263608;138.859.507;412.630.643.999.999;
AIROLA;BENEVENTO;Campania;History Pub;2015;2015-04-16T10:14:14Z;3459084079;14.555.835;410.603.856.999.999;
PADULI;BENEVENTO;Campania;Pink Panter;2014;2014-07-03T16:25:01Z;32030942;148.848.062.999.999;41.167.796;
PADULI;BENEVENTO;Campania;Varietà;2014;2014-07-03T16:09:21Z;2946222322;148.913.543;411.634.754.999.999;
SAN NAZZARO;BENEVENTO;Campania;Mad House;2013;2013-08-07T10:56:03Z;2246051067;148.549.582;410.467.498;
AGEROLA;CITTA' METROPOLITANA DI NAPOLI;Campania;Pub 18;2013;2013-09-08T09:03:03Z;2450297430;145.673.916;406.257.428.999.999;
CASORIA;CITTA' METROPOLITANA DI NAPOLI;Campania;McDrive;2012;2012-06-11T20:22:28Z;1692170783;143.119.875;408.979.934.999.999;
CASTELLAMMARE DI STABIA;CITTA' METROPOLITANA DI NAPOLI;Campania;Maracanà - Irish Pub;2012;2012-02-14T12:36:43Z;1632653549;144.778.343;406.941.476;
FORIO;CITTA' METROPOLITANA DI NAPOLI;Campania;Grotta del vino;2014;2014-09-27T22:24:54Z;3099598334;138.616.641;407.152.244.999.999;
FRATTAMAGGIORE;CITTA' METROPOLITANA DI NAPOLI;Campania;Amadeus Disco Pub;2011;2011-11-06T09:51:38Z;1493100854;142.781.726;40.926.703;
ISCHIA;CITTA' METROPOLITANA DI NAPOLI;Campania;M9 Beer;2014;2014-05-05T12:42:01Z;1879132315;13.951.943;407.385.681;
NAPOLI;CITTA' METROPOLITANA DI NAPOLI;Campania;;2012;2012-06-29T10:46:04Z;1805965106;142.844.435;408.982.074.999.999;
NAPOLI;CITTA' METROPOLITANA DI NAPOLI;Campania;Big Pit;2013;2013-09-29T11:39:09Z;2476422277;142.309.284;408.522.250.999.999;
NAPOLI;CITTA' METROPOLITANA DI NAPOLI;Campania;Borgo Vittoria;2015;2015-04-28T16:46:40Z;3465921717;142.426.419;408.320.774.999.999;
NAPOLI;CITTA' METROPOLITANA DI NAPOLI;Campania;Haché;2015;2015-04-19T18:28:18Z;3465921719;142.426.634;408.316.208.999.999;
NAPOLI;CITTA' METROPOLITANA DI NAPOLI;Campania;Ham & Grill;2015;2015-09-25T10:21:02Z;3758688722;142.451.369;408.301.481;
NAPOLI;CITTA' METROPOLITANA DI NAPOLI;Campania;Norreys'Inn;2012;2012-06-19T08:00:01Z;1415292546;14.230.979;408.475.481.999.999;
NAPOLI;CITTA' METROPOLITANA DI NAPOLI;Campania;The Penny Black;2015;2015-04-19T18:33:40Z;3450477251;142.435.945;408.314.628.999.999;
NOLA;CITTA' METROPOLITANA DI NAPOLI;Campania;Nemo;2014;2014-05-20T17:34:17Z;1499756462;145.313.853;408.924.008.999.999;
PIANO DI SORRENTO;CITTA' METROPOLITANA DI NAPOLI;Campania;Bar Honda;2015;2015-05-15T20:27:28Z;3520613791;144.140.157;406.337.162;
PIANO DI SORRENTO;CITTA' METROPOLITANA DI NAPOLI;Campania;Il Tramonto;2015;2015-05-15T20:27:21Z;3520608131;144.032.462.999.999;406.387.565;
PIANO DI SORRENTO;CITTA' METROPOLITANA DI NAPOLI;Campania;O tabaccarro;2015;2015-05-15T20:27:22Z;3520604680;144.008.581;406.378.466;
POZZUOLI;CITTA' METROPOLITANA DI NAPOLI;Campania;;2013;2013-03-22T11:32:30Z;2214547495;14.123.441;408.277.415;
POZZUOLI;CITTA' METROPOLITANA DI NAPOLI;Campania;Madigan's Irish Pub;2014;2014-09-06T10:34:35Z;3062736991;141.257.673;408.247.523;
SAN GENNARO VESUVIANO;CITTA' METROPOLITANA DI NAPOLI;Campania;Morrigan's Irish Pub;2014;2014-04-10T16:58:52Z;1187560252;145.321.459;408.554.198;
SAN GIUSEPPE VESUVIANO;CITTA' METROPOLITANA DI NAPOLI;Campania;Thunder Pub;2011;2011-10-25T08:42:20Z;1480008371;144.880.163;408.334.039;
SANT'AGNELLO;CITTA' METROPOLITANA DI NAPOLI;Campania;Vip Bar;2015;2015-05-15T20:27:21Z;3520608129;143.979.476;406.342.617.999.999;
SOMMA VESUVIANA;CITTA' METROPOLITANA DI NAPOLI;Campania;Disco Pub Chicorey;2011;2011-12-29T13:09:34Z;1567162145;14.433.451;408.680.972;
SORRENTO;CITTA' METROPOLITANA DI NAPOLI;Campania;Music Bar;2012;2012-11-04T18:45:41Z;1997456490;143.845.372;406.291.225;
ANDRETTA;AVELLINO;Campania;;2012;2012-04-22T14:19:13Z;1726579147;153.259.773;40.934.669;
CALITRI;AVELLINO;Campania;Double Jack;2011;2011-12-06T21:02:42Z;815497412;154.154.898;409.106.582;
CALITRI;AVELLINO;Campania;Rendez-vous;2009;2009-02-22T09:54:08Z;301220593;154.263.637;409.058.791;
FRIGENTO;AVELLINO;Campania;;2013;2013-01-29T12:05:01Z;2133596803;151.195.199;410.008.151.999.999;
NUSCO;AVELLINO;Campania;Morgana;2012;2012-08-25T20:12:43Z;1883037061;150.847.846;408.856.810.999.999;
STURNO;AVELLINO;Campania;Tavola calda;2013;2013-07-17T11:46:18Z;2387369421;151.104.713;41.020.409;
MONTORO;AVELLINO;Campania;Almarica Cafè;2012;2012-07-31T14:50:48Z;1845453841;147.811.939.999.999;408.225.131;
ALBANELLA;SALERNO;Campania;Mikonos;2008;2008-03-27T14:17:14Z;254272908;15.117.412;404.777.722.999.999;
AMALFI;SALERNO;Campania;Gerry Risto-Pub;2013;2013-07-18T14:49:43Z;2388583022;145.925.238;406.374.258.999.999;
ANGRI;SALERNO;Campania;Kairos;2014;2014-12-28T10:17:28Z;3256352296;145.655.398;407.366.772;
ANGRI;SALERNO;Campania;Keep on Movin;2014;2014-12-20T01:48:36Z;3243367811;145.709.485;40.737.653;
ANGRI;SALERNO;Campania;Mmiez' 'e Sounds;2014;2014-12-19T20:38:07Z;3243372953;145.724.506;407.389.537;
ANGRI;SALERNO;Campania;O Kompà;2015;2015-01-04T01:11:32Z;3268264892;145.718.846;407.390.551;
BATTIPAGLIA;SALERNO;Campania;;2013;2013-04-23T06:52:30Z;2277986676;149.890.208;406.084.608.999.999;
CAMPAGNA;SALERNO;Campania;;2011;2011-01-14T13:30:54Z;1103219852;151.065.308.999.999;406.659.057.999.999;
CAMPAGNA;SALERNO;Campania;;2013;2013-05-09T17:53:52Z;1103219851;151.068.612;406.651.961;
CAVA DE' TIRRENI;SALERNO;Campania;;2014;2014-10-17T08:45:24Z;3134770036;147.068.939;40.700.324;
CAVA DE' TIRRENI;SALERNO;Campania;;2014;2014-10-17T08:49:00Z;3134774855;14.708.125;407.019.894;
CAVA DE' TIRRENI;SALERNO;Campania;;2014;2014-10-17T08:58:37Z;3134778816;147.072.238;406.983.739;
FISCIANO;SALERNO;Campania;;2012;2012-08-03T14:38:37Z;1849986129;147.638.025;407.808.964;
FISCIANO;SALERNO;Campania;Bishop Pub;2015;2015-10-23T20:21:50Z;3799849213;147.850.205.999.999;407.621.826.999.999;
FISCIANO;SALERNO;Campania;El Bodeguero;2014;2014-09-17T10:11:39Z;3081521023;147.865.164.999.999;407.633.809;
MERCATO SAN SEVERINO;SALERNO;Campania;Al Boschetto;2012;2012-08-01T12:28:29Z;1846803437;147.512.206;407.841.846.999.999;
NOCERA INFERIORE;SALERNO;Campania;Bad Bros;2014;2014-12-23T01:51:46Z;3248687204;146.379.611;407.436.757.999.999;
NOCERA INFERIORE;SALERNO;Campania;Made in B;2015;2015-09-16T08:00:30Z;3745147081;1.463.887;407.429.934.999.999;
NOCERA INFERIORE;SALERNO;Campania;Plan de Fuga;2014;2014-12-06T08:10:37Z;3221316330;146.402.021.999.999;407.422.313;
NOCERA INFERIORE;SALERNO;Campania;Puteca;2014;2014-11-07T15:16:48Z;3172361542;146.516.085;407.397.986;
NOCERA INFERIORE;SALERNO;Campania;Salotto;2014;2014-12-23T01:38:47Z;3248681668;146.385.752.999.999;407.430.986.999.999;
NOCERA INFERIORE;SALERNO;Campania;The Clover - Irish Pub;2014;2014-11-07T14:59:35Z;3172326035;146.367.207;407.460.521;
SALERNO;SALERNO;Campania;Dubhlinn Irish Pub;2015;2015-02-01T18:45:58Z;3325803881;14.781.855;406.721.805;
SANZA;SALERNO;Campania;;2012;2012-04-13T00:45:17Z;1713498594;155.513.425;402.421.648.999.999;
SANZA;SALERNO;Campania;;2012;2012-04-13T00:45:18Z;1713498599;155.513.486;402.421.985;
SANZA;SALERNO;Campania;;2012;2012-04-13T00:45:18Z;1713498612;155.528.289;402.448.275;
SANZA;SALERNO;Campania;Bar Napoli;2012;2012-04-13T00:45:15Z;1713498559;155.524.530.999.999;402.442.319.999.999;
VIBONATI;SALERNO;Campania;;2011;2011-10-01T07:07:31Z;1450326108;155.898.717.999.999;400.758.043;
ANVERSA DEGLI ABRUZZI;L'AQUILA;Abruzzo;;2015;2015-10-08T17:17:59Z;3778474211;138.141.034;419.829.116;
ANVERSA DEGLI ABRUZZI;L'AQUILA;Abruzzo;;2015;2015-10-08T17:21:36Z;3778440665;13.803.563;419.941.662;
CAMPO DI GIOVE;L'AQUILA;Abruzzo;Cutty Sark;2011;2011-05-09T22:20:59Z;446735330;140.442.628;420.107.183;
L'AQUILA;L'AQUILA;Abruzzo;;2015;2015-03-26T00:09:44Z;2757853385;134.155.652;423.541.437;
L'AQUILA;L'AQUILA;Abruzzo;All Beers;2015;2015-07-26T22:11:00Z;3667828403;133.944.764;423.564.841.999.999;
L'AQUILA;L'AQUILA;Abruzzo;Cavalcante;2011;2011-07-16T23:12:33Z;1363934163;134.942.727.999.999;423.899.061.999.999;
L'AQUILA;L'AQUILA;Abruzzo;Circolo ARCI Querencia;2010;2010-08-31T07:20:38Z;890033812;133.611.903;423.663.223;
L'AQUILA;L'AQUILA;Abruzzo;River;2011;2011-07-16T23:05:59Z;1363932277;13.471.639;423.610.049.999.999;
L'AQUILA;L'AQUILA;Abruzzo;The Corner Pub;2015;2015-07-26T22:11:01Z;3667828408;133.991.412;423.568.982.999.999;
ROCCACASALE;L'AQUILA;Abruzzo;;2015;2015-10-08T17:37:40Z;3778493475;13.888.123;421.236.208.999.999;
ATRI;TERAMO;Abruzzo;;2013;2013-06-07T14:57:01Z;2335439898;13.980.287;426.171.022.999.999;
CONTROGUERRA;TERAMO;Abruzzo;;2009;2009-10-30T16:30:12Z;546508522;138.218.495;428.544.552.999.999;
CONTROGUERRA;TERAMO;Abruzzo;Bar;2015;2015-02-01T20:00:12Z;546508496;138.161.787.999.999;42.855.246;
CONTROGUERRA;TERAMO;Abruzzo;Bar dello Sport;2009;2009-10-30T16:40:46Z;546508484;138.199.118;428.558.147.999.999;
CONTROGUERRA;TERAMO;Abruzzo;Bar Ricchit;2009;2009-10-30T16:40:47Z;546508473;138.192.659;428.557.455.999.999;
GIULIANOVA;TERAMO;Abruzzo;Beat;2010;2010-11-28T09:21:09Z;1010441619;139.575.952.999.999;427.509.153;
ROSETO DEGLI ABRUZZI;TERAMO;Abruzzo;Ludwig;2014;2014-12-17T19:09:18Z;1482089152;140.252.356;426.642.269;
SILVI;TERAMO;Abruzzo;Murphy's Irish Pub;2011;2011-05-05T08:56:16Z;1272898204;141.043.536;425.665.623;
TERAMO;TERAMO;Abruzzo;James Joyce;2016;2016-01-23T10:12:47Z;2474203288;137.015.284;42.664.884;
TERAMO;TERAMO;Abruzzo;Liverpool Pub;2011;2011-07-15T20:48:35Z;1363062713;136.996.784.999.999;426.568.814;
TERAMO;TERAMO;Abruzzo;Master Club;2013;2013-10-05T10:40:24Z;2483393953;137.243.049.999.999;426.636.336.999.999;
TERAMO;TERAMO;Abruzzo;Scacco malto;2014;2014-12-02T12:15:36Z;2474200345;137.034.637;426.592.678;
TERAMO;TERAMO;Abruzzo;White Wolf;2011;2011-07-15T20:50:33Z;1363063820;13.702.066;426.589.881;
TORRICELLA SICURA;TERAMO;Abruzzo;Il locale;2014;2014-05-11T10:10:38Z;2850085494;136.515.514;426.550.836.999.999;
MANOPPELLO;PESCARA;Abruzzo;Beer House;2013;2013-01-14T16:51:17Z;1483714525;140.596.045;423.070.704;
MANOPPELLO;PESCARA;Abruzzo;La Luna Nel Pozzo;2014;2014-04-11T12:24:17Z;1780691872;140.550.543;423.093.215.999.999;
MONTESILVANO;PESCARA;Abruzzo;Anni 60;2013;2013-03-29T11:48:48Z;365307443;141.491.976;425.155.847.999.999;
MONTESILVANO;PESCARA;Abruzzo;Batch;2010;2010-06-09T08:37:52Z;249426577;141.679.841;424.982.823;
MONTESILVANO;PESCARA;Abruzzo;Bi-jou;2012;2012-03-30T22:12:33Z;1698646322;141.393.357;424.915.505.999.999;
MONTESILVANO;PESCARA;Abruzzo;Mix;2012;2012-03-25T13:34:11Z;423157398;141.719.297;424.959.393.999.999;
MONTESILVANO;PESCARA;Abruzzo;One & Co.;2012;2012-07-17T19:24:57Z;249428463;141.510.953;425.159.515;
MONTESILVANO;PESCARA;Abruzzo;Rincon Latino;2010;2010-05-02T14:17:17Z;308679227;141.667.272;425.086.505;
MONTESILVANO;PESCARA;Abruzzo;St. Pauli;2010;2010-05-04T21:09:57Z;249427997;141.709.023.999.999;425.064.274;
MONTESILVANO;PESCARA;Abruzzo;Utopia;2013;2013-09-05T07:01:01Z;249428915;141.550.914;425.088.013;
PENNE;PESCARA;Abruzzo;Don Chisciotte;2007;2007-11-10T00:32:57Z;54196523;139.300.438.999.999;42.456.608;
PENNE;PESCARA;Abruzzo;Gianpy's Pub;2010;2010-06-11T08:22:15Z;54196515;139.249.247.999.999;424.554.831;
PESCARA;PESCARA;Abruzzo;Temple Bar;2013;2013-03-30T07:54:42Z;249427296;142.036.167;424.733.056.999.999;
PESCARA;PESCARA;Abruzzo;Tilly;2014;2014-02-13T14:50:46Z;249430721;142.271.272;424.527.456;
SPOLTORE;PESCARA;Abruzzo;Desmond Brew Pub;2012;2012-07-15T08:55:24Z;1826032983;141.449.362;42.416.088;
TOCCO DA CASAURIA;PESCARA;Abruzzo;La Quiete;2013;2013-02-23T17:26:05Z;2169124225;138.897.232;422.043.431.999.999;
TOCCO DA CASAURIA;PESCARA;Abruzzo;Shamrock Irish Pub;2015;2015-07-28T08:09:13Z;3669804938;139.124.087;422.127.735.999.999;
CHIETI;CHIETI;Abruzzo;Fixio;2011;2011-11-21T09:05:37Z;1511316471;14.168.825;4.234.924;
CHIETI;CHIETI;Abruzzo;St. James Irish Pub;2012;2012-11-02T21:03:32Z;1515976978;141.686.324;423.534.091;
FRANCAVILLA AL MARE;CHIETI;Abruzzo;Siren's Corner;2013;2013-06-12T12:28:21Z;432860145;142.925.386;424.201.729.999.999;
FRANCAVILLA AL MARE;CHIETI;Abruzzo;Stozza'n'Beer;2010;2010-09-07T11:58:00Z;900745172;14.253.499;424.439.959.999.999;
FRANCAVILLA AL MARE;CHIETI;Abruzzo;The Underground Pub;2010;2010-09-07T11:32:25Z;900708826;142.639.739.999.999;4.243.656;
GUARDIAGRELE;CHIETI;Abruzzo;Red Lion Pub;2014;2014-03-02T21:08:55Z;2696457476;142.191.211;421.971.127.999.999;
VASTO;CHIETI;Abruzzo;The Docker's;2009;2009-12-21T22:37:58Z;597890782;147.085.079;421.158.951.999.999;
BOJANO;CAMPOBASSO;Molise;Circolo Nebbia;2015;2015-08-24T19:49:21Z;3389688789;14.470.765;4.148.232;
CAMPOBASSO;CAMPOBASSO;Molise;Blow-Up café;2014;2014-07-30T21:25:35Z;2988514483;146.552.636;415.576.681;
CAMPOBASSO;CAMPOBASSO;Molise;Pulp;2014;2014-02-19T21:52:20Z;2672544501;146.574.724;415.535.138.999.999;
CANDELA;FOGGIA;Puglia;Bar White;2013;2013-05-20T13:22:18Z;2312964898;155.139.049;411.349.895.999.999;
CERIGNOLA;FOGGIA;Puglia;Kebab;2012;2012-01-22T13:24:31Z;720925467;158.979.050.999.999;412.658.958.999.999;
CERIGNOLA;FOGGIA;Puglia;Pilsner Legend;2016;2016-01-17T09:44:39Z;1504389942;158.974.657;412.622.634;
CERIGNOLA;FOGGIA;Puglia;Safarà;2012;2012-01-25T19:17:11Z;720924636;158.978.810.999.999;412.657.709;
CERIGNOLA;FOGGIA;Puglia;Supper Club;2012;2012-01-22T13:24:33Z;720924372;158.978.603;412.656.333.999.999;
DELICETO;FOGGIA;Puglia;Il Normanno;2013;2013-04-28T18:35:31Z;2284728596;153.885.912;412.221.191;
DELICETO;FOGGIA;Puglia;New Country;2013;2013-04-28T18:35:31Z;2284728599;153.862;412.230.956;
FOGGIA;FOGGIA;Puglia;Hacuna Matata;2011;2011-11-28T21:40:53Z;1521919280;155.443.476;414.645.522;
FOGGIA;FOGGIA;Puglia;The Brass Lion Pub;2012;2012-09-18T10:26:17Z;1919926096;155.594.748;414.557.409;
LESINA;FOGGIA;Puglia;Barrett Pub;2014;2014-07-02T00:40:08Z;2942792705;153.501.346;418.645.818.999.999;
BARI;CITTA' METROPOLITANA DI BARI;Puglia;;2012;2012-04-28T08:47:01Z;1733865031;168.911.759;411.116.827.999.999;
BARI;CITTA' METROPOLITANA DI BARI;Puglia;;2015;2015-04-24T15:45:56Z;3475140097;168.783.649.999.999;411.029.424.999.999;
BARI;CITTA' METROPOLITANA DI BARI;Puglia;;2016;2016-01-20T19:38:30Z;1939345798;168.713.325.999.999;411.272.114;
BARI;CITTA' METROPOLITANA DI BARI;Puglia;Bilabì;2016;2016-02-21T21:43:10Z;3475152623;168.799.274;411.057.124;
BARI;CITTA' METROPOLITANA DI BARI;Puglia;Blu Ice;2014;2014-10-01T19:47:40Z;3106006542;168.743.534;411.150.130.999.999;
BARI;CITTA' METROPOLITANA DI BARI;Puglia;Bourbon Street;2012;2012-10-30T09:07:11Z;1668430326;168.643.810.999.999;411.165.341;
BARI;CITTA' METROPOLITANA DI BARI;Puglia;Ciclatera;2013;2013-09-28T10:00:09Z;2121335427;168.693.923.999.999;411.274.499;
BARI;CITTA' METROPOLITANA DI BARI;Puglia;ekoiné;2015;2015-12-04T14:32:41Z;3876339793;168.637.537;411.077.124.999.999;
BARI;CITTA' METROPOLITANA DI BARI;Puglia;Havana;2012;2012-01-13T14:17:41Z;1588362415;168.849.486.999.999;411.003.639.999.999;
BARI;CITTA' METROPOLITANA DI BARI;Puglia;Il Fafarulo;2011;2011-12-06T14:09:41Z;648409854;168.617.418;411.053.995.999.999;
BARI;CITTA' METROPOLITANA DI BARI;Puglia;Il Pellicano;2013;2013-02-24T09:35:55Z;2170869760;168.780.427.999.999;411.118.955.999.999;
BARI;CITTA' METROPOLITANA DI BARI;Puglia;Il Pellicano;2015;2015-04-22T21:30:33Z;3472125751;168.773.471.999.999;410.949.689.999.999;
BARI;CITTA' METROPOLITANA DI BARI;Puglia;La Taverna del Maltese;2016;2016-01-20T19:08:35Z;3105989511;168.663.622;411.212.598.999.999;
BARI;CITTA' METROPOLITANA DI BARI;Puglia;NOISE;2015;2015-12-05T12:01:49Z;3878195743;168.646.588;411.158.465;
BARI;CITTA' METROPOLITANA DI BARI;Puglia;Nordwind;2011;2011-11-05T18:44:24Z;1492612090;168.860.171;411.084.633.999.999;
BARI;CITTA' METROPOLITANA DI BARI;Puglia;Oktoberfest;2012;2012-04-13T14:53:23Z;1714507438;168.514.178;41.098.263;
BARI;CITTA' METROPOLITANA DI BARI;Puglia;Storie del Vecchio Sud;2016;2016-01-23T14:27:53Z;1828378542;168.706.467.999.999;411.131.195;
BARI;CITTA' METROPOLITANA DI BARI;Puglia;Stuart;2012;2012-01-29T10:07:02Z;1609975545;168.862.823.999.999;411.189.308;
BARI;CITTA' METROPOLITANA DI BARI;Puglia;Taverna Vecchia del Maltese;2012;2012-10-28T15:13:48Z;1611643605;168.524.108;411.227.293.999.999;
BARI;CITTA' METROPOLITANA DI BARI;Puglia;Terra Di Mezzo;2012;2012-10-28T14:57:22Z;1581048184;168.633.752;411.148.634.999.999;
BARI;CITTA' METROPOLITANA DI BARI;Puglia;Tropicana Caribbean Pub;2011;2011-10-28T15:40:26Z;1483634361;168.618.771.999.999;411.161.122.999.999;
BITONTO;CITTA' METROPOLITANA DI BARI;Puglia;Bonum Totum;2013;2013-03-29T10:11:28Z;1626711582;166.913.079.999.999;411.072.457;
BITONTO;CITTA' METROPOLITANA DI BARI;Puglia;Corvotorvo;2012;2012-12-22T09:08:15Z;2078394695;166.922.746;411.064.237;
BITONTO;CITTA' METROPOLITANA DI BARI;Puglia;Solito Posto;2015;2015-01-04T13:07:36Z;2467303807;166.912.972.999.999;4.110.717;
CASAMASSIMA;CITTA' METROPOLITANA DI BARI;Puglia;Crazy Bull;2013;2013-08-20T23:56:00Z;1634080445;169.265.638;409.709.362.999.999;
CASTELLANA GROTTE;CITTA' METROPOLITANA DI BARI;Puglia;Felix;2013;2013-06-15T08:51:48Z;2345279722;171.692.542;408.837.917;
CORATO;CITTA' METROPOLITANA DI BARI;Puglia;Agapè;2010;2010-02-14T18:00:08Z;585211047;164.101.678;411.538.315.999.999;
CORATO;CITTA' METROPOLITANA DI BARI;Puglia;Bar Commercio;2010;2010-02-01T10:56:29Z;585211053;164.117.967;411.542.851;
CORATO;CITTA' METROPOLITANA DI BARI;Puglia;Caffè degli Artisti;2010;2010-02-01T10:51:14Z;585211117;16.411.204;411.534.448;
CORATO;CITTA' METROPOLITANA DI BARI;Puglia;Caffè Duomo;2010;2010-01-30T19:54:32Z;585211042;164.107.884.999.999;411.516.621.999.999;
CORATO;CITTA' METROPOLITANA DI BARI;Puglia;Doppio Senso;2009;2009-12-08T22:43:25Z;568838887;164.115.414.999.999;411.558.347;
CORATO;CITTA' METROPOLITANA DI BARI;Puglia;Luchetto;2010;2010-02-10T10:34:32Z;585211043;164.123.641.999.999;411.514.073;
CORATO;CITTA' METROPOLITANA DI BARI;Puglia;Modì;2009;2009-12-10T16:55:24Z;585211116;164.111.017;411.532.133.999.999;
CORATO;CITTA' METROPOLITANA DI BARI;Puglia;Shaday;2010;2010-01-30T11:09:33Z;585211097;164.119.111.999.999;411.531.572.999.999;
CORATO;CITTA' METROPOLITANA DI BARI;Puglia;Strigno;2010;2010-12-31T15:27:21Z;1075419007;164.108.699;411.533.425;
CORATO;CITTA' METROPOLITANA DI BARI;Puglia;Zinnanà;2009;2009-12-09T00:04:51Z;581850939;164.126.948;411.556.085;
GIOVINAZZO;CITTA' METROPOLITANA DI BARI;Puglia;;2014;2014-03-14T10:02:21Z;2716932740;166.705.438.999.999;411.870.309;
GIOVINAZZO;CITTA' METROPOLITANA DI BARI;Puglia;;2014;2014-03-14T10:02:22Z;2716932794;166.747.757.999.999;41.188.907;
GIOVINAZZO;CITTA' METROPOLITANA DI BARI;Puglia;;2014;2014-03-14T10:02:22Z;2716932803;166.744.397.999.999;41.189.256;
GIOVINAZZO;CITTA' METROPOLITANA DI BARI;Puglia;Ecclesia;2014;2014-03-14T10:02:21Z;2716932691;166.746.954;411.884.402;
GIOVINAZZO;CITTA' METROPOLITANA DI BARI;Puglia;London Pub;2015;2015-10-09T10:03:50Z;1909609740;166.720.636.999.999;411.854.897.999.999;
GIOVINAZZO;CITTA' METROPOLITANA DI BARI;Puglia;Prince Pub;2014;2014-03-14T10:02:24Z;1320567117;166.714.179;411.872.212;
MOLFETTA;CITTA' METROPOLITANA DI BARI;Puglia;Asterix;2012;2012-04-18T07:47:58Z;1721534446;165.974.235.999.999;411.972.765;
MOLFETTA;CITTA' METROPOLITANA DI BARI;Puglia;Baraka;2014;2014-04-01T09:10:20Z;1961127036;165.999.757.999.999;412.049.518.999.999;
MOLFETTA;CITTA' METROPOLITANA DI BARI;Puglia;Black Bart;2014;2014-03-30T14:10:47Z;2304774579;165.898.086;412.050.707;
MOLFETTA;CITTA' METROPOLITANA DI BARI;Puglia;Corso Dante;2013;2013-04-26T07:16:48Z;1631093588;165.986.949.999.999;412.046.628;
MOLFETTA;CITTA' METROPOLITANA DI BARI;Puglia;Isabella Gonzaga;2013;2013-03-18T18:09:28Z;2208650603;165.985.827.999.999;412.055.573.999.999;
MOLFETTA;CITTA' METROPOLITANA DI BARI;Puglia;La Pinta;2014;2014-02-18T12:40:35Z;1684601072;165.957.201;412.042.756;
MOLFETTA;CITTA' METROPOLITANA DI BARI;Puglia;Supersantos beershop;2013;2013-10-05T18:53:49Z;2394569097;166.007.062;412.050.417.999.999;
MOLFETTA;CITTA' METROPOLITANA DI BARI;Puglia;Swing Pub;2013;2013-03-29T10:11:33Z;1732736786;166.057.102.999.999;411.990.428;
MOLFETTA;CITTA' METROPOLITANA DI BARI;Puglia;The Beatles Pub;2012;2012-03-09T08:24:32Z;1666863802;166.071.093;412.014.933;
MOLFETTA;CITTA' METROPOLITANA DI BARI;Puglia;VidaLoca;2013;2013-05-02T11:05:41Z;2281788339;165.972.997.999.999;412.048.852;
POGGIORSINI;CITTA' METROPOLITANA DI BARI;Puglia;Roxy Bar;2011;2011-09-26T10:02:17Z;1446106261;162.671.128;409.346.265;
POLIGNANO A MARE;CITTA' METROPOLITANA DI BARI;Puglia;Begula Cafè;2014;2014-11-09T15:33:17Z;878386881;172.191.563.999.999;409.954.613;
POLIGNANO A MARE;CITTA' METROPOLITANA DI BARI;Puglia;Giubbe Rosse;2015;2015-06-09T12:21:48Z;1821611481;172.184.148;409.956.327;
POLIGNANO A MARE;CITTA' METROPOLITANA DI BARI;Puglia;Infermento;2015;2015-03-11T17:54:12Z;3394088666;172.205.386.999.999;409.959.052.999.999;
POLIGNANO A MARE;CITTA' METROPOLITANA DI BARI;Puglia;Millenium;2014;2014-11-09T15:30:33Z;862782621;172.202.170.999.999;409.962.716;
RUVO DI PUGLIA;CITTA' METROPOLITANA DI BARI;Puglia;Il Sottano;2012;2012-11-17T09:26:35Z;2017868843;164.878.371;411.151.338.999.999;
RUVO DI PUGLIA;CITTA' METROPOLITANA DI BARI;Puglia;Prius Pub;2012;2012-10-17T09:34:58Z;1969566704;164.870.817;411.157.854;
SAMMICHELE DI BARI;CITTA' METROPOLITANA DI BARI;Puglia;Energy;2013;2013-08-31T11:22:20Z;2393726734;169.479.530.999.999;408.832.619;
TERLIZZI;CITTA' METROPOLITANA DI BARI;Puglia;;2012;2012-08-18T09:50:40Z;1871095490;165.529.966;411.269.537;
TERLIZZI;CITTA' METROPOLITANA DI BARI;Puglia;Bloody Mary;2011;2011-05-26T08:28:50Z;1300475386;165.425.496.999.999;411.302.281.999.999;
TERLIZZI;CITTA' METROPOLITANA DI BARI;Puglia;Boutique della bottiglia;2011;2011-06-27T19:00:49Z;1341500797;165.424.177;411.311.080.999.999;
TERLIZZI;CITTA' METROPOLITANA DI BARI;Puglia;Caminito;2014;2014-02-02T01:39:50Z;1333258180;165.407.626.999.999;411.294.801;
TERLIZZI;CITTA' METROPOLITANA DI BARI;Puglia;Drum & Bar;2010;2010-09-22T11:04:03Z;353714857;165.485.246;411.306.549;
TERLIZZI;CITTA' METROPOLITANA DI BARI;Puglia;Kent;2013;2013-09-15T07:48:08Z;2459014904;165.398.615;411.295.657;
AVETRANA;TARANTO;Puglia;;2011;2011-01-21T00:11:17Z;1112463802;177.296.808;403.508.087;
CRISPIANO;TARANTO;Puglia;Citt e mang;2015;2015-11-27T20:48:18Z;3863564739;172.285.974.999.999;406.064.761;
CRISPIANO;TARANTO;Puglia;Citt & mmang;2014;2014-03-16T06:56:14Z;1708800071;172.285.132.999.999;406.068.926;
MASSAFRA;TARANTO;Puglia;Jakana;2011;2011-09-27T12:30:40Z;1446949160;171.177.165;405.913.946;
MASSAFRA;TARANTO;Puglia;New Magazine Disco Pub;2011;2011-08-28T00:29:09Z;1415546351;171.105.498.999.999;405.862.022;
SAVA;TARANTO;Puglia;Red Lion;2016;2016-02-06T12:56:49Z;3991884252;175.671.393;404.028.433;
CISTERNINO;BRINDISI;Puglia;PHARMACY BAR;2015;2015-12-15T11:32:26Z;3891341315;174.243.965;407.419.226;
OSTUNI;BRINDISI;Puglia;Braceria;2010;2010-10-11T11:15:35Z;945018664;17.580.221;407.346.221.999.999;
CARPIGNANO SALENTINO;LECCE;Puglia;;2011;2011-11-24T21:53:29Z;1515962443;183.346.561;401.913.745;
CASARANO;LECCE;Puglia;Chaplin Pub;2014;2014-12-08T20:43:50Z;3225556364;181.614.088;400.170.457.999.999;
CASARANO;LECCE;Puglia;Marabà;2012;2012-09-11T16:44:51Z;1910166180;181.557.743.999.999;400.193.239.999.999;
GALATINA;LECCE;Puglia;Pub La Staffa;2013;2013-02-25T13:45:18Z;2172130187;181.720.741;401.754.266;
GALLIPOLI;LECCE;Puglia;Il Baccante;2015;2015-08-07T21:42:23Z;2458538828;179.918.362.999.999;400.558.495;
LECCE;LECCE;Puglia;Bluebeat Bar;2015;2015-08-12T09:27:20Z;3274251713;181.636.405;403.516.881.999.999;
LECCE;LECCE;Puglia;Caledonia Tavern;2015;2015-06-04T22:44:22Z;2379916164;181.767.347;40.354.294;
LECCE;LECCE;Puglia;Celtic Pub;2015;2015-01-30T07:26:52Z;473555590;1.818.488;403.537.833.999.999;
LECCE;LECCE;Puglia;La Cantina delle Streghe;2014;2014-11-09T15:25:46Z;1936074574;181.658.344;403.515.816;
LECCE;LECCE;Puglia;Malibù;2015;2015-09-28T06:04:46Z;871774198;181.774.382.999.999;403.561.114;
LECCE;LECCE;Puglia;Orient Express;2015;2015-08-12T10:47:32Z;2856000135;181.686.647.999.999;403.536.501;
LECCE;LECCE;Puglia;Prophet Pub;2016;2016-01-12T23:22:55Z;1762277610;181.752.471;40.359.509;
LECCE;LECCE;Puglia;RossoDivino;2012;2012-06-18T19:05:13Z;1793498795;181.906.311.999.999;403.562.152;
LECCE;LECCE;Puglia;Tennent's Grill;2015;2015-06-04T21:31:54Z;3573174740;181.574.050.999.999;403.605.403.999.999;
LEQUILE;LECCE;Puglia;EuropaPub;2014;2014-03-08T08:52:25Z;2706700929;181.379.127.999.999;402.972.685;
MAGLIE;LECCE;Puglia;Lulu's;2015;2015-06-12T12:28:50Z;3589803459;182.942.323;401.175.234;
MELENDUGNO;LECCE;Puglia;Babilonia;2014;2014-03-01T23:57:39Z;871838630;184.445.769;402.548.360.999.999;
TRICASE;LECCE;Puglia;I Frany;2015;2015-01-04T08:37:41Z;3268494061;183.604.889;399.320.816.999.999;
BARAGIANO;POTENZA;Basilicata;SoleLuna;2014;2014-03-19T16:33:12Z;2727194405;155.761.758;40.692.624;
NEMOLI;POTENZA;Basilicata;Exedra Disco Pub;2014;2014-07-08T15:42:19Z;2954440550;158.103.681.999.999;400.922.676;
PIETRAGALLA;POTENZA;Basilicata;La Saittera;2015;2015-12-19T22:18:49Z;3900618001;158.805.850.999.999;407.476.845.999.999;
POTENZA;POTENZA;Basilicata;;2015;2015-09-20T18:31:16Z;3751910625;15.793.362;40.649.827;
POTENZA;POTENZA;Basilicata;Globlins;2015;2015-09-14T18:37:18Z;3743170225;1.580.199;4.063.843;
POTENZA;POTENZA;Basilicata;I 2 boccali;2015;2015-07-13T07:56:43Z;3648430415;15.807.333;406.562.169.999.999;
SAN SEVERINO LUCANO;POTENZA;Basilicata;Bar Cataldi;2014;2014-09-24T15:54:37Z;426160375;161.371.287;40.021.638;
SAN SEVERINO LUCANO;POTENZA;Basilicata;Einsiedeln;2014;2014-09-24T15:54:37Z;426163021;161.359.795.999.999;400.220.770.999.999;
SPINOSO;POTENZA;Basilicata;Hard Rock Caffè;2013;2013-06-18T15:31:20Z;2351303460;159.663.837;402.704.919;
TERRANOVA DI POLLINO;POTENZA;Basilicata;Bar 007;2009;2009-06-20T11:43:35Z;426792894;162.974.196;399.776.377.999.999;
TERRANOVA DI POLLINO;POTENZA;Basilicata;Da Pietro;2009;2009-06-20T11:43:35Z;426792882;162.971.621;399.780.851;
TERRANOVA DI POLLINO;POTENZA;Basilicata;Le Rose;2010;2010-11-22T19:15:23Z;426790073;162.963.646;399.791.425;
VIGGIANELLO;POTENZA;Basilicata;;2009;2009-06-20T02:10:52Z;426182954;161.379.176.999.999;400.060.684.999.999;
VIGGIANELLO;POTENZA;Basilicata;;2011;2011-06-19T15:51:45Z;1330960607;160.852.401;399.737.458;
VIGGIANELLO;POTENZA;Basilicata;;2011;2011-06-21T16:29:57Z;1330960616;160.858.087;399.729.975.999.999;
MATERA;MATERA;Basilicata;;2015;2015-04-21T11:48:25Z;3469344701;166.097.876.999.999;406.603.716.999.999;
MATERA;MATERA;Basilicata;La Focagna;2013;2013-10-31T10:12:02Z;2506843546;166.096.362;406.637.611;
PISTICCI;MATERA;Basilicata;Night&Day;2013;2013-12-20T00:19:21Z;1762641873;165.569.676;403.901.131;
PISTICCI;MATERA;Basilicata;Universal Pub;2013;2013-12-20T00:19:21Z;1762641865;165.566.190.999.999;403.900.531.999.999;
TRICARICO;MATERA;Basilicata;;2016;2016-01-02T12:25:32Z;3923409085;161.471.284;406.217.259;
TRICARICO;MATERA;Basilicata;;2016;2016-01-06T10:59:40Z;3930156330;161.501.291.999.999;406.173.379.999.999;
TRICARICO;MATERA;Basilicata;;2016;2016-01-19T12:32:12Z;3955071608;161.485.136;406.191.055;
CASTROVILLARI;COSENZA;Calabria;;2014;2014-03-07T11:17:50Z;2705393846;161.998.725;398.144.807.999.999;
COSENZA;COSENZA;Calabria;Blow;2011;2011-08-29T00:42:59Z;1416766088;162.534.193;393.137.131;
COSENZA;COSENZA;Calabria;Jazz Cafè;2011;2011-08-23T01:06:50Z;1409259713;162.543.198.999.999;393.009.781;
RENDE;COSENZA;Calabria;;2014;2014-10-14T09:32:50Z;3128984617;162.280.091.999.999;393.332.206.999.999;
RENDE;COSENZA;Calabria;B-side;2011;2011-08-23T01:37:35Z;1409279237;162.386.933;393.345.362;
RENDE;COSENZA;Calabria;Hamburgeria Eataly;2014;2014-04-01T15:50:53Z;2758554044;162.469.776;393.401.694;
RENDE;COSENZA;Calabria;La Birraccia;2014;2014-10-14T09:32:09Z;3128968793;162.408.624;393.337.020.999.999;
RENDE;COSENZA;Calabria;La Pinta;2015;2015-12-10T12:45:17Z;3164269842;162.429.674.999.999;393.356.298;
RENDE;COSENZA;Calabria;West Pub;2011;2011-10-27T22:02:47Z;996912495;162.424.202;393.540.627;
SAN DEMETRIO CORONE;COSENZA;Calabria;Aldebaran;2015;2015-12-19T00:07:53Z;3899097133;163.609.535;395.695.428;
SAN DEMETRIO CORONE;COSENZA;Calabria;Fusion Pub;2015;2015-12-19T00:07:52Z;3899097121;163.623.972;395.685.264;
SPEZZANO DELLA SILA;COSENZA;Calabria;;2012;2012-08-01T19:38:16Z;1409204635;164.468.947;393.393.086.999.999;
TORTORA;COSENZA;Calabria;;2014;2014-10-17T09:58:37Z;3134844413;157.663.483;399.174.682;
CARDINALE;CATANZARO;Calabria;;2013;2013-09-06T12:20:52Z;2448049590;163.876.753.999.999;386.430.434.999.999;
CATANZARO;CATANZARO;Calabria;Birreria degli Amici;2012;2012-06-19T17:41:08Z;1794718110;166.281.712;38.827.547;
CATANZARO;CATANZARO;Calabria;Tonnina's;2012;2012-05-28T21:10:14Z;1768996508;166.085.537.999.999;388.189.967;
CROPANI;CATANZARO;Calabria;;2014;2014-04-17T20:22:36Z;2797613951;168.134.395;389.250.294;
MAIDA;CATANZARO;Calabria;Il Ritrovo;2015;2015-03-15T18:22:33Z;2585754358;164.065.115;38.888.862;
SOVERIA MANNELLI;CATANZARO;Calabria;Tirabusciò;2015;2015-02-19T22:25:13Z;3360303158;163.710.968;390.837.458;
TAVERNA;CATANZARO;Calabria;;2012;2012-12-03T17:33:16Z;2048418373;165.832.723.999.999;390.210.937;
LAMEZIA TERME;CATANZARO;Calabria;Henry Morgan;2015;2015-10-20T22:05:12Z;3796219338;162.234.152.999.999;389.246.357.999.999;
LAMEZIA TERME;CATANZARO;Calabria;Mary's Pub;2015;2015-11-04T16:55:02Z;3817523360;162.527.846.999.999;389.215.751.999.999;
LAMEZIA TERME;CATANZARO;Calabria;Officine Sonore;2014;2014-11-05T15:50:10Z;3164656292;163.203.208.999.999;389.755.429;
CAULONIA;CITTA' METROPOLITANA DI REGGIO CALABRIA;Calabria;106 Street;2015;2015-03-07T19:31:30Z;3388094039;164.666.807;383.438.759;
POLISTENA;CITTA' METROPOLITANA DI REGGIO CALABRIA;Calabria;;2013;2013-03-09T15:30:44Z;2192711389;160.760.396.999.999;384.066.797.999.999;
REGGIO DI CALABRIA;CITTA' METROPOLITANA DI REGGIO CALABRIA;Calabria;House of BaK;2014;2014-02-04T08:19:58Z;2653443588;156.630.754;380.650.863.999.999;
ROCCELLA IONICA;CITTA' METROPOLITANA DI REGGIO CALABRIA;Calabria;Codice Blau;2015;2015-06-13T17:15:50Z;3592648097;164.098.463.999.999;383.234.230.999.999;
STILO;CITTA' METROPOLITANA DI REGGIO CALABRIA;Calabria;Parnasso Pub;2015;2015-12-23T23:18:36Z;1345310245;164.645.255;384.752.666.999.999;
TAURIANOVA;CITTA' METROPOLITANA DI REGGIO CALABRIA;Calabria;;2011;2011-09-06T19:52:20Z;1425485887;160.055.194;383.499.369;
ALCAMO;TRAPANI;Sicilia;Alter Ego;2016;2016-01-25T21:08:31Z;3966917644;129.661.589.999.999;379.793.292;
CASTELLAMMARE DEL GOLFO;TRAPANI;Sicilia;Silos Pub;2013;2013-02-26T17:55:57Z;2175410398;128.851.606;380.288.103.999.999;
VALDERICE;TRAPANI;Sicilia;Nuovo Miramare;2012;2012-09-19T11:06:31Z;1921712062;125.949.282.999.999;380.648.405;
ISNELLO;CITTA' METROPOLITANA DI PALERMO;Sicilia;Bar delle Querce;2015;2015-09-27T12:55:56Z;3761410068;140.039.399;379.387.578.999.999;
PALERMO;CITTA' METROPOLITANA DI PALERMO;Sicilia;;2014;2014-05-03T10:15:17Z;893324931;13.355.184;381.427.139.999.999;
PALERMO;CITTA' METROPOLITANA DI PALERMO;Sicilia;champagneria;2008;2008-07-07T15:13:36Z;276929567;133.587.431.999.999;381.210.904;
PALERMO;CITTA' METROPOLITANA DI PALERMO;Sicilia;Fresco;2015;2015-04-01T13:40:56Z;269243071;133.578.741;381.310.208;
PALERMO;CITTA' METROPOLITANA DI PALERMO;Sicilia;kitsch;2008;2008-06-08T21:25:45Z;269241632;13.353.119;381.254.776.999.999;
PALERMO;CITTA' METROPOLITANA DI PALERMO;Sicilia;la Cueva;2008;2008-07-07T15:07:36Z;276928035;133.570.609;381.108.935.999.999;
PALERMO;CITTA' METROPOLITANA DI PALERMO;Sicilia;Lord Green;2008;2008-06-06T00:00:38Z;267676150;13.352.722;381.258.922.999.999;
PALERMO;CITTA' METROPOLITANA DI PALERMO;Sicilia;mango;2008;2008-06-08T21:26:01Z;269241640;133.526.469.999.999;381.255.249;
PALERMO;CITTA' METROPOLITANA DI PALERMO;Sicilia;Santa Monica;2012;2012-02-06T16:52:01Z;268842048;133.535.314;38.126.448;
PALERMO;CITTA' METROPOLITANA DI PALERMO;Sicilia;volo;2008;2008-05-31T16:34:21Z;267696384;133.546.294;381.257.032.999.999;
PALERMO;CITTA' METROPOLITANA DI PALERMO;Sicilia;whisky;2008;2008-06-08T21:25:49Z;269241275;133.526.384;381.244.176;
POLLINA;CITTA' METROPOLITANA DI PALERMO;Sicilia;Hi Tech Bar/Pub;2013;2013-04-13T13:08:40Z;2264288535;141.621.869.999.999;380.197.715.999.999;
TERMINI IMERESE;CITTA' METROPOLITANA DI PALERMO;Sicilia;Kalos Drink Bar - Restaurant;2014;2014-07-04T07:35:00Z;2947235835;136.974.938;379.894.042.999.999;
TERMINI IMERESE;CITTA' METROPOLITANA DI PALERMO;Sicilia;Sunset - DiscoPub;2014;2014-07-04T07:36:56Z;2947235567;137.038.467;379.904.511;
BARCELLONA POZZO DI GOTTO;CITTA' METROPOLITANA DI MESSINA;Sicilia;The Moonlight;2015;2015-12-28T16:38:16Z;3914892218;152.144.774;381.482.345;
LENI;CITTA' METROPOLITANA DI MESSINA;Sicilia;Miro;2012;2012-10-13T18:54:05Z;1963189303;148.278.662;385.480.767.999.999;
LENI;CITTA' METROPOLITANA DI MESSINA;Sicilia;Pa.Pe.Ro';2015;2015-07-08T22:32:53Z;1963189308;148.278.692;385.476.456;
MALFA;CITTA' METROPOLITANA DI MESSINA;Sicilia;Malvasia Cafe;2014;2014-07-01T21:01:05Z;1964965505;148.360.936.999.999;385.785.242.999.999;
MESSINA;CITTA' METROPOLITANA DI MESSINA;Sicilia;Docker's;2014;2014-11-18T14:30:16Z;3193787719;155.568.913;381.904.897;
MESSINA;CITTA' METROPOLITANA DI MESSINA;Sicilia;Il Buongustaio;2013;2013-11-08T14:52:35Z;2524330216;155.503.497;381.797.356;
MESSINA;CITTA' METROPOLITANA DI MESSINA;Sicilia;Paladine Pub;2015;2015-10-04T12:38:14Z;3771724355;155.558.643;381.975.713;
MESSINA;CITTA' METROPOLITANA DI MESSINA;Sicilia;Rowenta;2012;2012-08-30T17:11:45Z;1890229975;156.090.278.999.999;382.595.008.999.999;
MESSINA;CITTA' METROPOLITANA DI MESSINA;Sicilia;The Duck;2014;2014-11-07T21:21:23Z;3173286395;15.552.529;381.862.667.999.999;
MILAZZO;CITTA' METROPOLITANA DI MESSINA;Sicilia;Bukowski;2015;2015-08-15T14:19:50Z;2517575577;15.242.614;382.210.149;
MILAZZO;CITTA' METROPOLITANA DI MESSINA;Sicilia;Hangover;2014;2014-04-14T16:34:19Z;2790766294;15.242.485;382.270.702;
MILAZZO;CITTA' METROPOLITANA DI MESSINA;Sicilia;Hemingway;2014;2014-04-05T17:07:19Z;2770166823;152.433.219;382.300.642;
MILAZZO;CITTA' METROPOLITANA DI MESSINA;Sicilia;Il Borgo;2015;2015-10-29T11:40:01Z;3808228406;152.430.768;38.229.773;
MILAZZO;CITTA' METROPOLITANA DI MESSINA;Sicilia;Il Terrone;2014;2014-06-03T09:31:33Z;2896829017;152.426.046;382.281.763;
MILAZZO;CITTA' METROPOLITANA DI MESSINA;Sicilia;Phil;2015;2015-09-15T09:57:48Z;2794781121;152.429.184;382.220.376;
MILAZZO;CITTA' METROPOLITANA DI MESSINA;Sicilia;Picnic;2013;2013-12-30T14:17:00Z;2601216091;152.399.433;382.189.975;
NOVARA DI SICILIA;CITTA' METROPOLITANA DI MESSINA;Sicilia;Slàìnte;2013;2013-11-01T21:16:41Z;2516702877;151.296.433;380.149.997.999.999;
SAN FILIPPO DEL MELA;CITTA' METROPOLITANA DI MESSINA;Sicilia;Fermento Pub;2012;2012-11-02T15:20:53Z;1993805130;152.612.013.999.999;381.760.492;
SANTA MARINA SALINA;CITTA' METROPOLITANA DI MESSINA;Sicilia;Da Alfredo;2015;2015-08-24T05:37:02Z;1964965362;148.700.579;385.391.552.999.999;
SANTO STEFANO DI CAMASTRA;CITTA' METROPOLITANA DI MESSINA;Sicilia;Approdo del Duca;2013;2013-01-04T18:06:42Z;1113051241;143.443.956;380.187.546;
TAORMINA;CITTA' METROPOLITANA DI MESSINA;Sicilia;Time Out;2015;2015-10-08T20:09:04Z;3778713551;152.894.196;378.550.315.999.999;
CIANCIANA;AGRIGENTO;Sicilia;Pub;2013;2013-08-23T20:09:35Z;2429460228;134.316.609;375.229.626;
GELA;CALTANISSETTA;Sicilia;B Cool;2014;2014-11-29T12:38:00Z;3051558253;142.284.568.999.999;370.725.917.999.999;
NISCEMI;CALTANISSETTA;Sicilia;Pub Basquiat;2014;2014-01-13T08:08:21Z;2194121804;143.831.983;371.450.676.999.999;
NISCEMI;CALTANISSETTA;Sicilia;Pub Kaos;2013;2013-03-10T11:59:38Z;2194128182;143.826.807;371.456.664;
CATANIA;CITTA' METROPOLITANA DI CATANIA;Sicilia;The Viking;2013;2013-07-30T14:36:15Z;1650211366;15.052.723;375.503.818.999.999;
GIARRE;CITTA' METROPOLITANA DI CATANIA;Sicilia;Pub Bonadies;2012;2012-11-08T15:16:38Z;2002707006;151.831.911;377.270.913.999.999;
GRAVINA DI CATANIA;CITTA' METROPOLITANA DI CATANIA;Sicilia;Albatros;2008;2008-11-16T01:10:19Z;312410928;150.597.163;375.637.204;
VIAGRANDE;CITTA' METROPOLITANA DI CATANIA;Sicilia;Giaca;2014;2014-02-18T10:35:57Z;2678543290;15.099.024;376.110.213.999.999;
COMISO;RAGUSA;Sicilia;Lucky Luke;2010;2010-12-09T00:52:04Z;1028937513;145.847.558.999.999;370.237.723.999.999;
COMISO;RAGUSA;Sicilia;Sud;2015;2015-12-23T11:43:06Z;1033405836;145.998.266.999.999;369.525.823;
MODICA;RAGUSA;Sicilia;Falucio Bar;2012;2012-12-08T16:06:33Z;2056096907;148.254.147;369.214.400.999.999;
RAGUSA;RAGUSA;Sicilia;;2014;2014-12-08T23:26:06Z;3225780745;147.465.925;369.255.613.999.999;
RAGUSA;RAGUSA;Sicilia;;2015;2015-12-08T20:38:14Z;3883933864;147.462.532;369.257.288;
RAGUSA;RAGUSA;Sicilia;;2015;2015-12-08T20:38:14Z;3883933868;14.745.409;369.252.967.999.999;
RAGUSA;RAGUSA;Sicilia;Margarita;2013;2013-04-16T23:10:17Z;2270095998;14.558.642;367.820.218;
SANTA CROCE CAMERINA;RAGUSA;Sicilia;Piccola Oasi;2015;2015-12-22T16:13:50Z;2146960987;144.939.301.999.999;367.872.204.999.999;
AVOLA;SIRACUSA;Sicilia;Chiosco Bar;2013;2013-03-09T18:03:12Z;2192977739;151.398.466;369.110.068.999.999;
LENTINI;SIRACUSA;Sicilia;Jox Pub;2012;2012-11-06T13:23:42Z;1999980510;14.919.157;374.105.342;
NOTO;SIRACUSA;Sicilia;Rosa dei Venti;2012;2012-12-13T12:13:05Z;2064722907;150.713.053;368.977.093.999.999;
PACHINO;SIRACUSA;Sicilia;La Balata;2015;2015-03-26T22:12:54Z;475867002;151.191.014;367.413.596;
PORTOPALO DI CAPO PASSERO;SIRACUSA;Sicilia;Bar dello Sport;2012;2012-12-07T14:57:21Z;2054444118;151.333.821;366.807.858.999.999;
ALGHERO;SASSARI;Sardegna;;2010;2010-11-03T18:54:18Z;596583602;816.081.999.999.999;405.759.766.999.999;
ALGHERO;SASSARI;Sardegna;L'Arca Music Bar;2011;2011-07-06T17:34:29Z;1350624283;83.158.336;405.542.817.999.999;
OSILO;SASSARI;Sardegna;Sonik Disco Pub;2013;2013-03-12T17:16:56Z;2198013793;86.693.658;407.440.562;
SASSARI;SASSARI;Sardegna;;2012;2012-12-12T16:12:33Z;2063361524;85.748.317;407.244.148.999.999;
SASSARI;SASSARI;Sardegna;Birreria Torre Tonda;2015;2015-11-21T07:28:32Z;3848494339;85.605.408;407.243.738;
SASSARI;SASSARI;Sardegna;BNO;2014;2014-08-09T06:18:33Z;3006194733;85.611.943;407.279.612;
SASSARI;SASSARI;Sardegna;Pub Gambrinus;2013;2013-05-09T11:45:56Z;2296924288;85.644.673;407.299.543;
SEDINI;SASSARI;Sardegna;pub;2013;2013-09-17T19:19:19Z;2049158790;88.154.289;408.514.209;
SENNORI;SASSARI;Sardegna;Pub;2012;2012-12-10T20:32:18Z;2060582099;85.922.791;407.879.683.999.999;
VALLEDORIA;SASSARI;Sardegna;La Botte;2012;2012-08-27T20:05:01Z;1885880865;88.231.927;409.286.889.999.999;
MACOMER;NUORO;Sardegna;;2012;2012-03-01T00:25:47Z;1653751588;87.746.257;402.681.900.999.999;
ASSEMINI;CAGLIARI;Sardegna;Il Filotto;2015;2015-10-10T09:53:25Z;3780635399;900.645.259.999.999;392.851.061;
ASSEMINI;CAGLIARI;Sardegna;Il Filotto;2015;2015-10-10T09:53:25Z;3780635399;900.645.259.999.999;392.851.061;
ASSEMINI;CAGLIARI;Sardegna;Phoenix Pub;2015;2015-10-10T09:56:14Z;3780632833;90.068.737;392.854.900.999.999;
ASSEMINI;CAGLIARI;Sardegna;Phoenix Pub;2015;2015-10-10T09:56:14Z;3780632833;90.068.737;392.854.900.999.999;
CAGLIARI;CAGLIARI;Sardegna;Beer Garden;2016;2016-01-22T13:26:52Z;2524303014;91.117.234;392.165.229;
CAGLIARI;CAGLIARI;Sardegna;Beer Garden;2016;2016-01-22T13:26:52Z;2524303014;91.117.234;392.165.229;
CAGLIARI;CAGLIARI;Sardegna;Beer Garden;2016;2016-01-22T13:26:52Z;2524303014;91.117.234;392.165.229;
CAGLIARI;CAGLIARI;Sardegna;Birra e dintorni;2013;2013-12-16T13:45:36Z;2455186561;911.368.459.999.999;392.182.289;
CAGLIARI;CAGLIARI;Sardegna;Birra e dintorni;2013;2013-12-16T13:45:36Z;2455186561;911.368.459.999.999;392.182.289;
CAGLIARI;CAGLIARI;Sardegna;Birra e dintorni;2013;2013-12-16T13:45:36Z;2455186561;911.368.459.999.999;392.182.289;
CAGLIARI;CAGLIARI;Sardegna;Birroteca Al Merlo Parlante;2013;2013-10-22T14:26:45Z;2468562412;91.104.594;392.186.071;
CAGLIARI;CAGLIARI;Sardegna;Birroteca Al Merlo Parlante;2013;2013-10-22T14:26:45Z;2468562412;91.104.594;392.186.071;
CAGLIARI;CAGLIARI;Sardegna;Birroteca Al Merlo Parlante;2013;2013-10-22T14:26:45Z;2468562412;91.104.594;392.186.071;
CAGLIARI;CAGLIARI;Sardegna;Donegal;2013;2013-11-27T13:37:36Z;2554213161;910.789.059.999.999;392.182.778.999.999;
CAGLIARI;CAGLIARI;Sardegna;Donegal;2013;2013-11-27T13:37:36Z;2554213161;910.789.059.999.999;392.182.778.999.999;
CAGLIARI;CAGLIARI;Sardegna;Donegal;2013;2013-11-27T13:37:36Z;2554213161;910.789.059.999.999;392.182.778.999.999;
CAGLIARI;CAGLIARI;Sardegna;Il Vespaio;2014;2014-09-23T23:03:22Z;3093280828;91.131.555;392.157.117;
CAGLIARI;CAGLIARI;Sardegna;Il Vespaio;2014;2014-09-23T23:03:22Z;3093280828;91.131.555;392.157.117;
CAGLIARI;CAGLIARI;Sardegna;Il Vespaio;2014;2014-09-23T23:03:22Z;3093280828;91.131.555;392.157.117;
CAGLIARI;CAGLIARI;Sardegna;Republik;2014;2014-09-23T23:03:22Z;3093285329;91.142.787;392.163.077;
CAGLIARI;CAGLIARI;Sardegna;Republik;2014;2014-09-23T23:03:22Z;3093285329;91.142.787;392.163.077;
CAGLIARI;CAGLIARI;Sardegna;Republik;2014;2014-09-23T23:03:22Z;3093285329;91.142.787;392.163.077;
CAGLIARI;CAGLIARI;Sardegna;Rex Fox;2015;2015-02-22T09:07:26Z;3365418280;91.198.039;392.249.924.999.999;
CAGLIARI;CAGLIARI;Sardegna;Rex Fox;2015;2015-02-22T09:07:26Z;3365418280;91.198.039;392.249.924.999.999;
CAGLIARI;CAGLIARI;Sardegna;Rex Fox;2015;2015-02-22T09:07:26Z;3365418280;91.198.039;392.249.924.999.999;
NURAMINIS;CAGLIARI;Sardegna;Novanta gradi;2013;2013-12-31T14:42:05Z;2603332838;90.122.631;394.419.976;
PULA;CAGLIARI;Sardegna;Coki Bar;2015;2015-05-19T23:23:23Z;3529411765;90.016.271;390.062.617.999.999;
PULA;CAGLIARI;Sardegna;Coki Bar;2015;2015-05-19T23:23:23Z;3529411765;90.016.271;390.062.617.999.999;
SINNAI;CAGLIARI;Sardegna;Il Bazar;2008;2008-11-24T22:39:59Z;314063179;9.197.443;392.990.238;
SINNAI;CAGLIARI;Sardegna;Il Bazar;2008;2008-11-24T22:39:59Z;314063179;9.197.443;392.990.238;
SINNAI;CAGLIARI;Sardegna;Jaco Pub;2013;2013-11-01T13:31:04Z;317938569;919.559.319.999.999;393.038.500.999.999;
SINNAI;CAGLIARI;Sardegna;Jaco Pub;2013;2013-11-01T13:31:04Z;317938569;919.559.319.999.999;393.038.500.999.999;
VILLASOR;CAGLIARI;Sardegna;;2011;2011-12-30T10:40:56Z;1569007201;89.554.772;393.470.342.999.999;
CASARSA DELLA DELIZIA;PORDENONE;Friuli-Venezia Giulia;Agli Amici;2010;2010-01-03T21:29:54Z;603930501;128.424.330.999.999;459.556.213.999.999;
CASARSA DELLA DELIZIA;PORDENONE;Friuli-Venezia Giulia;Birreria Da Lores;2013;2013-02-21T20:19:47Z;709976793;128.407.486;459.583.231;
CASARSA DELLA DELIZIA;PORDENONE;Friuli-Venezia Giulia;Real Cerveceria;2013;2013-03-16T13:00:37Z;987707322;128.351.932;459.580.987;
CORDENONS;PORDENONE;Friuli-Venezia Giulia;Snoopy Pub;2013;2013-02-19T07:59:48Z;2162292029;127.031.484.999.999;45.995.455;
FANNA;PORDENONE;Friuli-Venezia Giulia;Friends;2010;2010-06-02T20:35:39Z;762701085;127.542.351;46.187.325;
FANNA;PORDENONE;Friuli-Venezia Giulia;Vanich Bar;2010;2010-06-02T20:35:39Z;762701083;127.536.825.999.999;461.869.833;
FIUME VENETO;PORDENONE;Friuli-Venezia Giulia;Birreria Mondial;2013;2013-12-30T18:00:15Z;2601556166;127.567.612;459.182.344;
FIUME VENETO;PORDENONE;Friuli-Venezia Giulia;Rudy's Pub;2014;2014-01-04T13:30:33Z;2609314498;127.537.619;459.413.369;
FONTANAFREDDA;PORDENONE;Friuli-Venezia Giulia;Puerto escondido;2015;2015-12-27T20:39:26Z;3913349863;125.763.896;459.706.485.999.999;
FONTANAFREDDA;PORDENONE;Friuli-Venezia Giulia;Snitz;2011;2011-10-05T13:37:36Z;1455935735;12.570.484;459.725.188;
PASIANO DI PORDENONE;PORDENONE;Friuli-Venezia Giulia;Cafè PM;2014;2014-03-04T17:38:46Z;1725944994;126.082.949;458.982.292;
PORDENONE;PORDENONE;Friuli-Venezia Giulia;King's Pub Army;2013;2013-05-28T07:55:51Z;2322832072;126.368.373.999.999;459.656.522;
PORDENONE;PORDENONE;Friuli-Venezia Giulia;Pixie;2014;2014-05-20T17:19:34Z;2322531313;126.466.436;459.546.956;
PRATA DI PORDENONE;PORDENONE;Friuli-Venezia Giulia;al bivio;2012;2012-02-23T23:50:49Z;1645053868;125.891.263;459.036.028;
ROVEREDO IN PIANO;PORDENONE;Friuli-Venezia Giulia;Le streghe;2011;2011-07-03T23:26:55Z;1254611297;126.216.179;460.088.943;
SACILE;PORDENONE;Friuli-Venezia Giulia;Birreria Sacro Graal;2015;2015-08-14T09:31:17Z;3314480651;1.249.517;459.532;
SAN VITO AL TAGLIAMENTO;PORDENONE;Friuli-Venezia Giulia;Cerveceria;2012;2012-08-07T10:12:38Z;508061261;128.680.175;459.198.871.999.999;
SAN VITO AL TAGLIAMENTO;PORDENONE;Friuli-Venezia Giulia;Klosterplatz;2011;2011-02-02T07:36:23Z;1132096652;128.526.948;458.958.519.999.999;
SAN VITO AL TAGLIAMENTO;PORDENONE;Friuli-Venezia Giulia;Tartans;2012;2012-08-07T10:12:36Z;508061262;128.584.688;459.181.093.999.999;
SESTO AL REGHENA;PORDENONE;Friuli-Venezia Giulia;Harley Pub;2013;2013-10-27T17:17:28Z;2510568498;12.881.766;458.521.649.999.999;
SESTO AL REGHENA;PORDENONE;Friuli-Venezia Giulia;Intercity Pub;2013;2013-10-27T17:17:28Z;2510568504;128.782.948;458.502.548;
SPILIMBERGO;PORDENONE;Friuli-Venezia Giulia;Ai Dadi;2013;2013-12-26T19:44:36Z;2324626232;129.024.713;46.108.432;
SPILIMBERGO;PORDENONE;Friuli-Venezia Giulia;Monsieur D.;2013;2013-07-30T19:14:05Z;1803706444;129.010.478;461.108.351;
TRAVESIO;PORDENONE;Friuli-Venezia Giulia;Cooper's Yard;2012;2012-08-26T15:49:33Z;1883919360;128.792.126;46.178.991;
ZOPPOLA;PORDENONE;Friuli-Venezia Giulia;;2012;2012-09-09T08:01:52Z;1906534978;127.679.928;459.626.518;
CUGLIERI;ORISTANO;Sardegna;Bar Cornus;2015;2015-05-19T23:23:27Z;1863159067;8.491.628;401.040.153;
CUGLIERI;ORISTANO;Sardegna;Ghibli Pub;2013;2013-11-02T14:15:02Z;2517405187;85.675.614;401.895.096;
GHILARZA;ORISTANO;Sardegna;New Morning Pub;2016;2016-02-19T14:34:41Z;3349773347;883.381.209.999.999;401.194.692.999.999;
NARBOLIA;ORISTANO;Sardegna;Caffè Bar Pizzeria Marcello;2015;2015-09-10T11:34:07Z;1577007522;8.573.962;400.470.562;
ORISTANO;ORISTANO;Sardegna;Sam House Pub;2015;2015-02-02T18:57:49Z;3275215737;85.933.375;399.050.028.999.999;
PAULILATINO;ORISTANO;Sardegna;Peach Pet;2012;2012-12-08T17:28:00Z;2031537612;87.617.104;400.853.881;
TERRALBA;ORISTANO;Sardegna;;2013;2013-09-05T08:03:09Z;2041714581;86.369.674;397.228.069;
TERRALBA;ORISTANO;Sardegna;Bar Aurora;2013;2013-07-24T06:49:08Z;2334478311;862.798.349.999.999;397.285.091.999.999;
BOSA;ORISTANO;Sardegna;;2014;2014-04-19T20:19:46Z;2802060994;849.675.779.999.999;402.927.474;
GENONI;ORISTANO;Sardegna;Delirium Caffe;2015;2015-05-19T23:23:23Z;3529411764;90.066.684;397.929.606;
CREVACUORE;BIELLA;Piemonte;Dragon Pub;2013;2013-05-18T22:03:10Z;2209244396;8.249.089;456.808.713;
GAGLIANICO;BIELLA;Piemonte;Wood Pub;2014;2014-03-04T14:33:36Z;2701336992;8.074.982;455.321.513;
VIGLIANO BIELLESE;BIELLA;Piemonte;Holywood Pub;2013;2013-08-29T13:22:11Z;2437095770;81.103.383;455.641.761.999.999;
VIGLIANO BIELLESE;BIELLA;Piemonte;Ned Kelly Australian Pub;2013;2013-06-10T17:11:04Z;873829719;81.080.956;455.623.933.999.999;
CREMENO;LECCO;Lombardia;La Stube;2013;2013-03-29T09:24:14Z;1857878999;94.720.434;459.353.319;
GALBIATE;LECCO;Lombardia;Herba Monstrum;2014;2014-12-11T11:25:22Z;3229583269;93.946.627;458.454.473.999.999;
LECCO;LECCO;Lombardia;The Shamrock Irish Pub;2015;2015-06-25T06:57:45Z;3362137781;93.873.151;458.564.919;
MALGRATE;LECCO;Lombardia;;2013;2013-06-11T11:06:11Z;2340403681;93.766.459;458.517.174.999.999;
MALGRATE;LECCO;Lombardia;;2013;2013-06-11T11:06:11Z;2340403687;9.375.455;458.523.676;
OLGINATE;LECCO;Lombardia;Gleeson's;2010;2010-11-26T20:18:06Z;1005628140;94.243.476;457.829.878;
CASALPUSTERLENGO;LODI;Lombardia;Stube;2013;2013-07-17T15:55:45Z;849768971;964.697.939.999.999;451.781.301.999.999;
CAVENAGO D'ADDA;LODI;Lombardia;Senso Unico;2015;2015-03-04T22:47:34Z;310741920;95.717.315;452.845.979;
LODI;LODI;Lombardia;Bridge;2015;2015-03-04T23:22:20Z;3383747743;9.507.698;453.176.685.999.999;
LODI;LODI;Lombardia;The Wellington Pub;2015;2015-10-28T15:51:30Z;571173803;95.106.983;453.211.617.999.999;
SANT'ANGELO LODIGIANO;LODI;Lombardia;;2014;2014-01-20T14:25:30Z;2629882256;94.227.384;452.500.368.999.999;
RIMINI;RIMINI;Emilia-Romagna;Caffè letterario Assenzio;2010;2010-05-17T09:19:16Z;737216446;125.608.204;440.561;
PRATO;PRATO;Toscana;Ben Nevis;2011;2011-04-19T11:03:20Z;1251045106;111.075.357;438.611.677.999.999;
PRATO;PRATO;Toscana;Camelot Pub;2012;2012-03-15T09:20:38Z;1675555402;110.918.546;439.082.684.999.999;
PRATO;PRATO;Toscana;Dammi un bacino;2012;2012-05-30T16:45:46Z;1770579427;111.001.090.999.999;438.954.776;
PRATO;PRATO;Toscana;Doors;2012;2012-05-31T17:07:07Z;1771627166;111.012.562.999.999;438.813.997.999.999;
PRATO;PRATO;Toscana;Fox Inn;2014;2014-12-05T10:59:26Z;1769311763;11.107.091;438.721.831;
PRATO;PRATO;Toscana;Guinness Ozne;2012;2012-10-17T11:36:35Z;1252207326;110.992.921;438.805.938;
PRATO;PRATO;Toscana;Hashtag;2014;2014-11-26T12:40:20Z;1744458075;111.030.669.999.999;438.794.436;
PRATO;PRATO;Toscana;Hop Store;2014;2014-12-04T21:13:02Z;1675551283;111.013.626.999.999;438.897.820.999.999;
PRATO;PRATO;Toscana;Mostodolce;2012;2012-09-15T10:41:36Z;1915159436;111.007.397;438.776.435.999.999;
PRATO;PRATO;Toscana;New Life Club;2016;2016-01-05T00:33:14Z;3927949669;11.100.388;438.883.967;
PRATO;PRATO;Toscana;NotteTempo;2012;2012-09-10T11:05:11Z;1744458088;111.034.009;438.797.365;
PRATO;PRATO;Toscana;Pixie;2012;2012-09-15T10:41:36Z;1915159438;110.941.888;438.764.925.999.999;
PRATO;PRATO;Toscana;Struttura Birra;2013;2013-12-01T11:04:00Z;2526102570;11.099.513;438.754.475;
PRATO;PRATO;Toscana;Wallace Pub;2012;2012-08-18T12:19:33Z;1871256478;11.100.495;438.809.663.999.999;
CROTONE;CROTONE;Calabria;Aleph;2013;2013-09-30T14:39:30Z;2462702162;171.253.256;39.077.953;
CROTONE;CROTONE;Calabria;Beer & Wine Shop;2015;2015-03-16T11:49:06Z;1818960395;171.317.483;390.776.642;
CROTONE;CROTONE;Calabria;Birreria Barkollo;2014;2014-12-18T16:29:13Z;3226745893;171.328.883;390.824.926;
CROTONE;CROTONE;Calabria;Bounty Pub;2014;2014-05-01T08:42:47Z;2828442171;171.336.528;390.794.629.999.999;
CROTONE;CROTONE;Calabria;Ibis Pub;2014;2014-01-29T11:19:39Z;1307004829;171.345.628;390.801.629.999.999;
CROTONE;CROTONE;Calabria;La Drummeria;2012;2012-08-20T22:40:47Z;1407850577;171.282.538;390.824.712;
CROTONE;CROTONE;Calabria;Le Cento Città;2012;2012-04-10T08:31:35Z;1709711177;171.237.143;390.838.112;
CROTONE;CROTONE;Calabria;Long Beach;2014;2014-06-16T14:11:54Z;1306971918;171.295.465;390.741.215.999.999;
CROTONE;CROTONE;Calabria;Sax Disco Pub;2013;2013-12-17T11:33:20Z;1306971985;171.306.100.999.999;390.677.744.999.999;
ISOLA DI CAPO RIZZUTO;CROTONE;Calabria;;2015;2015-06-26T21:17:27Z;3620781947;170.224.012;389.094.297.999.999;
ISOLA DI CAPO RIZZUTO;CROTONE;Calabria;Il Covo di Uccialì;2014;2014-03-21T14:26:00Z;2326725753;170.250.276;38.913.176;
ISOLA DI CAPO RIZZUTO;CROTONE;Calabria;La Ruota;2015;2015-06-26T21:17:31Z;2883611606;170.233.375;389.075.042.999.999;
CANNOBIO;VERBANIA;Piemonte;;2009;2009-06-03T08:37:25Z;415272081;869.774.849.999.999;460.606.488.999.999;
COSSOGNO;VERBANIA;Piemonte;;2009;2009-08-18T17:05:49Z;470371447;84.917.295;460.031.717;
DRUOGNO;VERBANIA;Piemonte;Hook;2015;2015-01-08T18:40:15Z;3254975163;84.374.038;461.346.802.999.999;
MACUGNAGA;VERBANIA;Piemonte;Jager bar;2013;2013-09-05T07:42:07Z;885565360;79.680.094;459.685.078.999.999;
MERGOZZO;VERBANIA;Piemonte;King;2013;2013-05-11T16:05:29Z;2299811413;84.461.955;459.613.623.999.999;
OGGEBBIO;VERBANIA;Piemonte;;2012;2012-06-30T11:09:30Z;1807078781;86.483.167;459.911.506.999.999;
OGGEBBIO;VERBANIA;Piemonte;Bar Hemmingway;2012;2012-06-30T18:50:35Z;1807879499;865.643;459.993.428;
OMEGNA;VERBANIA;Piemonte;;2009;2009-08-09T07:44:22Z;459456011;84.095.755;4.587.561;
ORNAVASSO;VERBANIA;Piemonte;Beba;2010;2010-10-13T11:53:52Z;946573092;84.149.372;459.698.068;
ORNAVASSO;VERBANIA;Piemonte;Estabì;2015;2015-11-25T14:42:19Z;973033616;84.244.272;459.574.275;
QUARNA SOPRA;VERBANIA;Piemonte;Bar Sport;2014;2014-11-16T16:47:14Z;459258496;83.723.987;458.731.876;
VARZO;VERBANIA;Piemonte;Baby Bar;2009;2009-07-27T13:06:11Z;448941809;82.508.963;462.061.853;
VARZO;VERBANIA;Piemonte;Bar Centro;2009;2009-07-27T13:06:12Z;448941821;82.548.057;462.066.227.999.999;
VERBANIA;VERBANIA;Piemonte;;2012;2012-12-05T17:28:43Z;324762721;85.783.542;459.397.887;
VERBANIA;VERBANIA;Piemonte;Bar Sport;2015;2015-08-20T08:52:41Z;3706225660;85.418.521;459.294.908;
VERBANIA;VERBANIA;Piemonte;La Rosa Bianca;2014;2014-07-10T20:30:53Z;2299813054;85.754.903;459.371.184.999.999;
VERBANIA;VERBANIA;Piemonte;O'Connors;2015;2015-07-27T06:10:15Z;3668062164;857.357.919.999.999;459.396.555;
VERBANIA;VERBANIA;Piemonte;Simplon;2013;2013-05-11T16:06:08Z;2299813057;8.549.564;459.216.835;
BUDONI;OLBIA-TEMPIO;Sardegna;Coco's;2012;2012-02-01T00:50:11Z;1613783355;97.083.599;407.403.163.999.999;
OSCHIRI;OLBIA-TEMPIO;Sardegna;;2013;2013-01-29T20:15:24Z;2134126081;91.014.164;407.187.132.999.999;
PALAU;OLBIA-TEMPIO;Sardegna;Bar Palau;2015;2015-05-19T23:23:23Z;3529411767;93.666.601;411.758.348.999.999;
SANTA TERESA GALLURA;OLBIA-TEMPIO;Sardegna;;2013;2013-02-04T16:32:22Z;2141525016;92.789.728;411.675.054.999.999;
SANTA TERESA GALLURA;OLBIA-TEMPIO;Sardegna;Caffe Conti;2016;2016-02-12T19:09:22Z;4003077887;91.905.056;412.418.508;
ARBUS;MEDIO CAPIDANO;Sardegna;Bar Pizzeria da Peppe;2015;2015-05-19T23:23:28Z;3528511908;860.418.179.999.999;395.284.245;
BARUMINI;MEDIO CAPIDANO;Sardegna;Central Bar;2015;2015-05-12T15:48:58Z;3512654370;900.108.769.999.999;397.034.524;
TUILI;MEDIO CAPIDANO;Sardegna;Bar Sa Giara;2010;2010-10-15T20:52:49Z;950771802;8.960.578;397.145.669;
IGLESIAS;CARBONIA IGLESIAS;Sardegna;Birroteca;2015;2015-03-24T23:53:11Z;3416797370;85.359.285;393.133.357.999.999;
NARCAO;CARBONIA IGLESIAS;Sardegna;Blues Bar;2015;2015-05-19T23:23:27Z;3528511937;86.741.819;391.668.747;
ALBIATE;MONZA-BRIANZA;Lombardia;Pelekas Pub Pizzeria;2015;2015-08-09T16:15:51Z;2652661114;92.545.826;45.658.253;
ARCORE;MONZA-BRIANZA;Lombardia;;2012;2012-01-27T20:00:52Z;1607772893;93.225.652;456.250.915;
BARLASSINA;MONZA-BRIANZA;Lombardia;Alexanderplatz;2014;2014-08-27T21:26:34Z;3046489012;913.129.859.999.999;456.536.455.999.999;
BARLASSINA;MONZA-BRIANZA;Lombardia;Osteria Garibaldi;2010;2010-11-02T20:29:14Z;814777074;91.091.733;456.468.908;
BESANA IN BRIANZA;MONZA-BRIANZA;Lombardia;Stregatto;2012;2012-02-22T14:41:58Z;1518094882;9.271.016;456.902.127.999.999;
BIASSONO;MONZA-BRIANZA;Lombardia;Park Café;2014;2014-07-08T12:17:40Z;2301869516;92.857.165;456.305.507;
CESANO MADERNO;MONZA-BRIANZA;Lombardia;L'urlo caffè;2011;2011-12-24T11:52:48Z;1560507893;91.624.944;456.281.547;
CESANO MADERNO;MONZA-BRIANZA;Lombardia;Red Door;2014;2014-11-13T20:39:25Z;3185229531;912.301.229.999.999;456.360.888;
CESANO MADERNO;MONZA-BRIANZA;Lombardia;Slash;2014;2014-11-13T20:39:25Z;3185229538;914.569.629.999.999;456.304.530.999.999;
CONCOREZZO;MONZA-BRIANZA;Lombardia;Manzoni Pub;2016;2016-02-21T12:49:41Z;3885078727;93.312.934;455.895.751.999.999;
DESIO;MONZA-BRIANZA;Lombardia;Irrenhaus;2014;2014-08-30T08:04:29Z;3050018184;92.002.918;456.336.738.999.999;
MEDA;MONZA-BRIANZA;Lombardia;Billy's;2014;2014-08-26T22:17:30Z;3044709473;91.500.875;456.657.227;
MEDA;MONZA-BRIANZA;Lombardia;Jolly Pub;2014;2014-08-26T22:17:29Z;3044709470;91.562.635;456.632.308;
MEDA;MONZA-BRIANZA;Lombardia;Rock'n'Roll Meda;2014;2014-08-26T22:17:30Z;3044709474;91.664.758;456.570.734;
MEDA;MONZA-BRIANZA;Lombardia;Video Pub;2015;2015-02-01T09:20:21Z;3324784688;91.566.311;456.688.449.999.999;
MONZA;MONZA-BRIANZA;Lombardia;34 Strasse;2015;2015-04-25T08:07:51Z;3109442969;926.579.699.999.999;455.709.439.999.999;
MONZA;MONZA-BRIANZA;Lombardia;Birreria del Ponte;2014;2014-11-01T09:05:05Z;2559963275;928.944.579.999.999;455.885.573.999.999;
MONZA;MONZA-BRIANZA;Lombardia;Birreria La Baita;2015;2015-03-20T17:02:04Z;2518667885;92.904.593;455.922.357;
MONZA;MONZA-BRIANZA;Lombardia;Birrificio del Carrobiolo;2015;2015-02-13T18:38:25Z;3160818711;92.697.769;455.785.003;
MONZA;MONZA-BRIANZA;Lombardia;Borgo Caffè;2015;2015-02-27T15:37:28Z;2404078073;928.362.259.999.999;455.837.478.999.999;
MONZA;MONZA-BRIANZA;Lombardia;Double Rock;2015;2015-09-04T14:41:56Z;3729387137;92.842.353;455.703.195.999.999;
MONZA;MONZA-BRIANZA;Lombardia;Gulliver;2014;2014-03-29T09:22:32Z;2464414489;92.844.268;455.864.363;
MONZA;MONZA-BRIANZA;Lombardia;History Pub;2014;2014-09-05T14:34:21Z;3060982305;9.261.872.199.999.990;455.800.222;
MONZA;MONZA-BRIANZA;Lombardia;Lucky Pub;2014;2014-10-03T14:16:13Z;2388841162;92.701.867;455.785.340.999.999;
MONZA;MONZA-BRIANZA;Lombardia;Modicia's;2014;2014-10-17T15:00:21Z;2371151018;92.716.513;45.584.491;
MONZA;MONZA-BRIANZA;Lombardia;Night Fall;2015;2015-03-06T21:10:49Z;3386634987;92.595.148;455.738.998;
MONZA;MONZA-BRIANZA;Lombardia;Nirvana Pub;2015;2015-09-11T16:41:12Z;2404141223;92.843.578;455.816.042;
MONZA;MONZA-BRIANZA;Lombardia;Officine Libra;2014;2014-07-18T18:53:32Z;2466291031;928.308.039.999.999;455.732.671.999.999;
MONZA;MONZA-BRIANZA;Lombardia;Solobirra;2015;2015-02-27T15:35:30Z;3374938943;92.846.285;455.836.248.999.999;
MONZA;MONZA-BRIANZA;Lombardia;Speedy;2014;2014-06-14T08:19:21Z;2394321935;92.703.664;455.869.275;
MONZA;MONZA-BRIANZA;Lombardia;Sun Moon;2014;2014-06-20T19:30:31Z;2925120717;926.324.179.999.999;455.889.365.999.999;
MONZA;MONZA-BRIANZA;Lombardia;Tortora's Pub;2014;2014-12-19T17:21:41Z;2435752154;9.287.976;455.830.775;
MONZA;MONZA-BRIANZA;Lombardia;Tridente;2014;2014-03-29T09:22:39Z;2464414488;92.848.599;455.861.737.999.999;
MONZA;MONZA-BRIANZA;Lombardia;Woody;2015;2015-05-30T08:17:33Z;2372503593;92.795.466;455.841.424.999.999;
MUGGIO';MONZA-BRIANZA;Lombardia;"Birreria Pub """"Vecchia Brianza""""";2013;2013-10-12T15:16:00Z;1080590106;92.258.991;455.942.347;
MUGGIO';MONZA-BRIANZA;Lombardia;Public House;2014;2014-08-30T07:59:23Z;3050004493;923.172.439.999.999;455.914.162.999.999;
SEREGNO;MONZA-BRIANZA;Lombardia;Circolo ARCI Tambourine;2014;2014-08-29T11:59:21Z;3048846129;92.102.535;456.552.854.999.999;
SEREGNO;MONZA-BRIANZA;Lombardia;Heaven Door;2014;2014-08-29T07:53:45Z;3048521617;92.144.542;456.457.721;
SEREGNO;MONZA-BRIANZA;Lombardia;Old Station Pub;2014;2014-04-21T15:13:21Z;2303768328;92.032.335;45.646.501;
SEREGNO;MONZA-BRIANZA;Lombardia;Pane e trita;2015;2015-04-11T13:16:22Z;3450504976;92.164.128;456.500.581.999.999;
SEREGNO;MONZA-BRIANZA;Lombardia;The Quiet Man;2014;2014-08-29T07:53:44Z;3048521612;921.048.719.999.999;456.488.913;
VEDANO AL LAMBRO;MONZA-BRIANZA;Lombardia;Bambu Pizza Pub;2014;2014-10-11T18:04:39Z;3124304239;92.726.235;456.140.272;
VERANO BRIANZA;MONZA-BRIANZA;Lombardia;;2010;2010-01-30T10:13:31Z;622994942;922.732.429.999.999;456.812.023;
LENTATE SUL SEVESO;MONZA-BRIANZA;Lombardia;St. James' Gate;2016;2016-02-06T15:14:32Z;2245443209;911.738.809.999.999;456.772.111;
GROTTAZZOLINA;FERMO;Marche;bar moderno;2014;2014-07-18T08:10:52Z;1664500514;136.020.439.999.999;431.116.032.999.999;
PORTO SAN GIORGIO;FERMO;Marche;Mr. Magoo;2014;2014-12-03T12:48:20Z;3217302756;138.002.611;43.169.843;
BARLETTA;BARLETTA-ANDRIA-TRANI;Puglia;Country;2010;2010-01-17T16:15:07Z;615632960;162.825.782;413.207.807;
BARLETTA;BARLETTA-ANDRIA-TRANI;Puglia;Enjoy;2010;2010-01-18T12:19:15Z;616200022;162.848.961.999.999;413.198.425;
BARLETTA;BARLETTA-ANDRIA-TRANI;Puglia;Exploit;2010;2010-01-17T16:15:08Z;615632983;162.833.583;413.216.506.999.999;
BARLETTA;BARLETTA-ANDRIA-TRANI;Puglia;Fata Morgana;2012;2012-01-22T16:17:55Z;616200023;162.855.972;413.206.691.999.999;
BARLETTA;BARLETTA-ANDRIA-TRANI;Puglia;Friedrich II;2016;2016-02-18T11:00:26Z;4012443016;162.837.979;413.212.619;
BARLETTA;BARLETTA-ANDRIA-TRANI;Puglia;I Bucanieri;2012;2012-01-22T16:15:48Z;615632967;162.836.694.999.999;413.203.285;
BARLETTA;BARLETTA-ANDRIA-TRANI;Puglia;Il Birraio;2010;2010-01-17T16:15:08Z;615632991;162.850.594.999.999;413.207.843;
BARLETTA;BARLETTA-ANDRIA-TRANI;Puglia;Il Rosticciere;2010;2010-02-07T16:37:01Z;632554403;162.791.232;413.052.417;
BARLETTA;BARLETTA-ANDRIA-TRANI;Puglia;Il Tavolaccio;2012;2012-06-30T20:06:27Z;1807987421;162.738.556;413.058.047;
BARLETTA;BARLETTA-ANDRIA-TRANI;Puglia;La Gioconda;2010;2010-01-17T16:15:07Z;615632971;162.826.664;413.210.209;
BARLETTA;BARLETTA-ANDRIA-TRANI;Puglia;Notti d'Oriente;2010;2010-01-17T16:15:08Z;615632986;16.285;413.199.219.999.999;
BARLETTA;BARLETTA-ANDRIA-TRANI;Puglia;Pizzeria da Nino;2010;2010-01-17T16:15:07Z;615632964;162.826.145.999.999;413.208.709.999.999;
BARLETTA;BARLETTA-ANDRIA-TRANI;Puglia;Saint Patrick;2013;2013-02-17T14:14:42Z;615632974;162.835.849.999.999;413.209.534;
BARLETTA;BARLETTA-ANDRIA-TRANI;Puglia;San Giorgio;2010;2010-01-17T16:15:08Z;615632988;162.848.438.999.999;413.201.190.999.999;
BARLETTA;BARLETTA-ANDRIA-TRANI;Puglia;San Pietro;2010;2010-01-17T16:15:09Z;615633000;162.860.018;413.207.371;
BARLETTA;BARLETTA-ANDRIA-TRANI;Puglia;San Sebastiano;2010;2010-01-17T16:15:07Z;615632953;162.807.149;413.200.621;
BARLETTA;BARLETTA-ANDRIA-TRANI;Puglia;Santa Croce;2010;2010-01-17T16:15:08Z;615632993;162.857.822;413.206.714;
BISCEGLIE;BARLETTA-ANDRIA-TRANI;Puglia;Auld Dublin;2014;2014-03-03T20:56:16Z;2613737619;16.497.204;412.418.144.999.999;
BISCEGLIE;BARLETTA-ANDRIA-TRANI;Puglia;Ferus;2014;2014-01-07T19:22:18Z;2613737620;165.061.745;41.240.957;
TRANI;BARLETTA-ANDRIA-TRANI;Puglia;Re Artù;2009;2009-09-04T07:57:05Z;482836935;164.181.238;412.815.184.999.999;
TRANI;BARLETTA-ANDRIA-TRANI;Puglia;Well's Fargo;2009;2009-08-10T12:44:03Z;387223648;164.367.655;412.672.644;
